[18:44:18] [main/INFO]: Loading Minecraft 1.20.1 with Fabric Loader 0.16.3
[18:44:20] [ForkJoinPool-1-worker-4/WARN]: Mod netherdepthsupgrade uses the version fabric-3.1.6-1.20 which isn't compatible with Loader's extended semantic version format (Could not parse version number component 'fabric'!), SemVer is recommended for reliably evaluating dependencies and prioritizing newer version
[18:44:20] [ForkJoinPool-1-worker-3/WARN]: Mod theorcs uses the version fabric-1.20.x-1.0 which isn't compatible with Loader's extended semantic version format (Could not parse version number component 'fabric'!), SemVer is recommended for reliably evaluating dependencies and prioritizing newer version
[18:44:21] [ForkJoinPool-1-worker-2/WARN]: Mod explorify uses the version v1.4.0 which isn't compatible with Loader's extended semantic version format (Could not parse version number component 'v1'!), SemVer is recommended for reliably evaluating dependencies and prioritizing newer version
[18:44:22] [ForkJoinPool-1-worker-4/WARN]: Mod mr_dungeons_andtaverns uses the version 3.0.3.f which isn't compatible with Loader's extended semantic version format (Could not parse version number component 'f'!), SemVer is recommended for reliably evaluating dependencies and prioritizing newer version
[18:44:22] [ForkJoinPool-1-worker-4/WARN]: Mod xercapaint uses the version fabric-1.20.1-1.0.0 which isn't compatible with Loader's extended semantic version format (Could not parse version number component 'fabric'!), SemVer is recommended for reliably evaluating dependencies and prioritizing newer version
[18:44:25] [ForkJoinPool-1-worker-3/WARN]: The mod "necronomicon" contains invalid entries in its mod json:
- Unsupported root entry "credits" at line 10 column 14
[18:44:25] [ForkJoinPool-1-worker-1/WARN]: Mod glasses uses the version Fabric-1.20.1-1.2.5 which isn't compatible with Loader's extended semantic version format (Could not parse version number component 'Fabric'!), SemVer is recommended for reliably evaluating dependencies and prioritizing newer version
[18:44:26] [ForkJoinPool-1-worker-1/WARN]: Mod soaringstructures2 uses the version 1.20.1 - 2.5.1 which isn't compatible with Loader's extended semantic version format (Invalid prerelease string ' 2.5.1'!), SemVer is recommended for reliably evaluating dependencies and prioritizing newer version
[18:44:26] [main/WARN]: Warnings were found!
 - Mod 'Lovely Snails' (lovely_snails) 1.1.3+1.20.1 recommends version 0.19.1 or later of quilt_loader, which is missing!
	 - You should install version 0.19.1 or later of quilt_loader for the optimal experience.
[18:44:26] [main/INFO]: Loading 459 mods:
	- additional_rpg_jewelry 1.0.2
	   \-- com_github_zsoltmolnarrr_tinyconfig 2.3.2
	- additionalstructures 4.2.1
	- advanced_runtime_resource_pack 0.8.1
	- adventurez 1.4.20
	- alloy_forgery 2.1.2+1.20
	- amethyst_core 1.4.10+1.20.1
	   |-- common-protection-api 1.0.0
	   \-- fzzy_config 0.1.2+1.20.1
	- amplified_nether 1.2.5
	- animal_feeding_trough 1.1.0+1.20.1
	- aquamirae 6
	- archers 1.2.1+1.20.1
	- architectury 9.2.14
	- archon 0.6.2
	   |-- cardinal-components-base 5.2.2
	   |-- cardinal-components-entity 5.2.2
	   |-- omega-config 1.3.0+1.19.2
	   \-- saflib 1.1.0
	- areas 5.6
	- artifacts 9.5.6
	   |-- cardinal-components-base 5.2.2
	   |-- cardinal-components-entity 5.2.2
	   |-- expandability 9.0.4
	   \-- step-height-entity-attribute 1.2.0
	- artifality 0.6.0+1.20
	- ati_structures 1.0.0
	- attributefix 21.0.4
	- autotag-convention 2.0.2+1.20
	   \-- autotag 2.0.2+1.20
	- awesomedungeon 3.2.0
	- awesomedungeonnether 3.1.1
	- azurelib 2.0.22
	- azurelibarmor 2.0.3
	- bakery 1.1.10
	- balm-fabric 7.2.2
	- bcc 4.0.8
	- bclib 3.0.14
	   \-- wunderlib 1.1.5
	- berserker-rpg 1.0.5
	   \-- com_github_zsoltmolnarrr_tinyconfig 2.3.2
	- besmirchment 1.20.1-4
	   |-- impersonate 2.10.2
	   |    \-- fabric-permissions-api-v0 0.2-SNAPSHOT
	   |-- playerabilitylib 1.8.0
	   |-- reach-entity-attributes 2.4.0
	   \-- terraform-wood-api-v1 7.0.3
	- betterarcheology 1.1.9-1.20.1
	- bettercombat 1.8.5+1.20.1
	- betterdeserttemples 1.20-Fabric-3.0.3
	   \-- org_reflections_reflections 0.10.2
	- betterdungeons 1.20-Fabric-4.0.4
	- betterend 4.0.11
	- betterfortresses 1.20-Fabric-2.0.6
	- betterjungletemples 1.20-Fabric-2.0.5
	- bettermineshafts 1.20-Fabric-4.0.4
	- betternether 9.0.10
	- betteroceanmonuments 1.20-Fabric-3.0.4
	- betterstats 3.9.7+fabric-1.20.1
	   \-- tcdcommons 3.9.6+fabric-1.20.1
	- betterstrongholds 1.20-Fabric-4.0.3
	- betterwitchhuts 1.20-Fabric-3.0.3
	- bewitchment 1.20-8
	   |-- impersonate 2.10.2
	   |    \-- fabric-permissions-api-v0 0.2-SNAPSHOT
	   |-- playerabilitylib 1.8.0
	   |-- reach-entity-attributes 2.4.0
	   \-- terraform-wood-api-v1 7.0.3
	- blabber 1.5.1-mc1.20.1
	   \-- fabric-permissions-api-v0 0.2-SNAPSHOT
	- blahaj 0.3.2
	- blossom 1.0.7
	- bno 9.1.1
	   \-- fiber 0.23.0-2
	- bookshelf 20.1.10
	- bosses_of_mass_destruction 1.7.5-1.20.1
	   |-- maelstrom_library 1.6.1-1.20
	   \-- multipart_entities 1.5-1.20
	- bountiful 6.0.3+1.20.1
	- brutalbosses 1.20.1-6.9
	- bwncr 3.17.0
	- bygonenether 1.3.2
	- bypass_anvil_restriction 1.0.7+1.20.1
	   |-- ch_skyfy_tomlconfiglib_toml-config-lib 1.0.4
	   |-- io_github_microutils_kotlin-logging-jvm 3.0.5
	   \-- net_peanuuutz_tomlkt-jvm 0.2.0
	- cardinal-components 5.2.2
	   |-- cardinal-components-block 5.2.2
	   |-- cardinal-components-chunk 5.2.2
	   |-- cardinal-components-item 5.2.2
	   |-- cardinal-components-level 5.2.2
	   |-- cardinal-components-scoreboard 5.2.2
	   \-- cardinal-components-world 5.2.2
	- castle_dungeons 4.0.0
	- chas 1.20
	- chimes 2.0.1
	- chunky 1.3.146
	- cicada 0.7.1+1.20.1
	- cloth-config 11.1.118
	   \-- cloth-basic-math 0.6.1
	- clumps 12.0.0.4
	- clutter 1.20-0.5.8
	- collective 7.60
	- combatroll 1.3.2+1.20.1
	- comforts 6.3.5+1.20.1
	   \-- spectrelib 0.13.15+1.20.1
	- commonnetworking 1.0.3-1.20.1
	- cooldown-coordinator 0.6.3
	- corgilib 4.0.1.1
	   |-- com_electronwill_night-config_core 3.6.7
	   \-- com_electronwill_night-config_toml 3.6.7
	- coroutil 1.20.1-1.3.7
	- creativecore 2.11.28
	   \-- net_minecraftforge_eventbus 6.0.3
	- cristellib 1.1.5
	   \-- blue_endless_jankson 1.2.3
	- cthulib 1.0.2
	- ctov 3.4.3
	- cupboard 1.20.1-2.6
	- davespotioneering 10
	- dawn 5.0.0
	   \-- terraform-shapes-api-v1 7.0.1
	- decorative_blocks 4.0.3
	- deeperdarker 1.2.6
	   \-- customportalapi 0.0.1-beta64-1.20
	- digs_dnd_origins 1.20.1-0.0.11
	- dimensional_traders 1.1.1
	- disenchanter 0.1.8+1.20
	- doapi 1.2.12
	- dramaticdoors 1.20.1-3.2.2
	- druids 0.9.7.0
	- dummmmmmy 1.20-1.8.17b
	- dungeonnowloading 1.5
	- dungeons_arise_seven_seas 1.0.2
	- dungeonz 1.0.5
	- easymagic 8.0.1
	- eldritch_mobs 1.15.1
	   |-- cardinal-components-base 5.2.2
	   |-- cardinal-components-entity 5.2.2
	   |-- polymer-blocks 0.5.15+1.20.1
	   |-- polymer-core 0.5.15+1.20.1
	   |    |-- polymer-networking 0.5.15+1.20.1
	   |    |    \-- polymer-common 0.5.15+1.20.1
	   |    |         \-- packet_tweaker 0.4.0+1.19.4
	   |    \-- polymer-registry-sync-manipulator 0.5.15+1.20.1
	   \-- server_translations_api 2.0.0+1.20
	        \-- packet_tweaker 0.4.0+1.19.4
	- elemental_wizards_rpg 1.1.1
	   \-- com_github_zsoltmolnarrr_tinyconfig 2.3.2
	- ender_dragon_egg_respawn 2.0.0
	- endermanoverhaul 1.0.4
	- endrem 5.2.4
	- epicknightsnmages 0.0.2
	   \-- com_github_zsoltmolnarrr_tinyconfig 2.3.2
	- explorations 1.20.1-1.5.2
	- explorerscompass 1.20.1-2.2.3-fabric
	- explorify v1.4.0
	- extraspellattributes 1.2.2
	- fabric-api 0.92.1+1.20.1
	   |-- fabric-api-base 0.4.31+1802ada577
	   |-- fabric-api-lookup-api-v1 1.6.36+1802ada577
	   |-- fabric-biome-api-v1 13.0.13+1802ada577
	   |-- fabric-block-api-v1 1.0.11+1802ada577
	   |-- fabric-block-view-api-v2 1.0.1+1802ada577
	   |-- fabric-blockrenderlayer-v1 1.1.41+1802ada577
	   |-- fabric-client-tags-api-v1 1.1.2+1802ada577
	   |-- fabric-command-api-v1 1.2.34+f71b366f77
	   |-- fabric-command-api-v2 2.2.13+1802ada577
	   |-- fabric-commands-v0 0.2.51+df3654b377
	   |-- fabric-containers-v0 0.1.64+df3654b377
	   |-- fabric-content-registries-v0 4.0.11+1802ada577
	   |-- fabric-convention-tags-v1 1.5.5+1802ada577
	   |-- fabric-crash-report-info-v1 0.2.19+1802ada577
	   |-- fabric-data-attachment-api-v1 1.0.0+de0fd6d177
	   |-- fabric-data-generation-api-v1 12.3.4+1802ada577
	   |-- fabric-dimensions-v1 2.1.54+1802ada577
	   |-- fabric-entity-events-v1 1.6.0+1c78457f77
	   |-- fabric-events-interaction-v0 0.6.2+1802ada577
	   |-- fabric-events-lifecycle-v0 0.2.63+df3654b377
	   |-- fabric-game-rule-api-v1 1.0.40+1802ada577
	   |-- fabric-item-api-v1 2.1.28+1802ada577
	   |-- fabric-item-group-api-v1 4.0.12+1802ada577
	   |-- fabric-key-binding-api-v1 1.0.37+1802ada577
	   |-- fabric-keybindings-v0 0.2.35+df3654b377
	   |-- fabric-lifecycle-events-v1 2.2.22+1802ada577
	   |-- fabric-loot-api-v2 1.2.1+1802ada577
	   |-- fabric-loot-tables-v1 1.1.45+9e7660c677
	   |-- fabric-message-api-v1 5.1.9+1802ada577
	   |-- fabric-mining-level-api-v1 2.1.50+1802ada577
	   |-- fabric-model-loading-api-v1 1.0.3+1802ada577
	   |-- fabric-models-v0 0.4.2+9386d8a777
	   |-- fabric-networking-api-v1 1.3.11+1802ada577
	   |-- fabric-networking-v0 0.3.51+df3654b377
	   |-- fabric-object-builder-api-v1 11.1.3+1802ada577
	   |-- fabric-particles-v1 1.1.2+1802ada577
	   |-- fabric-recipe-api-v1 1.0.21+1802ada577
	   |-- fabric-registry-sync-v0 2.3.3+1802ada577
	   |-- fabric-renderer-api-v1 3.2.1+1802ada577
	   |-- fabric-renderer-indigo 1.5.1+1802ada577
	   |-- fabric-renderer-registries-v1 3.2.46+df3654b377
	   |-- fabric-rendering-data-attachment-v1 0.3.37+92a0d36777
	   |-- fabric-rendering-fluids-v1 3.0.28+1802ada577
	   |-- fabric-rendering-v0 1.1.49+df3654b377
	   |-- fabric-rendering-v1 3.0.8+1802ada577
	   |-- fabric-resource-conditions-api-v1 2.3.8+1802ada577
	   |-- fabric-resource-loader-v0 0.11.10+1802ada577
	   |-- fabric-screen-api-v1 2.0.8+1802ada577
	   |-- fabric-screen-handler-api-v1 1.3.30+1802ada577
	   |-- fabric-sound-api-v1 1.0.13+1802ada577
	   |-- fabric-transfer-api-v1 3.3.5+8dd72ea377
	   \-- fabric-transitive-access-wideners-v1 4.3.1+1802ada577
	- fabric-language-kotlin 1.11.0+kotlin.2.0.0
	   |-- org_jetbrains_kotlin_kotlin-reflect 2.0.0
	   |-- org_jetbrains_kotlin_kotlin-stdlib 2.0.0
	   |-- org_jetbrains_kotlin_kotlin-stdlib-jdk7 2.0.0
	   |-- org_jetbrains_kotlin_kotlin-stdlib-jdk8 2.0.0
	   |-- org_jetbrains_kotlinx_atomicfu-jvm 0.24.0
	   |-- org_jetbrains_kotlinx_kotlinx-coroutines-core-jvm 1.8.1
	   |-- org_jetbrains_kotlinx_kotlinx-coroutines-jdk8 1.8.1
	   |-- org_jetbrains_kotlinx_kotlinx-datetime-jvm 0.6.0
	   |-- org_jetbrains_kotlinx_kotlinx-serialization-cbor-jvm 1.6.3
	   |-- org_jetbrains_kotlinx_kotlinx-serialization-core-jvm 1.6.3
	   \-- org_jetbrains_kotlinx_kotlinx-serialization-json-jvm 1.6.3
	- fabricloader 0.16.3
	   \-- mixinextras 0.4.1
	- fakerlib 0.1.3
	- farmersdelight 1.20.1-1.4.3
	- farsight 1.20.1-4.2
	   \-- org_jctools_jctools-core 4.0.1
	- faux-custom-entity-data 6.0.1
	- ferritecore 6.0.1
	- forcemaster-rpg 1.0.5
	   \-- com_github_zsoltmolnarrr_tinyconfig 2.3.2
	- forgeconfigapiport 8.0.0
	- formations 1.0.2
	- formationsnether 1.0.4
	- formationsoverworld 1.0.3
	- framework 0.6.16
	   \-- org_javassist_javassist 3.29.2-GA
	- friendsandfoes 2.0.10
	- frostiful 1.0.9
	   \-- mm 2.3
	- ftbchunks 2001.3.1
	- ftblibrary 2001.2.2
	- ftbquests 2001.4.5
	   \-- team_reborn_energy 3.0.0
	- ftbranks 2001.1.3
	- ftbteams 2001.3.0
	- ftbxmodcompat 2.1.1
	- fwaystones 3.3.2+mc1.20.1
	- fzzy_core 0.5.0+1.20.1
	- galosphere 1.20.1-1.4.1
	- gazebo 1.1.1+1.20.1
	   \-- com_github_zsoltmolnarrr_tinyconfig 2.3.2
	- gear_core 0.3.8+1.20.1
	- geckolib 4.4.4
	   \-- com_eliotlash_mclib_mclib 20
	- genshinstrument 3.4.1
	- glasses Fabric-1.20.1-1.2.5
	- globalxp 1.11
	- goblintraders 1.9.3
	- graveyard 3.0
	- guardiansgalore 1.20.1-3.1
	- guardvillagers 2.0.9-1.20.1
	- handcrafted 3.0.6
	- harvest_scythes 2.5.6+mc1.20
	   \-- mm 2.3
	- healpgood 1.3.2
	- hopobetterruinedportal 1.3.7
	- hybrid-aquatic 1.3.2
	   \-- reach-entity-attributes 2.4.0
	- icarus 2.7.1
	- iceberg 1.1.18
	- illagerinvasion 8.0.5
	   \-- extensibleenums 7.0.1
	- immersive_armors 1.6.1+1.20.1
	- immersive_melodies 0.1.2+1.20.1
	- inmis 2.7.2-1.20.1
	- inmisaddon 1.0.4
	- inventorysorter 1.9.0-1.20
	   \-- kyrptconfig 1.5.6-1.20
	- invoke 0.2.3
	- item_obliterator 2.2.0
	- itemfilters 2001.1.0-build.59
	- jade 11.8.0
	- java 17
	- jewelry 1.3.0+1.20.1
	   \-- com_github_zsoltmolnarrr_tinyconfig 2.3.2
	- kambrik 6.1.1+1.20.1
	- kevsequipmentsets 1.1.1
	- kevslibrary 1.1.0
	- kevstierifymodifiers 1.2.4
	- knavesneeds 2.0.1+1.20.1
	- konkrete 1.8.1
	- libraryferret 4.0.0
	- libz 1.0.3
	- lithium 0.11.2
	- lithostitched 1.1.5
	- livingthings 1.20.1-2.0.2
	- lootintegrations 1.20.1-3.7
	- lootr 0.7.33.81
	- lovely_snails 1.1.3+1.20.1
	- magistuarmory 9.8
	- maxhealthfix 12.0.3
	- mcda 5.0.2
	- mcdar 4.0.3
	- mcdw 9.0.4
	- meadow 1.3.15
	   \-- mixinsquared 0.1.2-beta.5
	- medievalorigins 6.3.8+1.20.1
	   |-- apugli 2.10.1+1.20.1-fabric
	   |-- autotag 2.0.2+1.20
	   |-- mixinsquared 0.1.2-beta.5
	   |-- playerabilitylib 1.8.0
	   \-- reach-entity-attributes 2.4.0
	- memoryleakfix 1.1.2
	- mermod 2.41
	- mes 1.3.1-1.20-fabric
	- midnightlib 1.4.1
	- minecells 1.8.2
	   \-- gimm1q 0.5.3
	- minecraft 1.20.1
	- minerally 1.20.2-1.2
	- mns 1.0.1-1.20-fabric
	- modernfix 5.17.0+mc1.20.1
	- moonlight 1.20-2.11.30
	- more_rpg_classes 1.1.7-1.20.1
	   \-- com_github_zsoltmolnarrr_tinyconfig 2.3.2
	- mr_dungeons_andtaverns 3.0.3.f
	- mr_reds_morestructures 1.0.8
	- mr_tidal_towns 1.3
	- mutantmonsters 8.0.7
	   |-- cardinal-components-base 5.2.2
	   |-- cardinal-components-entity 5.2.2
	   \-- extensibleenums 7.0.1
	- mvs 4.1.2-1.20-fabric
	- mysticaloaktree 1.20-1.11
	- mythicmetals 0.19.7+1.20.1
	   |-- common-protection-api 1.0.0
	   \-- reach-entity-attributes 2.4.0
	- mythicmetals_decorations 0.6.0+1.20
	- mythicmobs 1.20.1-fabric-1.4.5
	- mythicmounts 1.20.1-7.4
	- nameplate 1.1.4
	- naturescompass 1.20.1-2.2.3-fabric
	- necronomicon 1.4.2
	- neruina 2.0.0-beta.10
	   |-- com_fasterxml_jackson_core_jackson-annotations 2.17.0
	   |-- com_fasterxml_jackson_core_jackson-core 2.17.0
	   |-- com_fasterxml_jackson_core_jackson-databind 2.17.0
	   |-- org_apache_maven_maven-artifact 3.8.1
	   \-- org_kohsuke_github-api 1.318
	- netherdepthsupgrade fabric-3.1.6-1.20
	- nochatreports 1.20.1-v2.2.2
	   |-- fabric-rendering-v1 3.0.6+b3afc78b82
	   \-- fabric-screen-api-v1 2.0.6+b3afc78b82
	- noisium 2.0.3+mc1.20-1.20.1
	- nyctophobia 1.9
	- nyfsspiders 2.1.1
	- obscure_api 16
	- observable 4.4.1
	- origins 1.10.0
	   \-- apoli 2.9.0
	        |-- calio 1.11.0
	        \-- playerabilitylib 1.8.0
	- owo 0.11.2+1.20
	- paladins 1.2.0+1.20.1
	- paraglider 20.1.3
	- patchouli 1.20.1-84-FABRIC
	   \-- fiber 0.23.0-2
	- paxi 1.20-Fabric-4.0
	- pehkui 3.8.0+1.14.4-1.20.4
	   \-- kanos_config 0.4.1+1.14.4-1.19.4
	- phantasm 0.2
	- philipsruins 1.20.1
	- piratesdoom 1.0.0
	- player-animator 1.0.2-rc1+1.20
	- plentyofarmors 1.3.0
	- polymorph 0.49.5+1.20.1
	   \-- spectrelib 0.13.15+1.20.1
	- projectile_damage 3.2.3+1.20.1
	- promenade 4.1.1
	   \-- biolith 1.0.0-alpha.8
	        \-- terraform-surfaces-api-v1 7.0.1
	- puffish_attributes 0.2.0
	- puffish_skills 0.12.2
	- puzzleslib 8.1.19
	   \-- puzzlesaccessapi 8.0.7
	- qu-enchantments 1.3.6-1.20
	   \-- mm 2.3
	- ranged_weapon_api 1.1.1+1.20.1
	- reddensstonelantern 1.0.3
	- redirector 1.20.1-4.4.0
	- regions_unexplored 0.5.5+1.20.1
	   |-- completeconfig-base 2.5.2
	   \-- completeconfig-gui-cloth 2.5.2
	- repurposed_structures 7.1.15+1.20.1-fabric
	- resourcefulconfig 2.1.2
	- resourcefullib 2.1.25
	   |-- com_teamresourceful_bytecodecs 1.0.2
	   \-- com_teamresourceful_yabn 1.0.3
	- respawningstructures 1.20.1-2.5
	- roughlyenoughitems 12.1.725
	   \-- error_notifier 1.0.9
	- rpg_origins 1.4.2
	- rpgdifficulty 1.3.13
	- rpgmana 1.0.7.1
	   \-- com_github_zsoltmolnarrr_tinyconfig 2.3.2
	- runes 0.9.11+1.20.1
	- sawmill 1.20-1.4.0
	- showmeyourskin 1.9.0+1.20
	- shrek 1.0.0
	- simplyskills 1.4.1+1.20.1
	- simplyswords 1.55.0-1.20.1
	   \-- spruceui 5.0.0+1.20
	- skinlayers3d 1.6.4
	- skyvillages 1.0.3.2-1.19.2-1.20.1
	- slayersbeasts 1.2.0
	- smallships 2.0.0-b1.2
	- smartbrainlib 1.14
	- smarterfarmers 1.20-1.8.2
	- smwyg 1.1.1
	- soaringstructures2 1.20.1 - 2.5.1
	- soulsweapons 1.1.3-1.20-fabric
	- sound_physics_remastered 1.20.1-1.4.2
	- spark 1.10.53
	- species 1.3-fabric
	- spell_engine 0.14.3+1.20.1
	- spell_power 0.10.2+1.20.1
	   \-- com_github_zsoltmolnarrr_tinyconfig 2.3.2
	- spellbladenext 1.15.1
	- spellslabextra 1.1-1.20.1
	- starlight 1.1.2+fabric.dbc156f
	- starterkit 6.7
	- structory 1.3.5
	- structory_towers 1.0.7
	- structure_pool_api 1.0+1.20.1
	- structurecredits 1.7
	- structureessentials 1.20.1-3.3
	- t_and_t 1.12
	- tectonic 2.3.4
	- terrablender 3.0.1.7
	   |-- com_electronwill_night-config_core 3.6.7
	   \-- com_electronwill_night-config_toml 3.6.7
	- terralith 2.5.1
	- textanimator 2.3.3
	- theorcs fabric-1.20.x-1.0
	- thermoo 2.3.1
	   |-- cardinal-components-base 5.2.2
	   \-- cardinal-components-entity 5.2.2
	- thiccpackets 1.17-1.19+
	- tiered 1.1.0
	   |-- autotag 2.0.2+1.20
	   \-- reach-entity-attributes 2.4.0
	- tinyfoes 1.20.1-1.0
	- tlc 1.0.1
	- toms_storage 1.6.6
	- totw_additions 1.3
	- travelerscompass 2.0.4.0
	- travellersbootsreloaded 2.1.1-fabric
	- treechop 0.19.0
	- tridents_n_stuff 0.1.3+1.20.1
	   \-- fzzy_config 0.1.2+1.20.1
	- trimeffects 1.1.1-fabric
	- trinkets 3.7.2
	- twigs 3.1.0
	- universal_shops 1.3.2+1.20.1
	   |-- common-economy-api 1.1.1
	   |-- common-protection-api 1.0.0
	   |-- fabric-permissions-api-v0 0.2-SNAPSHOT
	   |-- placeholder-api 2.1.1+1.20
	   |-- polymer-resource-pack 0.5.3+1.20.1
	   |-- polymer-virtual-entity 0.5.3+1.20.1
	   |-- server_translations_api 2.0.0+1.20
	   |    \-- packet_tweaker 0.4.0+1.19.4
	   \-- sgui 1.2.2+1.20
	- variantshields 2.1
	- villagernames 7.3
	- villagersplus 3.1
	- villagesandpillages 1.0.0
	- vinery 1.4.19
	- visualworkbench 8.0.0
	- voidz 1.0.11
	- wabi_sabi_structures 2.0.0-1.20
	- watut 1.20.1-1.1.1
	- waveycapes 1.4.7
	- weaponmaster 3.0.5
	- wetlands 1.2
	- wildlife 1.19.2-2.2
	- witcher-rpg 1.0.6
	   \-- com_github_zsoltmolnarrr_tinyconfig 2.3.2
	- wits 1.1.0+1.20.1-fabric
	- wizards 1.2.0+1.20.1
	- xaerominimap 24.1.1
	- xaeroworldmap 1.38.4
	- xercapaint fabric-1.20.1-1.0.0
	- xtraarrows 3.0.4.1
	- yeetusexperimentus 2.3.1-build.6+mc1.20.1
	- yet_another_config_lib_v3 3.4.2+1.20.1-fabric
	   |-- com_twelvemonkeys_common_common-image 3.10.0
	   |-- com_twelvemonkeys_common_common-io 3.10.0
	   |-- com_twelvemonkeys_common_common-lang 3.10.0
	   |-- com_twelvemonkeys_imageio_imageio-core 3.10.0
	   |-- com_twelvemonkeys_imageio_imageio-metadata 3.10.0
	   |-- com_twelvemonkeys_imageio_imageio-webp 3.10.0
	   |-- org_quiltmc_parsers_gson 0.2.1
	   \-- org_quiltmc_parsers_json 0.2.1
	- yigd 2.0.0-beta.13
	   |-- fabric-permissions-api-v0 0.2-SNAPSHOT
	   \-- libgui 8.1.1+1.20.1
	        |-- jankson 6.0.0+j1.2.3
	        \-- libninepatch 1.2.0
	- yosbr 0.1.2
	- yungsapi 1.20-Fabric-4.0.5
	- yungsbridges 1.20-Fabric-4.0.3
	- zenith_attributes 0.2.4
	   |-- additionalentityattributes 1.7.3+1.20.0
	   |-- cardinal-components-base 5.2.2
	   |-- cardinal-components-entity 5.2.2
	   |-- playerabilitylib 1.8.0
	   |-- porting_lib_attributes 2.3.4+1.20.1
	   |    |-- porting_lib_core 2.3.4+1.20.1
	   |    \-- reach-entity-attributes 2.4.0
	   |-- porting_lib_common 2.3.4+1.20.1
	   |    \-- porting_lib_core 2.3.4+1.20.1
	   |-- porting_lib_entity 2.3.4+1.20.1
	   |    |-- porting_lib_core 2.3.4+1.20.1
	   |    \-- porting_lib_mixin_extensions 2.3.4+1.20.1
	   |-- porting_lib_extensions 2.3.4+1.20.1
	   |    |-- porting_lib_accessors 2.3.4+1.20.1
	   |    |-- porting_lib_core 2.3.4+1.20.1
	   |    \-- reach-entity-attributes 2.4.0
	   \-- reach-entity-attributes 2.4.0
[18:44:27] [main/INFO]: Applying default options... (YOSBR)
[18:44:28] [main/INFO]: SpongePowered MIXIN Subsystem Version=0.8.7 Source=file:/workspaces/MSX/servidor_minecraft/libraries/net/fabricmc/sponge-mixin/0.15.2+mixin.0.8.7/sponge-mixin-0.15.2+mixin.0.8.7.jar Service=Knot/Fabric Env=SERVER
[18:44:28] [main/INFO]: Compatibility level set to JAVA_17
[18:44:29] [main/WARN]: Reference map 'bno.refmap.json' for bno.fabric.mixins.json could not be read. If this is a development environment you can ignore this message
[18:44:29] [main/WARN]: Reference map 'coroutil.refmap.json' for coroutil_fabric.mixins.json could not be read. If this is a development environment you can ignore this message
[18:44:29] [main/WARN]: Reference map 'ctov-fabric-fabric-refmap.json' for ctov.mixins.json could not be read. If this is a development environment you can ignore this message
[18:44:29] [main/WARN]: Reference map 'ctov-common-common-refmap.json' for ctov-common.mixins.json could not be read. If this is a development environment you can ignore this message
[18:44:29] [main/WARN]: Reference map 'formationsnether.mixins.refmap.json' for formationsnether.mixins.json could not be read. If this is a development environment you can ignore this message
[18:44:29] [main/WARN]: Reference map 'formationsoverworld.mixins.refmap.json' for formationsoverworld.mixins.json could not be read. If this is a development environment you can ignore this message
[18:44:29] [main/WARN]: Reference map 'gazebo-refmap.json' for gazebo.mixins.json could not be read. If this is a development environment you can ignore this message
[18:44:29] [main/WARN]: Reference map 'graveyard-FABRIC-fabric-refmap.json' for graveyard-fabric.mixins.json could not be read. If this is a development environment you can ignore this message
[18:44:29] [main/INFO]: File exists, reading config for elocindev.item_obliterator.fabric_quilt.config.ConfigEntries.
[18:44:29] [main/INFO]: Config for elocindev.item_obliterator.fabric_quilt.config.ConfigEntries read successfully.
[18:44:29] [main/WARN]: Reference map 'Jewelry-refmap.json' for jewelry.mixins.json could not be read. If this is a development environment you can ignore this message
[18:44:29] [main/WARN]: Reference map 'knavesneeds-fabric-fabric-refmap.json' for knaves.mixins.json could not be read. If this is a development environment you can ignore this message
[18:44:29] [main/INFO]: Loaded configuration file for Lithium: 115 options available, 6 override(s) found
[18:44:29] [main/INFO]: Loaded configuration file for ModernFix 5.17.0+mc1.20.1: 55 options available, 0 override(s) found
[18:44:29] [main/INFO]: Applying Nashorn fix
[18:44:29] [main/WARN]: Reference map 'mysticaloaktree-fabric-refmap.json' for mysticaloaktree.mixins.json could not be read. If this is a development environment you can ignore this message
[18:44:29] [main/WARN]: Reference map 'mysticaloaktree-common-refmap.json' for mysticaloaktree-common.mixins.json could not be read. If this is a development environment you can ignore this message
[18:44:29] [main/WARN]: Reference map 'mythic-mounts-refmap.json' for mythic-mounts.mixins.json could not be read. If this is a development environment you can ignore this message
[18:44:29] [main/WARN]: Reference map 'philipsruins-refmap.json' for philipsruins.mixins.json could not be read. If this is a development environment you can ignore this message
[18:44:29] [main/WARN]: Reference map 'plenty-of-armors-refmap.json' for plentyofarmors.mixins.json could not be read. If this is a development environment you can ignore this message
[18:44:30] [main/WARN]: Reference map 'shrek.refmap.json' for shrek.fabric.mixins.json could not be read. If this is a development environment you can ignore this message
[18:44:30] [main/WARN]: Reference map 'simplyswords-fabric-refmap.json' for simplyswords.mixins.json could not be read. If this is a development environment you can ignore this message
[18:44:30] [main/WARN]: Reference map 'smarterfarmers-fabric-refmap.json' for smarterfarmers.mixins.json could not be read. If this is a development environment you can ignore this message
[18:44:30] [main/WARN]: Reference map 'starterkit_fabric.refmap.json' for starterkit_fabric.mixins.json could not be read. If this is a development environment you can ignore this message
[18:44:30] [main/WARN]: Reference map 'structurecredits-fabric-refmap.json' for structurecredits.mixins.json could not be read. If this is a development environment you can ignore this message
[18:44:30] [main/WARN]: Reference map 'structurecredits-common-refmap.json' for structurecredits-common.mixins.json could not be read. If this is a development environment you can ignore this message
[18:44:30] [main/WARN]: Reference map 'tinyfoes-fabric-refmap.json' for tinyfoes-fabric.mixins.json could not be read. If this is a development environment you can ignore this message
[18:44:30] [main/WARN]: Reference map 'TravellersBootsReloaded-1.20.1-fabric-refmap.json' for travellersboots.mixins.json could not be read. If this is a development environment you can ignore this message
[18:44:30] [main/WARN]: Reference map 'universal_shops-refmap.json' for universal_shops.mixins.json could not be read. If this is a development environment you can ignore this message
[18:44:30] [main/WARN]: Reference map 'wildlife-refmap.json' for wildlife.mixins.json could not be read. If this is a development environment you can ignore this message
[18:44:30] [main/WARN]: Reference map 'wits-common-refmap.json' for wits-common.mixins.json could not be read. If this is a development environment you can ignore this message
[18:44:30] [main/WARN]: Reference map 'xercapaint-refmap.json' for xercapaint.mixins.json could not be read. If this is a development environment you can ignore this message
[18:44:31] [main/WARN]: Error loading class: dev/emi/emi/screen/EmiScreenManager (java.lang.ClassNotFoundException: dev/emi/emi/screen/EmiScreenManager)
[18:44:31] [main/WARN]: @Mixin target dev.emi.emi.screen.EmiScreenManager was not found blabber.mixins.json:compat.emi.EmiScreenManagerMixin from mod blabber
[18:44:31] [main/WARN]: Error loading class: net/minecraft/class_756 (java.lang.ClassNotFoundException: net/minecraft/class_756)
[18:44:31] [main/WARN]: @Mixin target net.minecraft.class_756 was not found bygonenether.mixins.json:RenderModdedShieldMixin from mod bygonenether
[18:44:32] [main/WARN]: Error loading class: net/minecraft/class_1007 (java.lang.ClassNotFoundException: net/minecraft/class_1007)
[18:44:32] [main/WARN]: @Mixin target net.minecraft.class_1007 was not found inmis.mixins.json:client.PlayerEntityFeatureMixin from mod inmis
[18:44:32] [main/WARN]: Force-disabling mixin 'ai.task.memory_change_counting.BrainMixin' as rule 'mixin.ai.task.memory_change_counting' (added by mods [smartbrainlib]) disables it and children
[18:44:32] [main/WARN]: Force-disabling mixin 'ai.task.memory_change_counting.MultiTickTaskMixin' as rule 'mixin.ai.task.memory_change_counting' (added by mods [smartbrainlib]) disables it and children
[18:44:32] [main/WARN]: Force-disabling mixin 'alloc.blockstate.StateMixin' as rule 'mixin.alloc.blockstate' (added by mods [ferritecore]) disables it and children
[18:44:32] [main/WARN]: Force-disabling mixin 'block.hopper.AbstractMinecartEntityMixin' as rule 'mixin.block.hopper' (added by mods [cooldown-coordinator]) disables it and children
[18:44:32] [main/WARN]: Force-disabling mixin 'block.hopper.ChestBoatEntityMixin' as rule 'mixin.block.hopper' (added by mods [cooldown-coordinator]) disables it and children
[18:44:32] [main/WARN]: Force-disabling mixin 'block.hopper.ComposterMixin$ComposterBlockComposterInventoryMixin' as rule 'mixin.block.hopper' (added by mods [cooldown-coordinator]) disables it and children
[18:44:32] [main/WARN]: Force-disabling mixin 'block.hopper.ComposterMixin$ComposterBlockDummyInventoryMixin' as rule 'mixin.block.hopper' (added by mods [cooldown-coordinator]) disables it and children
[18:44:32] [main/WARN]: Force-disabling mixin 'block.hopper.ComposterMixin$ComposterBlockFullComposterInventoryMixin' as rule 'mixin.block.hopper' (added by mods [cooldown-coordinator]) disables it and children
[18:44:32] [main/WARN]: Force-disabling mixin 'block.hopper.DefaultedListAccessor' as rule 'mixin.block.hopper' (added by mods [cooldown-coordinator]) disables it and children
[18:44:32] [main/WARN]: Force-disabling mixin 'block.hopper.DoubleInventoryAccessor' as rule 'mixin.block.hopper' (added by mods [cooldown-coordinator]) disables it and children
[18:44:32] [main/WARN]: Force-disabling mixin 'block.hopper.EntityAccessor' as rule 'mixin.block.hopper' (added by mods [cooldown-coordinator]) disables it and children
[18:44:32] [main/WARN]: Force-disabling mixin 'block.hopper.EntityDataObjectMixin' as rule 'mixin.block.hopper' (added by mods [cooldown-coordinator]) disables it and children
[18:44:32] [main/WARN]: Force-disabling mixin 'block.hopper.EntityTrackingSectionAccessor' as rule 'mixin.block.hopper' (added by mods [cooldown-coordinator]) disables it and children
[18:44:32] [main/WARN]: Force-disabling mixin 'block.hopper.HopperBlockEntityMixin' as rule 'mixin.block.hopper' (added by mods [cooldown-coordinator]) disables it and children
[18:44:32] [main/WARN]: Force-disabling mixin 'block.hopper.HopperBlockMixin' as rule 'mixin.block.hopper' (added by mods [cooldown-coordinator]) disables it and children
[18:44:32] [main/WARN]: Force-disabling mixin 'block.hopper.InventoryAccessors$InventoryAccessorAbstractFurnaceBlockEntity' as rule 'mixin.block.hopper' (added by mods [cooldown-coordinator]) disables it and children
[18:44:32] [main/WARN]: Force-disabling mixin 'block.hopper.InventoryAccessors$InventoryAccessorBarrelBlockEntity' as rule 'mixin.block.hopper' (added by mods [cooldown-coordinator]) disables it and children
[18:44:32] [main/WARN]: Force-disabling mixin 'block.hopper.InventoryAccessors$InventoryAccessorBrewingStandBlockEntity' as rule 'mixin.block.hopper' (added by mods [cooldown-coordinator]) disables it and children
[18:44:32] [main/WARN]: Force-disabling mixin 'block.hopper.InventoryAccessors$InventoryAccessorChestBlockEntity' as rule 'mixin.block.hopper' (added by mods [cooldown-coordinator]) disables it and children
[18:44:32] [main/WARN]: Force-disabling mixin 'block.hopper.InventoryAccessors$InventoryAccessorDispenserBlockEntity' as rule 'mixin.block.hopper' (added by mods [cooldown-coordinator]) disables it and children
[18:44:32] [main/WARN]: Force-disabling mixin 'block.hopper.InventoryAccessors$InventoryAccessorHopperBlockEntity' as rule 'mixin.block.hopper' (added by mods [cooldown-coordinator]) disables it and children
[18:44:32] [main/WARN]: Force-disabling mixin 'block.hopper.InventoryAccessors$InventoryAccessorShulkerBoxBlockEntity' as rule 'mixin.block.hopper' (added by mods [cooldown-coordinator]) disables it and children
[18:44:32] [main/WARN]: Force-disabling mixin 'block.hopper.InventoryAccessors$InventoryAccessorStorageMinecartEntity' as rule 'mixin.block.hopper' (added by mods [cooldown-coordinator]) disables it and children
[18:44:32] [main/WARN]: Force-disabling mixin 'block.hopper.InventoryMixin' as rule 'mixin.block.hopper' (added by mods [cooldown-coordinator]) disables it and children
[18:44:32] [main/WARN]: Force-disabling mixin 'block.hopper.ItemStackMixin' as rule 'mixin.block.hopper' (added by mods [cooldown-coordinator]) disables it and children
[18:44:32] [main/WARN]: Force-disabling mixin 'block.hopper.ScreenHandlerMixin' as rule 'mixin.block.hopper' (added by mods [cooldown-coordinator]) disables it and children
[18:44:32] [main/WARN]: Force-disabling mixin 'block.hopper.TypeFilterableListMixin' as rule 'mixin.block.hopper' (added by mods [cooldown-coordinator]) disables it and children
[18:44:32] [main/WARN]: Force-disabling mixin 'block.hopper.WorldMixin' as rule 'mixin.block.hopper' (added by mods [cooldown-coordinator]) disables it and children
[18:44:32] [main/WARN]: Force-disabling mixin 'block.hopper.worldedit_compat.WorldChunkMixin' as rule 'mixin.block.hopper' (added by mods [cooldown-coordinator]) disables it and children
[18:44:32] [main/WARN]: Force-disabling mixin 'entity.collisions.suffocation.EntityMixin' as rule 'mixin.entity.collisions.suffocation' (added by mods [apoli]) disables it and children
[18:44:32] [main/WARN]: Force-disabling mixin 'entity.fast_powder_snow_check.LivingEntityMixin' as rule 'mixin.entity.fast_powder_snow_check' (added by user configuration) disables it and children
[18:44:32] [main/WARN]: Error loading class: fr/catcore/server/translations/api/resource/language/SystemDelegatedLanguage (java.lang.ClassNotFoundException: fr/catcore/server/translations/api/resource/language/SystemDelegatedLanguage)
[18:44:33] [main/INFO]: Loaded config for: structureessentials.json
[18:44:33] [main/WARN]: Error loading class: com/beansgalaxy/backpacks/compat/TrinketsRegistry$1 (java.lang.ClassNotFoundException: com/beansgalaxy/backpacks/compat/TrinketsRegistry$1)
[18:44:33] [main/WARN]: Error loading class: com/tiviacz/travelersbackpack/compat/trinkets/TravelersBackpackTrinket (java.lang.ClassNotFoundException: com/tiviacz/travelersbackpack/compat/trinkets/TravelersBackpackTrinket)
[18:44:33] [main/INFO]: [MemoryLeakFix] Will be applying 1 memory leak fixes!
[18:44:33] [main/INFO]: [MemoryLeakFix] Currently enabled memory leak fixes: [biomeTemperatureLeak]
[18:44:33] [main/ERROR]: blahaj.mixins.json:AnvilScreenHandlerMixin from mod blahaj: Super class 'hibi.blahaj.mixin.ForgingScreenHandlerMixin' of AnvilScreenHandlerMixin was not found in the hierarchy of target class 'net/minecraft/class_1706'
org.spongepowered.asm.mixin.transformer.throwables.InvalidMixinException: Super class 'hibi.blahaj.mixin.ForgingScreenHandlerMixin' of AnvilScreenHandlerMixin was not found in the hierarchy of target class 'net/minecraft/class_1706'
	at org.spongepowered.asm.mixin.transformer.MixinInfo$SubType$Standard.validate(MixinInfo.java:593) ~[sponge-mixin-0.15.2+mixin.0.8.7.jar:0.15.2+mixin.0.8.7]
	at org.spongepowered.asm.mixin.transformer.MixinInfo$State.validate(MixinInfo.java:327) ~[sponge-mixin-0.15.2+mixin.0.8.7.jar:0.15.2+mixin.0.8.7]
	at org.spongepowered.asm.mixin.transformer.MixinInfo.validate(MixinInfo.java:913) ~[sponge-mixin-0.15.2+mixin.0.8.7.jar:0.15.2+mixin.0.8.7]
	at org.spongepowered.asm.mixin.transformer.MixinConfig.postInitialise(MixinConfig.java:884) ~[sponge-mixin-0.15.2+mixin.0.8.7.jar:0.15.2+mixin.0.8.7]
	at org.spongepowered.asm.mixin.transformer.MixinProcessor.prepareConfigs(MixinProcessor.java:568) ~[sponge-mixin-0.15.2+mixin.0.8.7.jar:0.15.2+mixin.0.8.7]
	at org.spongepowered.asm.mixin.transformer.MixinProcessor.select(MixinProcessor.java:462) ~[sponge-mixin-0.15.2+mixin.0.8.7.jar:0.15.2+mixin.0.8.7]
	at org.spongepowered.asm.mixin.transformer.MixinProcessor.checkSelect(MixinProcessor.java:438) ~[sponge-mixin-0.15.2+mixin.0.8.7.jar:0.15.2+mixin.0.8.7]
	at org.spongepowered.asm.mixin.transformer.MixinProcessor.applyMixins(MixinProcessor.java:290) ~[sponge-mixin-0.15.2+mixin.0.8.7.jar:0.15.2+mixin.0.8.7]
	at org.spongepowered.asm.mixin.transformer.MixinTransformer.transformClass(MixinTransformer.java:234) ~[sponge-mixin-0.15.2+mixin.0.8.7.jar:0.15.2+mixin.0.8.7]
	at org.spongepowered.asm.mixin.transformer.MixinTransformer.transformClassBytes(MixinTransformer.java:202) ~[sponge-mixin-0.15.2+mixin.0.8.7.jar:0.15.2+mixin.0.8.7]
	at net.fabricmc.loader.impl.launch.knot.KnotClassDelegate.getPostMixinClassByteArray(KnotClassDelegate.java:422) ~[fabric-loader-0.16.3.jar:?]
	at net.fabricmc.loader.impl.launch.knot.KnotClassDelegate.tryLoadClass(KnotClassDelegate.java:323) ~[fabric-loader-0.16.3.jar:?]
	at net.fabricmc.loader.impl.launch.knot.KnotClassDelegate.loadClass(KnotClassDelegate.java:218) ~[fabric-loader-0.16.3.jar:?]
	at net.fabricmc.loader.impl.launch.knot.KnotClassLoader.loadClass(KnotClassLoader.java:119) ~[fabric-loader-0.16.3.jar:?]
	at java.lang.ClassLoader.loadClass(ClassLoader.java:525) ~[?:?]
	at java.lang.Class.forName0(Native Method) ~[?:?]
	at java.lang.Class.forName(Class.java:467) ~[?:?]
	at net.fabricmc.loader.impl.util.DefaultLanguageAdapter.create(DefaultLanguageAdapter.java:50) ~[fabric-loader-0.16.3.jar:?]
	at net.fabricmc.loader.impl.entrypoint.EntrypointStorage$NewEntry.getOrCreate(EntrypointStorage.java:124) ~[fabric-loader-0.16.3.jar:?]
	at net.fabricmc.loader.impl.entrypoint.EntrypointContainerImpl.getEntrypoint(EntrypointContainerImpl.java:53) ~[fabric-loader-0.16.3.jar:?]
	at net.fabricmc.loader.impl.FabricLoaderImpl.invokeEntrypoints(FabricLoaderImpl.java:399) ~[fabric-loader-0.16.3.jar:?]
	at net.fabricmc.loader.impl.launch.knot.Knot.init(Knot.java:160) ~[fabric-loader-0.16.3.jar:?]
	at net.fabricmc.loader.impl.launch.knot.Knot.launch(Knot.java:68) ~[fabric-loader-0.16.3.jar:?]
	at net.fabricmc.loader.impl.launch.knot.KnotServer.main(KnotServer.java:23) ~[fabric-loader-0.16.3.jar:?]
	at net.fabricmc.loader.impl.launch.server.FabricServerLauncher.main(FabricServerLauncher.java:69) ~[fabric-loader-0.16.3.jar:?]
	at net.fabricmc.installer.ServerLauncher.main(ServerLauncher.java:69) ~[fabric-server-launch.jar:1.0.1]
[18:44:34] [main/INFO]: I used the json to destroy the json
[18:44:35] [main/INFO]: Initializing MixinExtras via com.llamalad7.mixinextras.service.MixinExtrasServiceImpl(version=0.4.1).
[18:44:38] [main/WARN]: Method overwrite conflict for getPersistentData in soulsweapons.mixins.json:EntityDataSaverMixin from mod soulsweapons, previously written by com.cstav.genshinstrument.mixin.required.EntityNBTInjector. Skipping method.
[18:44:40] [main/WARN]: Method overwrite conflict for getSyncedHandStack in spellbladenext.mixins.json:LivingEntityMixin from mod spellbladenext, previously written by com.extraspellattributes.mixin.LivingEntityMixin. Skipping method.
[18:44:40] [main/WARN]: Method overwrite conflict for getSyncedArmorStack in spellbladenext.mixins.json:LivingEntityMixin from mod spellbladenext, previously written by com.extraspellattributes.mixin.LivingEntityMixin. Skipping method.
[18:44:40] [main/WARN]: @Inject(@At("INVOKE")) Shift.BY=2 on porting_lib_entity.mixins.json:common.LivingEntityMixin from mod porting_lib_entity::handler$gal000$porting_lib_entity$port_lib$onFinishUsing exceeds the maximum allowed value: 0. Increase the value of maxShiftBy to suppress this warning.
[18:44:41] [main/WARN]: Method overwrite conflict for method_5837 in eldritch_mobs.mixins.json:MobEntityMixin from mod eldritch_mobs, previously written by com.brutalbosses.mixin.BossCapMixin. Skipping method.
[18:44:41] [main/INFO]: Mixing common.MixinFriendlyByteBuf from mixins/common/nochatreports.mixins.json into net.minecraft.class_2540
[18:44:41] [main/INFO]: Renaming synthetic method lambda$onWriteJsonWithCodec$1(Ljava/lang/Object;Ljava/lang/String;)Lio/netty/handler/codec/EncoderException; to md1e683e$nochatreports$lambda$onWriteJsonWithCodec$1$0 in mixins/common/nochatreports.mixins.json:common.MixinFriendlyByteBuf from mod nochatreports
[18:44:41] [main/INFO]: Renaming synthetic method lambda$onReadJsonWithCodec$0(Ljava/lang/String;)Lio/netty/handler/codec/DecoderException; to md1e683e$nochatreports$lambda$onReadJsonWithCodec$0$1 in mixins/common/nochatreports.mixins.json:common.MixinFriendlyByteBuf from mod nochatreports
[18:44:42] [main/INFO]: Injecting BlockStateBase cache population hook into getOpacityIfCached from ca.spottedleaf.starlight.mixin.common.blockstate.BlockStateBaseMixin
[18:44:42] [main/INFO]: Injecting BlockStateBase cache population hook into getNeighborPathNodeType from me.jellysquid.mods.lithium.mixin.ai.pathing.AbstractBlockStateMixin
[18:44:42] [main/INFO]: Injecting BlockStateBase cache population hook into getPathNodeType from me.jellysquid.mods.lithium.mixin.ai.pathing.AbstractBlockStateMixin
[18:44:42] [main/INFO]: Injecting BlockStateBase cache population hook into isConditionallyFullOpaque from ca.spottedleaf.starlight.mixin.common.blockstate.BlockStateBaseMixin
[18:44:42] [main/INFO]: Injecting BlockStateBase cache population hook into getAllFlags from me.jellysquid.mods.lithium.mixin.util.block_tracking.AbstractBlockStateMixin
[18:44:42] [main/WARN]: @Redirect conflict. Skipping redirector.mixins.json:net.minecraft.world.level.block.piston.PistonBaseBlockMixin from mod redirector->@Redirect::redirectDirections()[Lnet/minecraft/class_2350; with priority 10, already redirected by lithium.mixins.json:alloc.enum_values.piston_block.PistonBlockMixin from mod lithium->@Redirect::removeAllocation()[Lnet/minecraft/class_2350; with priority 1000
[18:44:42] [main/WARN]: @Redirect conflict. Skipping redirector.mixins.json:net.minecraft.world.level.block.piston.PistonBaseBlockMixin from mod redirector->@Redirect::redirectDirections()[Lnet/minecraft/class_2350; with priority 10, already redirected by lithium.mixins.json:alloc.enum_values.piston_block.PistonBlockMixin from mod lithium->@Redirect::removeAllocation()[Lnet/minecraft/class_2350; with priority 1000
[18:44:42] [main/WARN]: @Redirect conflict. Skipping redirector.mixins.json:net.minecraft.world.level.block.RedStoneWireBlockMixin from mod redirector->@Redirect::redirectDirections()[Lnet/minecraft/class_2350; with priority 10, already redirected by lithium.mixins.json:alloc.enum_values.redstone_wire.RedstoneWireBlockMixin from mod lithium->@Redirect::removeAllocation1()[Lnet/minecraft/class_2350; with priority 1000
[18:44:42] [main/WARN]: @Redirect conflict. Skipping redirector.mixins.json:net.minecraft.world.level.block.RedStoneWireBlockMixin from mod redirector->@Redirect::redirectDirections()[Lnet/minecraft/class_2350; with priority 10, already redirected by lithium.mixins.json:alloc.enum_values.redstone_wire.RedstoneWireBlockMixin from mod lithium->@Redirect::removeAllocation2()[Lnet/minecraft/class_2350; with priority 1000
[18:44:45] [main/WARN]: Method overwrite conflict for method_7844 in ranged_weapon_api.mixins.json:item.RangedWeaponItemMixin from mod ranged_weapon_api, previously written by net.projectile_damage.mixin.RangedWeaponItemMixin. Skipping method.
[18:44:47] [main/INFO]: Mixing server.MixinServerGamePacketListenerImpl from mixins/common/nochatreports.mixins.json into net.minecraft.class_3244
[18:44:49] [main/WARN]: @ModifyConstant conflict. Skipping yungsapi_fabric.mixins.json:IncreaseStructureWeightLimitMixinFabric from mod yungsapi->@ModifyConstant::yungsapi_increaseWeightLimitProd(I)I with priority 1000, already redirected by dungeonnowloading.fabric.mixins.json:fabric.structures.StructurePoolMixin from mod dungeonnowloading->@ModifyConstant::dungeonnowloading_increaseWeightLimit(I)I with priority 1000
[18:44:49] [main/WARN]: Static binding violation: PRIVATE @Overwrite method method_21740 in modernfix-common.mixins.json:perf.remove_biome_temperature_cache.BiomeMixin from mod modernfix cannot reduce visibiliy of PUBLIC target method, visibility will be upgraded.
[18:44:49] [main/WARN]: Method overwrite conflict for method_21740 in modernfix-common.mixins.json:perf.remove_biome_temperature_cache.BiomeMixin from mod modernfix, previously written by me.jellysquid.mods.lithium.mixin.world.temperature_cache.BiomeMixin. Skipping method.
[18:44:50] [main/INFO]: Vanilla bootstrap took 13711 milliseconds
[18:44:51] [main/INFO]: [bclib] Added Config betternether.main to auto sync (file hash)
[18:44:51] [main/INFO]: [bclib] Added Config betternether.generator to auto sync (file hash)
[18:44:51] [main/INFO]: [bclib] Added Config betternether.blocks to auto sync (file hash)
[18:44:51] [main/INFO]: [bclib] Added Config betternether.items to auto sync (file hash)
[18:44:51] [main/INFO]: [bclib] Added Config betternether.biomes to auto sync (file hash)
[18:44:51] [main/INFO]: [bclib] Added Config betternether.mobs to auto sync (file hash)
[18:44:51] [main/INFO]: [bclib] Added Config betternether.recipes to auto sync (file hash)
[18:44:51] [main/WARN]: [bclib] Recipe betternether:bone_block_bone_button only takes in a single item and should be shapeless
[18:44:51] [main/ERROR]: Entity wetlands:elder_gear_golem has no attributes
[18:44:51] [main/ERROR]: Entity wetlands:gear_golem has no attributes
[18:44:51] [main/ERROR]: Entity wetlands:willothewisp has no attributes
[18:44:51] [main/INFO]: Hello Fabric world!
[18:44:52] [main/INFO]: [Animal Feeding Trough] Load Complete! Enjoy :D
[18:44:52] [main/INFO]: Apoli 2.9.0 has initialized. Ready to power up your game!
[18:44:52] [main/INFO]: Apugli 2.10.1 has initialized. Powering up your powered up game.
[18:44:53] [main/INFO]: [Collective] JSON file 'area_names.json' generation requested by mod 'areas'.
[18:44:53] [main/INFO]: Registering C2S receiver with id artifacts:networking_channel/42a7ad70b1cc371599a0eff744096b8a
[18:44:53] [main/INFO]: Registering C2S receiver with id artifacts:networking_channel/74a5e841822a3a87854ae896a33430d6
[18:44:53] [main/INFO]: Registering C2S receiver with id artifacts:networking_channel/eb3d1e2748533430848cadf0f37c7e9c
[18:44:53] [main/INFO]: Registering C2S receiver with id artifacts:networking_channel/91c8520f19f93b3e8b6a727568e194ab
[18:44:53] [main/INFO]: Registering C2S receiver with id artifacts:networking_channel/8c2784d778293fd482ed84b8aa5fedb9
[18:44:53] [main/INFO]: Registering C2S receiver with id artifacts:networking_channel/ea038224ea783d40b2863f52239e2604
[18:44:53] [main/INFO]: Registering C2S receiver with id artifacts:networking_channel/97ad64b7ecaf33209991c4f031501a58
[18:44:53] [main/INFO]: Running compat handler for Origins
[18:44:53] [main/INFO]: Registered azurelib config for auto-sync function
[18:44:53] [main/INFO]: Better Compatibility Checker starting
[18:44:53] [main/INFO]: Loading config file
[18:44:53] [main/INFO]: Config file loaded
[18:44:53] [main/INFO]: [bclib] Added Config bclib.generator to auto sync (file hash)
[18:44:53] [main/INFO]: [bclib] Added Config bclib.main to auto sync (content diff)
[18:44:53] [main/INFO]: [bclib] Added Config bclib.biomes to auto sync (file hash)
[18:44:53] [main/INFO]: Registering Mod Items for berserker_rpg
[18:44:53] [main/INFO]: Registering Item Groups for berserker_rpg
[18:44:54] [main/INFO]: Better Archeology says Hello
[18:44:54] [main/INFO]: [STDOUT]: All 5 have been set properly
[18:44:54] [main/INFO]: Registering Items from betterarcheology
[18:44:54] [main/INFO]: Registering Blocks from betterarcheology
[18:44:54] [main/INFO]: ModEntityTypes of betterarcheology registered.
[18:44:54] [main/INFO]: Registering Enchantments for betterarcheology
[18:44:54] [main/INFO]: Reflections took 71 ms to scan 1 urls, producing 1 keys and 2 values
[18:44:54] [main/INFO]: Reflections took 3 ms to scan 1 urls, producing 1 keys and 2 values
[18:44:54] [main/INFO]: Reflections took 3 ms to scan 1 urls, producing 1 keys and 3 values
[18:44:54] [main/INFO]: Reflections took 3 ms to scan 1 urls, producing 1 keys and 3 values
[18:44:54] [main/INFO]: [bclib] Added Config betterend.entities to auto sync (file hash)
[18:44:54] [main/INFO]: [bclib] Added Config betterend.blocks to auto sync (file hash)
[18:44:54] [main/INFO]: [bclib] Added Config betterend.items to auto sync (file hash)
[18:44:54] [main/INFO]: [bclib] Added Config betterend.biomes to auto sync (file hash)
[18:44:54] [main/INFO]: [bclib] Added Config betterend.recipes to auto sync (file hash)
[18:44:54] [main/INFO]: [bclib] Added Config betterend.enchantments to auto sync (file hash)
[18:44:55] [main/INFO]: Reflections took 2 ms to scan 1 urls, producing 1 keys and 1 values
[18:44:55] [main/INFO]: Reflections took 1 ms to scan 1 urls, producing 1 keys and 1 values
[18:44:55] [main/INFO]: Reflections took 3 ms to scan 1 urls, producing 1 keys and 3 values
[18:44:55] [main/INFO]: Reflections took 2 ms to scan 1 urls, producing 1 keys and 3 values
[18:44:55] [main/INFO]: Reflections took 3 ms to scan 1 urls, producing 1 keys and 2 values
[18:44:55] [main/INFO]: Reflections took 2 ms to scan 1 urls, producing 1 keys and 2 values
[18:44:55] [main/INFO]: [betternether] =^..^=    BetterNether for 1.20    =^..^=
[18:44:55] [main/WARN]: @Redirect conflict. Skipping redirector.mixins.json:net.minecraft.world.level.block.state.CacheMixin from mod redirector->@Redirect::redirectSupportTypes()[Lnet/minecraft/class_5431; with priority 10, already redirected by modernfix-common.mixins.json:perf.cache_blockstate_cache_arrays.AbstractBlockStateCacheMixin from mod modernfix->@Redirect::getVoxelShapeValues()[Lnet/minecraft/class_5431; with priority 1000
[18:44:55] [main/INFO]: Reflections took 1 ms to scan 1 urls, producing 1 keys and 1 values
[18:44:55] [main/INFO]: Reflections took 2 ms to scan 1 urls, producing 1 keys and 1 values
[18:44:55] [main/INFO]: Reflections took 3 ms to scan 1 urls, producing 1 keys and 2 values
[18:44:55] [main/INFO]: Reflections took 2 ms to scan 1 urls, producing 1 keys and 2 values
[18:44:55] [main/INFO]: Reflections took 2 ms to scan 1 urls, producing 1 keys and 1 values
[18:44:55] [main/INFO]: Reflections took 1 ms to scan 1 urls, producing 1 keys and 1 values
[18:44:55] [main/INFO]: Biolith is initializing...
[18:44:55] [main/INFO]: Enabling Biolith's TerraBlender compatibility layer.
[18:44:55] [main/INFO]: Loading Basic Nether Ores
[18:44:55] [main/INFO]: BNO - Block Registered
[18:44:55] [main/INFO]: BNO - Block Items Registered
[18:44:55] [main/INFO]: Fixing MC-151457. Crafting remainder for minecraft:pufferfish_bucket is now minecraft:bucket.
[18:44:55] [main/INFO]: Fixing MC-151457. Crafting remainder for minecraft:salmon_bucket is now minecraft:bucket.
[18:44:55] [main/INFO]: Fixing MC-151457. Crafting remainder for minecraft:cod_bucket is now minecraft:bucket.
[18:44:55] [main/INFO]: Fixing MC-151457. Crafting remainder for minecraft:tropical_fish_bucket is now minecraft:bucket.
[18:44:55] [main/INFO]: Fixing MC-151457. Crafting remainder for minecraft:axolotl_bucket is now minecraft:bucket.
[18:44:55] [main/INFO]: Fixing MC-151457. Crafting remainder for minecraft:powder_snow_bucket is now minecraft:bucket.
[18:44:55] [main/INFO]: Fixing MC-151457. Crafting remainder for minecraft:tadpole_bucket is now minecraft:bucket.
[18:44:55] [main/INFO]: Common init
[18:44:56] [main/INFO]: Brutal bosses initialized
[18:44:56] [main/INFO]: Bypassed Mojang DFU
[18:44:56] [main/INFO]: Instantiating Mojang DFU
[18:44:57] [main/ERROR]: No data fixer registered for bygonenether:netherite_bell
[18:44:57] [main/INFO]: [Clutter] Finished initializing.
[18:44:57] [main/INFO]: Loading Collective version 7.60.
[18:44:57] [main/INFO]: Cooldown Coordinator library loaded.
[18:44:57] [main/INFO]: Initializing network...
[18:44:57] [main/INFO]: Initialized network!
[18:44:57] [main/INFO]: fabric loader environment detected
[18:44:57] [main/INFO]: Hello from cthulib
[18:44:57] [main/INFO]: Registering sounds for cthulib
[18:44:57] [main/INFO]: Registering items for cthulib
[18:44:57] [main/INFO]: Loaded config for: cupboard.json
[18:44:58] [main/INFO]: Deserializing DDConfig from './config/deeperdarker.json5'
[18:44:58] [main/INFO]: Roll initiative...
[18:44:58] [main/INFO]: Hello Fabric world!
[18:44:58] [main/WARN]: Lithium detected. MmmMmmMmmMmm scarecrow mode has been disabled as lithium doesnt have a way to add goals to new entities
[18:44:58] [main/INFO]: Hello Fabric world!
[18:44:58] [main/INFO]: Hello Fabric world!
[18:44:58] [main/INFO]: Constructing common components for easymagic:main
[18:44:59] [main/INFO]: Channelling eldritch energies...
[18:44:59] [main/INFO]: Registering Item Groups for elemental_wizards_rpg
[18:44:59] [main/INFO]: Registering Mod Items for epicknightsnmages
[18:44:59] [main/INFO]: Registering ModBlocks for epicknightsnmages
[18:44:59] [main/INFO]: Epic Knights'n'Mages loaded!
[18:44:59] [main/INFO]: ExpandAbility here, who dis?
[18:44:59] [main/INFO]: Hello Fabric world!
[18:44:59] [main/INFO]: Look at the cleanse, look at the moves!
[18:44:59] [Placebo (FakerLib) Patreon Wing Loader/INFO]: Loading patreon wing data...
[18:44:59] [Placebo (FakerLib) Patreon Trail Loader/INFO]: Loading patreon trails data...
[18:44:59] [main/INFO]: Registering Mod Items for forcemaster_rpg
[18:44:59] [main/INFO]: Registering Item Groups for forcemaster_rpg
[18:44:59] [main/INFO]: Reflections took 26 ms to scan 1 urls, producing 2 keys and 9 values
[18:45:00] [Placebo (FakerLib) Patreon Trail Loader/INFO]: Loaded 33 patreon trails.
[18:45:00] [Placebo (FakerLib) Patreon Wing Loader/INFO]: Loaded 25 patreon wings.
[18:45:00] [main/INFO]: Initialized Frostiful!
[18:45:00] [main/INFO]: Registering C2S receiver with id ftbchunks:request_map_data
[18:45:00] [main/INFO]: Registering C2S receiver with id ftbchunks:request_chunk_change
[18:45:00] [main/INFO]: Registering C2S receiver with id ftbchunks:teleport_from_map
[18:45:00] [main/INFO]: Registering C2S receiver with id ftbchunks:sync_tx
[18:45:00] [main/INFO]: Registering C2S receiver with id ftbchunks:update_force_load_expiry
[18:45:00] [main/INFO]: Registering C2S receiver with id ftbchunks:server_config_request
[18:45:00] [main/INFO]: Registering C2S receiver with id ftblibrary:edit_nbt_response
[18:45:00] [main/INFO]: Registering C2S receiver with id ftbquests:submit_task
[18:45:00] [main/INFO]: Registering C2S receiver with id ftbquests:claim_reward
[18:45:00] [main/INFO]: Registering C2S receiver with id ftbquests:get_emergency_items
[18:45:00] [main/INFO]: Registering C2S receiver with id ftbquests:claim_all_rewards
[18:45:00] [main/INFO]: Registering C2S receiver with id ftbquests:claim_choice_reward
[18:45:00] [main/INFO]: Registering C2S receiver with id ftbquests:toggle_pinned
[18:45:00] [main/INFO]: Registering C2S receiver with id ftbquests:toggle_chapter_pinned
[18:45:00] [main/INFO]: Registering C2S receiver with id ftbquests:toggle_editing_mode
[18:45:00] [main/INFO]: Registering C2S receiver with id ftbquests:force_save
[18:45:00] [main/INFO]: Registering C2S receiver with id ftbquests:set_custom_image
[18:45:00] [main/INFO]: Registering C2S receiver with id ftbquests:task_screen_config_resp
[18:45:00] [main/INFO]: Registering C2S receiver with id ftbquests:change_progress
[18:45:00] [main/INFO]: Registering C2S receiver with id ftbquests:create_object
[18:45:00] [main/INFO]: Registering C2S receiver with id ftbquests:create_task_at
[18:45:00] [main/INFO]: Registering C2S receiver with id ftbquests:delete_object
[18:45:00] [main/INFO]: Registering C2S receiver with id ftbquests:edit_object
[18:45:00] [main/INFO]: Registering C2S receiver with id ftbquests:move_chapter
[18:45:00] [main/INFO]: Registering C2S receiver with id ftbquests:move_quest
[18:45:00] [main/INFO]: Registering C2S receiver with id ftbquests:change_chapter_group
[18:45:00] [main/INFO]: Registering C2S receiver with id ftbquests:move_chapter_group
[18:45:00] [main/INFO]: Registering C2S receiver with id ftbquests:copy_quest
[18:45:00] [main/INFO]: Registering C2S receiver with id ftbquests:copy_chapter_image
[18:45:00] [main/INFO]: Registering C2S receiver with id ftbquests:sync_structures_request
[18:45:00] [main/INFO]: Registering C2S receiver with id ftbquests:request_team_data
[18:45:00] [main/INFO]: Registering C2S receiver with id ftbteams:open_gui
[18:45:00] [main/INFO]: Registering C2S receiver with id ftbteams:update_settings
[18:45:00] [main/INFO]: Registering C2S receiver with id ftbteams:send_message
[18:45:00] [main/INFO]: Registering C2S receiver with id ftbteams:create_party
[18:45:00] [main/INFO]: Registering C2S receiver with id ftbteams:player_gui_operation
[18:45:00] [main/INFO]: [FTB Chunks] Common Protection API integration activated
[18:45:00] [main/INFO]: Is initializing.
[18:45:00] [main/INFO]: Has successfully been initialized.
[18:45:01] [main/INFO]: Successfully registered 21 note sounds of genshinstrument:windsong_lyre
[18:45:01] [main/INFO]: Successfully registered 21 note sounds of genshinstrument:vintage_lyre
[18:45:01] [main/INFO]: Successfully registered 21 note sounds of genshinstrument:floral_zither_new
[18:45:01] [main/INFO]: Successfully registered 21 note sounds of genshinstrument:floral_zither_old
[18:45:01] [main/INFO]: Successfully registered 2 note sounds of genshinstrument:glorious_drum
[18:45:01] [main/INFO]: Registered all note sounds for instruments
[18:45:01] [main/INFO]: Registered all instrument items
[18:45:01] [main/INFO]: Initializing Mim1q's Commons
[18:45:01] [main/INFO]: Registered JSON trade offer adapter.
[18:45:01] [main/INFO]: Initializing hybrid-aquatic
[18:45:01] [main/ERROR]: No data fixer registered for hybrid-aquatic:anemone
[18:45:01] [main/ERROR]: No data fixer registered for hybrid-aquatic:giant_clam
[18:45:01] [main/ERROR]: No data fixer registered for hybrid-aquatic:message_in_a_bottle
[18:45:01] [main/ERROR]: No data fixer registered for hybrid-aquatic:buoy
[18:45:01] [main/ERROR]: No data fixer registered for hybrid-aquatic:hydrothermal_vent
[18:45:01] [main/ERROR]: No data fixer registered for hybrid-aquatic:tube_sponge
[18:45:02] [main/INFO]: Constructing common components for illagerinvasion:main
[18:45:02] [main/INFO]: Hello Fabric world!
[18:45:02] [main/INFO]: File exists, reading config for elocindev.item_obliterator.fabric_quilt.config.ConfigEntries.
[18:45:02] [main/INFO]: Config for elocindev.item_obliterator.fabric_quilt.config.ConfigEntries read successfully.
[18:45:02] [main/INFO]: Item Obliterator Config Loaded
[18:45:02] [main/INFO]: Registering C2S receiver with id itemfilters:main/14e7fa1454283aec8ae811ef844ada28
[18:45:02] [main/INFO]: Registering C2S receiver with id itemfilters:main/8f6a899247753217b9d86ab427a2b279
[18:45:02] [main/INFO]: Hello from  kevsequipmentsets!
[18:45:02] [main/INFO]: Loading gear core data pack for  kevsequipmentsets
[18:45:02] [main/INFO]: Hello from kevslibrary!
[18:45:02] [main/INFO]: Loading Resourcepack for kevslibrary
[18:45:02] [main/INFO]: Hello from kevstierifymodifiers!
[18:45:02] [main/INFO]: Loading tiered data pack for kevstierifymodifiers
[18:45:02] [main/INFO]: [STDOUT]: /workspaces/MSX/servidor_minecraft/config
[18:45:02] [main/INFO]: [KONKRETE] Successfully initialized!
[18:45:02] [main/INFO]: [KONKRETE] Server-side libs ready to use!
[18:45:02] [main/INFO]: Initialize mod Library Ferret
[18:45:02] [main/INFO]: Initialized mod Library Ferret
[18:45:02] [main/INFO]: Loaded FabricRegistrationFactory for service Factory
[18:45:02] [main/INFO]: Loaded FabricPlatformHelper for service IPlatformHelper
[18:45:02] [main/INFO]: Config 'livingthings.json' was successfully loaded.
[18:45:02] [main/INFO]: Config 'penguin.json' was successfully loaded.
[18:45:02] [main/INFO]: Config 'elephant.json' was successfully loaded.
[18:45:02] [main/INFO]: Config 'giraffe.json' was successfully loaded.
[18:45:02] [main/INFO]: Config 'lion.json' was successfully loaded.
[18:45:02] [main/INFO]: Config 'shark.json' was successfully loaded.
[18:45:02] [main/INFO]: Config 'ostrich.json' was successfully loaded.
[18:45:02] [main/INFO]: Config 'flamingo.json' was successfully loaded.
[18:45:02] [main/INFO]: Config 'crab.json' was successfully loaded.
[18:45:02] [main/INFO]: Config 'mantaray.json' was successfully loaded.
[18:45:02] [main/INFO]: Config 'raccoon.json' was successfully loaded.
[18:45:02] [main/INFO]: Config 'owl.json' was successfully loaded.
[18:45:02] [main/INFO]: Config 'ancient_blaze.json' was successfully loaded.
[18:45:02] [main/INFO]: Config 'koala.json' was successfully loaded.
[18:45:02] [main/INFO]: Config 'snail.json' was successfully loaded.
[18:45:02] [main/INFO]: Config 'monkey.json' was successfully loaded.
[18:45:02] [main/INFO]: Config 'nether_knight.json' was successfully loaded.
[18:45:02] [main/INFO]: Config 'shroomie.json' was successfully loaded.
[18:45:02] [main/INFO]: Config 'seahorse.json' was successfully loaded.
[18:45:02] [main/INFO]: Config 'baby_ender_dragon.json' was successfully loaded.
[18:45:02] [main/INFO]: Config 'peacock.json' was successfully loaded.
[18:45:02] [main/INFO]: Registering MobAttributes
[18:45:02] [main/INFO]: Registering SpawnPlacements
[18:45:03] [main/INFO]: Registering C2S receiver with id magistuarmory:packet_long_reach_attack
[18:45:03] [main/INFO]: Registering C2S receiver with id magistuarmory:packet_lance_collision
[18:45:03] [main/INFO]: Loaded maxhealthfix for Fabric.
[18:45:03] [main/INFO]: Registering Blocks for mcda
[18:45:03] [main/INFO]: Loading Medieval Origins
[18:45:03] [main/INFO]: Registering Sounds for medievalorigins
[18:45:04] [main/INFO]: Definitely not up to no good
[18:45:04] [main/INFO]: Registering Mod Items for more_rpg_classes
[18:45:04] [main/INFO]: Registering Item Groups for more_rpg_classes
[18:45:04] [main/INFO]: Constructing common components for mutantmonsters:main
[18:45:04] [main/INFO]: Loading common config for mutantmonsters
[18:45:04] [Thread-5/INFO]: Reloading common config for mutantmonsters
[18:45:05] [main/INFO]: [Mythic Metals] I see HarvestScythes. I'll take care of DH so you don't have to
[18:45:05] [main/INFO]: [Mythic Metals] Have fun using Origins!
[18:45:05] [main/INFO]: [Mythic Metals] Terralith detected. Please go over the config and disable Overworld Nether Ores
[18:45:05] [main/INFO]: [Mythic Metals] Many ores spawn in unexpected ways due to the new overworld. Modpack devs, take note of this
[18:45:05] [main/INFO]: [Mythic Metals] Mythic Metals is now initialized.
[18:45:05] [main/INFO]: Hello from Mythic Mobs!
[18:45:05] [main/INFO]: Registering items for Mythic Mobs
[18:45:05] [main/INFO]: Registering blocks for Mythic Mobs
[18:45:05] [main/INFO]: Registering item group for Mythic Mobs
[18:45:05] [main/INFO]: Registering entities for Mythic Mobs
[18:45:05] [main/INFO]: Registering particles for Mythic Mobs
[18:45:05] [main/INFO]: Registering block entities for Mythic Mobs
[18:45:05] [main/INFO]: Registering sounds for Mythic Mobs
[18:45:05] [main/INFO]: Generating world-gen for Mythic Mobs
[18:45:05] [main/INFO]: Necronomicon Initialized
[18:45:05] [main/INFO]: File exists, reading config for elocindev.necronomicon.NecronomiconConfig.
[18:45:05] [main/INFO]: Config for elocindev.necronomicon.NecronomiconConfig read successfully.
[18:45:05] [main/INFO]: Registering Items for netherdepthsupgrade
[18:45:05] [main/INFO]: Registering Blocks for netherdepthsupgrade
[18:45:05] [main/INFO]: Registering Block Entities for netherdepthsupgrade
[18:45:05] [main/INFO]: Registering tabs for netherdepthsupgrade
[18:45:05] [main/INFO]: Registering Entity Types for netherdepthsupgrade
[18:45:05] [main/INFO]: Registering Effects for netherdepthsupgrade
[18:45:05] [main/INFO]: Registering Potions for netherdepthsupgrade
[18:45:05] [main/INFO]: Registering Enchantments for netherdepthsupgrade
[18:45:05] [main/INFO]: Registering Particles for netherdepthsupgrade
[18:45:05] [main/INFO]: Registering Features for netherdepthsupgrade
[18:45:05] [main/INFO]: Registering ConfiguredFeatures for netherdepthsupgrade
[18:45:05] [main/INFO]: Registering PlacedFeatures for netherdepthsupgrade
[18:45:05] [main/INFO]: Registering Structures for netherdepthsupgrade
[18:45:05] [main/INFO]: Setting up compat for Farmers Delight
[18:45:05] [main/INFO]: KONNICHIWA ZA WARUDO!
[18:45:05] [main/INFO]: Default JVM text encoding is: UTF-8
[18:45:05] [main/INFO]: Reading config file NoChatReports/NCR-Common.json...
[18:45:05] [main/INFO]: Writing config file NoChatReports/NCR-Common.json...
[18:45:05] [main/INFO]: Loading Noisium.
[18:45:05] [main/INFO]: Registering class observable.net.BetterChannel$PartialPacketBegin
[18:45:05] [main/INFO]: Registering C2S receiver with id minecraft:channel/observable/61a49a35c5283c0aaa7b0dfea5b7a53a
[18:45:05] [main/INFO]: Registered class observable.net.BetterChannel$PartialPacketBegin
[18:45:05] [main/INFO]: Registering class observable.net.BetterChannel$PartialPacketData
[18:45:05] [main/INFO]: Registering C2S receiver with id minecraft:channel/observable/3dd73fd88be832559bc3a3c4a2e63b4a
[18:45:05] [main/INFO]: Registered class observable.net.BetterChannel$PartialPacketData
[18:45:05] [main/INFO]: Registering class observable.net.C2SPacket$InitTPSProfile
[18:45:05] [main/INFO]: Registering C2S receiver with id minecraft:channel/observable/b453c08f23b83b82b690c31bf8b2a45a
[18:45:05] [main/INFO]: Registered class observable.net.C2SPacket$InitTPSProfile
[18:45:05] [main/INFO]: Registering class observable.net.C2SPacket$RequestAvailability
[18:45:05] [main/INFO]: Registering C2S receiver with id minecraft:channel/observable/0c662822629034678f5a8f0e70375315
[18:45:05] [main/INFO]: Registered class observable.net.C2SPacket$RequestAvailability
[18:45:05] [main/INFO]: Registering class observable.net.S2CPacket$ProfilingStarted
[18:45:05] [main/INFO]: Registering C2S receiver with id minecraft:channel/observable/2e815604a29b3a5cbfe0208e619d86c4
[18:45:05] [main/INFO]: Registered class observable.net.S2CPacket$ProfilingStarted
[18:45:05] [main/INFO]: Registering class observable.net.S2CPacket$ProfilingCompleted
[18:45:05] [main/INFO]: Registering C2S receiver with id minecraft:channel/observable/9ae83199b65a3768862799cc5e461a02
[18:45:05] [main/INFO]: Registered class observable.net.S2CPacket$ProfilingCompleted
[18:45:05] [main/INFO]: Registering class observable.net.S2CPacket$ProfilerInactive
[18:45:05] [main/INFO]: Registering C2S receiver with id minecraft:channel/observable/ae8dfae1238e312397aa53e9d14c45ca
[18:45:05] [main/INFO]: Registered class observable.net.S2CPacket$ProfilerInactive
[18:45:05] [main/INFO]: Registering class observable.net.S2CPacket$ProfilingResult
[18:45:05] [main/INFO]: Registering C2S receiver with id minecraft:channel/observable/3a94cae7336038df9152bcb7b4b94825
[18:45:05] [main/INFO]: Registered class observable.net.S2CPacket$ProfilingResult
[18:45:05] [main/INFO]: Registering class observable.net.S2CPacket$Availability
[18:45:05] [main/INFO]: Registering C2S receiver with id minecraft:channel/observable/c86a824e756d312396d1ba30e943e6aa
[18:45:05] [main/INFO]: Registered class observable.net.S2CPacket$Availability
[18:45:05] [main/INFO]: Origins 1.10.0 is initializing. Have fun!
[18:45:05] [main/INFO]: Blodhgarm: Did you know it took four switcheroos to implement the Matrices in the correct folder
[18:45:05] [main/ERROR]: Failed to load book betternether:betternether_book defined by mod betternether, skipping
java.lang.IllegalArgumentException: Book betternether:betternether_book has use_resource_pack set to false. This behaviour was removed in 1.20. The book author should enable this flag and move all book contents clientside to /assets/, leaving the book.json in /data/. See https://vazkiimods.github.io/Patchouli/docs/upgrading/upgrade-guide-120 for details.
	at vazkii.patchouli.common.book.Book.<init>(Book.java:145) ~[Patchouli-1.20.1-84-FABRIC.jar:?]
	at vazkii.patchouli.common.book.BookRegistry.loadBook(BookRegistry.java:90) ~[Patchouli-1.20.1-84-FABRIC.jar:?]
	at vazkii.patchouli.common.book.BookRegistry.lambda$init$3(BookRegistry.java:75) ~[Patchouli-1.20.1-84-FABRIC.jar:?]
	at java.util.HashMap.forEach(HashMap.java:1421) ~[?:?]
	at vazkii.patchouli.common.book.BookRegistry.init(BookRegistry.java:70) ~[Patchouli-1.20.1-84-FABRIC.jar:?]
	at vazkii.patchouli.fabric.common.FabricModInitializer.onInitialize(FabricModInitializer.java:33) ~[Patchouli-1.20.1-84-FABRIC.jar:?]
	at net.fabricmc.loader.impl.FabricLoaderImpl.invokeEntrypoints(FabricLoaderImpl.java:399) ~[fabric-loader-0.16.3.jar:?]
	at net.fabricmc.loader.impl.game.minecraft.Hooks.startServer(Hooks.java:63) ~[fabric-loader-0.16.3.jar:?]
	at net.minecraft.server.Main.main(Main.java:112) ~[server-intermediary.jar:?]
	at net.fabricmc.loader.impl.game.minecraft.MinecraftGameProvider.launch(MinecraftGameProvider.java:480) ~[fabric-loader-0.16.3.jar:?]
	at net.fabricmc.loader.impl.launch.knot.Knot.launch(Knot.java:74) ~[fabric-loader-0.16.3.jar:?]
	at net.fabricmc.loader.impl.launch.knot.KnotServer.main(KnotServer.java:23) ~[fabric-loader-0.16.3.jar:?]
	at net.fabricmc.loader.impl.launch.server.FabricServerLauncher.main(FabricServerLauncher.java:69) ~[fabric-loader-0.16.3.jar:?]
	at net.fabricmc.installer.ServerLauncher.main(ServerLauncher.java:69) ~[fabric-server-launch.jar:1.0.1]
[18:45:05] [main/INFO]: Loading Configs for Phantasm
[18:45:05] [main/INFO]: Couldn't get to end of path : "[world_gen, improve_end_spires]", defaulting to true
[18:45:05] [main/INFO]: Registering Items for modid : phantasm
[18:45:05] [main/INFO]: Registering ItemGroups for modid : phantasm
[18:45:05] [main/INFO]: Registering Blocks for modid : phantasm
[18:45:05] [main/INFO]: Registering Trunk and Foliage Placers for modid : phantasm
[18:45:05] [main/INFO]: Registering Features for modid : phantasm
[18:45:06] [main/INFO]: Registering Mod items forplentyofarmors
[18:45:06] [main/INFO]: Constructing common components for puzzleslib:main
[18:45:06] [main/INFO]: Finished validating config for qu-enchantments
[18:45:06] [main/INFO]: Registering ModEnchantments for qu-enchantments
[18:45:06] [main/INFO]: Registering ModBlocks for qu-enchantments
[18:45:06] [main/INFO]: Registering ModItems for qu-enchantments
[18:45:06] [main/INFO]: Finished registering Mod Particles for qu-enchantments
[18:45:06] [main/INFO]: Finished Initializing qu-enchantments
[18:45:06] [main/INFO]: Initializing ReddensstonelanternMod
[18:45:07] [main/INFO]: [Regions Unexplored] generating and loading config
[18:45:07] [main/INFO]: [REI] Registered plugin provider AlloyForgeryCommonPlugin [alloy_forgery] for REIPlugin
[18:45:07] [main/INFO]: Registering C2S receiver with id roughlyenoughitems:request_tags_c2s
[18:45:07] [main/INFO]: [REI] Registered plugin provider DefaultPlugin [roughlyenoughitems] for REIPlugin
[18:45:07] [main/INFO]: [REI] Registered plugin provider DefaultRuntimePlugin [roughlyenoughitems] for REIPlugin
[18:45:07] [main/INFO]: [REI] Registered plugin provider AlloyForgeryCommonPlugin [alloy_forgery] for REIServerPlugin
[18:45:07] [main/INFO]: [REI] Registered plugin provider DefaultPlugin [roughlyenoughitems] for REIServerPlugin
[18:45:07] [main/INFO]: [REI] Registered plugin provider DefaultRuntimePlugin [roughlyenoughitems] for REIServerPlugin
[18:45:07] [main/INFO]: [REI] Registered plugin provider FabricFluidAPISupportPlugin for REIServerPlugin
[18:45:07] [main/INFO]: [REI] Registered plugin provider FabricFluidAPISupportPlugin for REIPlugin
[18:45:07] [main/INFO]: Registering C2S receiver with id roughlyenoughitems:delete_item
[18:45:07] [main/INFO]: Registering C2S receiver with id roughlyenoughitems:create_item
[18:45:07] [main/INFO]: Registering C2S receiver with id roughlyenoughitems:create_item_grab
[18:45:07] [main/INFO]: Registering C2S receiver with id roughlyenoughitems:create_item_hotbar
[18:45:07] [main/INFO]: Registering C2S receiver with id roughlyenoughitems:move_items
[18:45:07] [main/INFO]: Registering C2S receiver with id roughlyenoughitems:move_items_new
[18:45:08] [main/INFO]: Loading RPGMANA
[18:45:08] [main/INFO]: Registering Items for simplyskills
[18:45:08] [main/INFO]: Registering Entities for simplyskills
[18:45:08] [main/INFO]: [STDOUT]: /workspaces/MSX/servidor_minecraft/config
[18:45:08] [main/INFO]: Registering Mythic Metals compat Items for simplyswords
[18:45:08] [main/INFO]: Hello Fabric world!
[18:45:08] [main/INFO]: /workspaces/MSX/servidor_minecraft/config
[18:45:08] [main/INFO]: Extended MushroomCow$Type values: [RED, BROWN, BLACK, WHITE]
[18:45:08] [main/INFO]: Extended Boat$Type values: [oak, spruce, birch, jungle, acacia, cherry, dark_oak, mangrove, bamboo, aspen, desert_oak, eucalyptus, kapok, redwood, willow]
[18:45:09] [main/INFO]: Config initialized!
[18:45:09] [main/INFO]: Successfully initialized Geckolib!
[18:45:09] [main/INFO]: Successfully registered SoulsWeapons content!
[18:45:09] [main/INFO]: Successfully registered recipes!
[18:45:09] [main/INFO]: Successfully registered built-in 2D model resourcepack!
[18:45:09] [main/INFO]: Initializing done, time taken: 385ms
[18:45:09] [main/INFO]: Hello Fabric world!
[18:45:09] [main/INFO]: structureessentials mod initialized
[18:45:09] [main/INFO]: Registered region minecraft:overworld to index 0 for type OVERWORLD
[18:45:09] [main/INFO]: Registered region minecraft:nether to index 0 for type NETHER
[18:45:09] [main/INFO]: Registered region nyctophobia:biome_provider to index 1 for type OVERWORLD
[18:45:09] [main/INFO]: Registered region regions_unexplored:primary to index 2 for type OVERWORLD
[18:45:09] [main/INFO]: Registered region regions_unexplored:secondary to index 3 for type OVERWORLD
[18:45:09] [main/INFO]: Registered region regions_unexplored:nether to index 1 for type NETHER
[18:45:09] [main/INFO]: Registered region slayersbeasts:overworld to index 4 for type OVERWORLD
[18:45:09] [main/INFO]: Registered region slayersbeasts:nether to index 2 for type NETHER
[18:45:09] [main/INFO]: Creating environment manager EnvironmentManager{controller=com.github.thedeathlycow.thermoo.api.temperature.EmptyEnvironmentController}
[18:45:09] [main/INFO]: Thermoo initialized
[18:45:09] [main/INFO]: File exists, reading config for elocindev.tierify.config.CommonConfig.
[18:45:09] [main/INFO]: Config for elocindev.tierify.config.CommonConfig read successfully.
[18:45:09] [main/INFO]: Config loaded
[18:45:09] [main/INFO]: Tom's Storage Setup starting
[18:45:11] [main/INFO]: [Collective] JSON file 'entity_names.json' generation requested by mod 'villagernames'.
[18:45:11] [main/INFO]: Registered JSON trade offer adapter.
[18:45:11] [main/INFO]: Constructing common components for visualworkbench:main
[18:45:11] [main/INFO]: Wabi-Sabi Structures initialized
[18:45:11] [main/INFO]: [STDOUT]: All 86 have been set properly
[18:45:11] [main/INFO]: Initialize YDM's WeaponMaster Mod!
[18:45:11] [main/INFO]: Registering Mod Items for witcher_rpg
[18:45:11] [main/INFO]: Registering Item Groups for witcher_rpg
[18:45:11] [main/INFO]: Reflections took 3 ms to scan 1 urls, producing 1 keys and 4 values
[18:45:11] [main/INFO]: Reflections took 3 ms to scan 1 urls, producing 1 keys and 4 values
[18:45:11] [main/INFO]: Reflections took 2 ms to scan 1 urls, producing 1 keys and 2 values
[18:45:11] [main/INFO]: Reflections took 0 ms to scan 1 urls, producing 1 keys and 2 values
[18:45:11] [main/INFO]: Chose [Entity Tags] as the active game stages implementation
[18:45:11] [main/INFO]: Setting permissions provider implementation to: FTB Ranks
[18:45:11] [main/INFO]: Chose [FTB Ranks] as the active permissions implementation
[18:45:11] [main/INFO]: [FTB Quests] recipe helper provider is [REI]
[18:45:11] [main/INFO]: [FTB Quests] Enabled Item Filters integration
[18:45:11] [main/INFO]: [FTB Chunks] FTB Ranks detected, listening for ranks events
[18:45:12] [main/INFO]: Initializing 'Better Statistics Screen' as 'BetterStatsServer'.
[18:45:12] [main/INFO]: Its Morbin' time
[18:45:12] [main/INFO]: Initialized Frostiful server!
[18:45:12] [main/INFO]: Initialized block sets in 39ms
[18:45:12] [main/INFO]: Loaded config smarterfarmers-common.json
[18:45:12] [main/INFO]: Loaded config dummmmmmy-common.json
[18:45:12] [main/INFO]: Loaded config sawmill-common.json
[18:45:12] [main/INFO]: Initialized color sets in 88ms
[18:45:12] [main/INFO]: Initializing 'TCD Commons API' 3.9.6+fabric-1.20.1 as 'TCDCommonsServer'.
[18:45:12] [main/INFO]: Loading Xaero's Minimap - Stage 1/2 (Server)
[18:45:12] [main/INFO]: Loading Xaero's World Map - Stage 1/2 (Server)
[18:45:12] [main/INFO]: Loading [Harvest Scythes]
[18:45:12] [main/INFO]: [Mythic Metals] detected. Loading supported items.
[18:45:12] [main/INFO]: [Harvest Scythes] has successfully been loaded!
[18:45:12] [main/INFO]: Environment: authHost='https://authserver.mojang.com', accountsHost='https://api.mojang.com', sessionHost='https://sessionserver.mojang.com', servicesHost='https://api.minecraftservices.com', name='PROD'
[18:45:12] [main/INFO]: [DataFixerAPI] Applying Patch{betternether:5.3.5:21020677}
[18:45:12] [main/INFO]: [DataFixerAPI] Applying Patch{betternether:8.2.2:33587202}
[18:45:12] [main/INFO]: [DataFixerAPI] Applying Patch{betternether:9.0.1:37748737}
[18:45:12] [main/INFO]: [DataFixerAPI] Applying Patch{bclib:3.0.11:12582923}
[18:45:12] [main/INFO]: [bclib] Running Pre Patchers on ./world/.
[18:45:12] [main/WARN]: [bclib] Applying Fixes on Level
[18:45:12] [main/INFO]: [bclib] Patcher Stage... Reading Data%
[18:45:12] [main/INFO]: [bclib] Patcher Stage... Fixing Players%
[18:45:12] [main/INFO]: [DataFixerAPI] Inspecting ./world/./playerdata/bca94202-89e4-337a-a0ac-6123b2358471.dat
[18:45:12] [ForkJoinPool.commonPool-worker-1/INFO]: [DataFixerAPI] Inspecting ./world/./playerdata/603693bf-f23a-3539-adc6-228f3471e88d.dat
[18:45:13] [main/INFO]: [bclib] Patcher Stage... Applying Patches to level.dat%
[18:45:13] [main/INFO]: [DataFixerAPI] Inspecting level.dat in ./world/.
[18:45:13] [main/INFO]: [bclib] Patcher Stage... Patching Custom World-Data%
[18:45:13] [main/INFO]: [bclib] Patcher Stage... Repairing all Regions%
[18:45:13] [main/INFO]: [DataFixerAPI] Inspecting ./world/./entities/r.-2.-1.mca
[18:45:13] [ForkJoinPool.commonPool-worker-2/INFO]: [DataFixerAPI] Inspecting ./world/./region/r.-1.-1.mca
[18:45:13] [ForkJoinPool.commonPool-worker-1/INFO]: [DataFixerAPI] Inspecting ./world/./region/r.-2.-1.mca
[18:45:13] [ForkJoinPool.commonPool-worker-3/INFO]: [DataFixerAPI] Inspecting ./world/./region/r.-1.1.mca
[18:45:13] [main/INFO]: [DataFixerAPI] Inspecting ./world/./poi/r.-1.0.mca
[18:45:13] [ForkJoinPool.commonPool-worker-3/INFO]: [DataFixerAPI] Inspecting ./world/./region/r.-1.0.mca
[18:45:14] [main/INFO]: [bclib] Patching... 28%
[18:45:14] [main/INFO]: [DataFixerAPI] Inspecting ./world/./entities/r.0.-1.mca
[18:45:14] [main/INFO]: [DataFixerAPI] Inspecting ./world/./entities/r.-2.0.mca
[18:45:14] [main/INFO]: [DataFixerAPI] Inspecting ./world/./entities/r.0.0.mca
[18:45:14] [main/INFO]: [DataFixerAPI] Inspecting ./world/./poi/r.-2.-1.mca
[18:45:14] [main/INFO]: [DataFixerAPI] Inspecting ./world/./poi/r.0.-1.mca
[18:45:14] [main/INFO]: [DataFixerAPI] Inspecting ./world/./poi/r.-2.1.mca
[18:45:14] [main/INFO]: [DataFixerAPI] Inspecting ./world/./poi/r.0.0.mca
[18:45:14] [main/INFO]: [DataFixerAPI] Inspecting ./world/./poi/r.-2.0.mca
[18:45:14] [main/INFO]: [DataFixerAPI] Inspecting ./world/./poi/r.-1.-1.mca
[18:45:15] [main/INFO]: [DataFixerAPI] Inspecting ./world/./entities/r.-1.0.mca
[18:45:15] [main/INFO]: [DataFixerAPI] Inspecting ./world/./entities/r.-1.-1.mca
[18:45:15] [main/INFO]: [DataFixerAPI] Inspecting ./world/./region/r.0.-1.mca
[18:45:15] [main/INFO]: [bclib] Patching... 71%
[18:45:15] [main/INFO]: [DataFixerAPI] Inspecting ./world/./region/r.-2.0.mca
[18:45:16] [ForkJoinPool.commonPool-worker-1/INFO]: [DataFixerAPI] Inspecting ./world/./region/r.-2.1.mca
[18:45:16] [ForkJoinPool.commonPool-worker-1/INFO]: [DataFixerAPI] Inspecting ./world/./region/r.0.0.mca
[18:45:16] [ForkJoinPool.commonPool-worker-2/INFO]: [DataFixerAPI] Inspecting ./world/./region/r.0.1.mca
[18:45:17] [ForkJoinPool.commonPool-worker-2/INFO]: [bclib] Patching... 85%
[18:45:17] [main/INFO]: [bclib] Patcher Stage... Saving Patch State%
[18:45:17] [main/INFO]: [DataFixerAPI] Updating Patch-Level for 'betternether' from 0.0.0 to 9.0.1
[18:45:17] [main/INFO]: [DataFixerAPI] Updating Patch-Level for 'bclib' from 0.0.0 to 3.0.11
[18:45:17] [main/INFO]: ARRP register - before user
[18:45:17] [main/INFO]: ARRP register - before vanilla
[18:45:17] [main/INFO]: ARRP register - between vanilla and mods
[18:45:17] [main/INFO]: ARRP register - between mods and user
[18:45:17] [main/INFO]: ARRP register - after vanilla
[18:45:17] [main/INFO]: [bclib] Did not manage biome betterend:empty_aurora_cave
[18:45:17] [main/INFO]: [bclib] Did not manage biome betterend:empty_end_cave
[18:45:17] [main/INFO]: [bclib] Did not manage biome betterend:empty_smaragdant_cave
[18:45:17] [main/INFO]: [bclib] Did not manage biome betterend:jade_cave
[18:45:17] [main/INFO]: [bclib] Did not manage biome betterend:lush_aurora_cave
[18:45:17] [main/INFO]: [bclib] Did not manage biome betterend:lush_smaragdant_cave
[18:45:17] [main/INFO]: [bclib] Did not manage biome betterend:megalake_grove
[18:45:17] [main/INFO]: [bclib] Did not manage biome betterend:neon_oasis
[18:45:17] [main/INFO]: [bclib] Did not manage biome betterend:painted_mountains
[18:45:20] [main/INFO]: Structure placement for `awesomedungeon:abandoned_oak_palace/start_pool`: { spacing: 50, separation: 25, salt: 1694767080, useValueFromConfiguration: true}
[18:45:20] [main/INFO]: Structure placement for `awesomedungeon:better_default_jungle_temple/start_pool`: { spacing: 50, separation: 25, salt: 1654787080, useValueFromConfiguration: true}
[18:45:20] [main/INFO]: Structure placement for `awesomedungeon:desert_temple_husk/start_pool`: { spacing: 50, separation: 25, salt: 1394767080, useValueFromConfiguration: true}
[18:45:20] [main/INFO]: Structure placement for `awesomedungeon:jungle_giant_tree/start_pool`: { spacing: 50, separation: 25, salt: 1494763380, useValueFromConfiguration: true}
[18:45:20] [main/INFO]: Structure placement for `awesomedungeon:mushroom_abandonned/start_pool`: { spacing: 50, separation: 25, salt: 1494227080, useValueFromConfiguration: true}
[18:45:20] [main/INFO]: Structure placement for `awesomedungeonnether:nth_absi_palace/start_pool`: { spacing: 50, separation: 25, salt: 19482856, useValueFromConfiguration: true}
[18:45:20] [main/INFO]: Structure placement for `awesomedungeonnether:nth_accum_quad/start_pool`: { spacing: 50, separation: 25, salt: 28482856, useValueFromConfiguration: true}
[18:45:20] [main/INFO]: Structure placement for `awesomedungeonnether:nth_blaze_tower/start_pool`: { spacing: 50, separation: 25, salt: 37482856, useValueFromConfiguration: true}
[18:45:20] [main/INFO]: Structure placement for `awesomedungeonnether:nth_center_square/start_pool`: { spacing: 50, separation: 25, salt: 46482856, useValueFromConfiguration: true}
[18:45:20] [main/INFO]: Structure placement for `awesomedungeonnether:nth_giant_crimson_tree/start_pool`: { spacing: 50, separation: 25, salt: 55482856, useValueFromConfiguration: true}
[18:45:20] [main/INFO]: Structure placement for `awesomedungeonnether:nth_obsi_house/start_pool`: { spacing: 50, separation: 25, salt: 64482856, useValueFromConfiguration: true}
[18:45:20] [main/INFO]: Structure placement for `awesomedungeon:swamp_big_temple/start_pool`: { spacing: 50, separation: 25, salt: 1594763280, useValueFromConfiguration: true}
[18:45:20] [main/INFO]: Structure placement for `awesomedungeon:the_usine/start_pool`: { spacing: 50, separation: 25, salt: 1694767078, useValueFromConfiguration: true}
[18:45:20] [main/INFO]: Structure placement for `awesomedungeon:t_z_tower/start_pool`: { spacing: 50, separation: 25, salt: 1794767078, useValueFromConfiguration: true}
[18:45:20] [main/INFO]: Structure placement for `awesomedungeon:witch_castle/start_pool`: { spacing: 50, separation: 25, salt: 1894776078, useValueFromConfiguration: true}
[18:45:21] [main/INFO]: [bclib] Updating Pickers for BCLib - The End  BiomeSource (1b95ddf2)
[18:45:21] [main/INFO]: [bclib] Unable to build Biome List yet
[18:45:21] [main/INFO]: [bclib] No Void Biomes found. Disabling by using barrens
[18:45:21] [main/INFO]: [bclib] No Barrens Biomes found. Disabling by using land Biomes
[18:45:21] [main/WARN]: [bclib] No Center Island Biomes found. Forcing use of vanilla center.
[18:45:21] [main/INFO]: [bclib] Make sure features are loaded from terrablender:org.betterx.bclib.api.v2.generator.BCLibEndBiomeSource
[18:45:21] [main/INFO]: [bclib] Updating Pickers for BCLib - Nether BiomeSource (a95cbac)
[18:45:21] [main/INFO]: [bclib] Unable to build Biome List yet
[18:45:21] [main/INFO]: [bclib] Make sure features are loaded from terrablender:org.betterx.bclib.api.v2.generator.BCLibNetherBiomeSource
[18:45:21] [main/INFO]: [bclib] Updating Pickers for BCLib - The End  BiomeSource (5ac3975d)
[18:45:21] [main/INFO]: [bclib] Unable to build Biome List yet
[18:45:21] [main/INFO]: [bclib] No Void Biomes found. Disabling by using barrens
[18:45:21] [main/INFO]: [bclib] No Barrens Biomes found. Disabling by using land Biomes
[18:45:21] [main/WARN]: [bclib] No Center Island Biomes found. Forcing use of vanilla center.
[18:45:21] [main/INFO]: [bclib] Make sure features are loaded from terrablender:org.betterx.bclib.api.v2.generator.BCLibEndBiomeSource
[18:45:21] [main/INFO]: [bclib] Updating Pickers for BCLib - Nether BiomeSource (bffb801)
[18:45:21] [main/INFO]: [bclib] Unable to build Biome List yet
[18:45:21] [main/INFO]: [bclib] Make sure features are loaded from terrablender:org.betterx.bclib.api.v2.generator.BCLibNetherBiomeSource
[18:45:21] [main/INFO]: [bclib] Updating Pickers for BCLib - The End  BiomeSource (488a2a79)
[18:45:21] [main/INFO]: [bclib] Unable to build Biome List yet
[18:45:21] [main/INFO]: [bclib] No Void Biomes found. Disabling by using barrens
[18:45:21] [main/INFO]: [bclib] No Barrens Biomes found. Disabling by using land Biomes
[18:45:21] [main/WARN]: [bclib] No Center Island Biomes found. Forcing use of vanilla center.
[18:45:21] [main/INFO]: [bclib] Make sure features are loaded from terrablender:org.betterx.bclib.api.v2.generator.BCLibEndBiomeSource
[18:45:21] [main/INFO]: [bclib] Updating Pickers for BCLib - Nether BiomeSource (63013a5b)
[18:45:21] [main/INFO]: [bclib] Unable to build Biome List yet
[18:45:21] [main/INFO]: [bclib] Make sure features are loaded from terrablender:org.betterx.bclib.api.v2.generator.BCLibNetherBiomeSource
[18:45:21] [main/INFO]: [bclib] Updating Pickers for BCLib - The End  BiomeSource (2b053d5f)
[18:45:21] [main/INFO]: [bclib] Unable to build Biome List yet
[18:45:21] [main/INFO]: [bclib] No Void Biomes found. Disabling by using barrens
[18:45:21] [main/INFO]: [bclib] No Barrens Biomes found. Disabling by using land Biomes
[18:45:21] [main/WARN]: [bclib] No Center Island Biomes found. Forcing use of vanilla center.
[18:45:21] [main/INFO]: [bclib] Make sure features are loaded from terrablender:org.betterx.bclib.api.v2.generator.BCLibEndBiomeSource
[18:45:21] [main/INFO]: [bclib] Updating Pickers for BCLib - Nether BiomeSource (1ce27bcf)
[18:45:21] [main/INFO]: [bclib] Unable to build Biome List yet
[18:45:21] [main/INFO]: [bclib] Make sure features are loaded from terrablender:org.betterx.bclib.api.v2.generator.BCLibNetherBiomeSource
[18:45:22] [main/INFO]: [betternether] Freeze Registry[ResourceKey[minecraft:root / worlds_together:worldgen/betterx/surface_rules] (Stable)]
[18:45:22] [main/INFO]: [betternether] Freeze Registry[ResourceKey[minecraft:root / worlds_together:worldgen/betterx/surface_rules] (Stable)]
[18:45:22] [main/INFO]: [betternether] Freeze Registry[ResourceKey[minecraft:root / worlds_together:worldgen/betterx/surface_rules] (Stable)]
[18:45:22] [main/INFO]: [betternether] Freeze Registry[ResourceKey[minecraft:root / worlds_together:worldgen/betterx/surface_rules] (Stable)]
[18:45:22] [main/WARN]: [bclib] No valid BCLBiome Registry available!
[18:45:22] [main/WARN]: [bclib] No valid Biome Registry available!
[18:45:22] [main/WARN]: Adding spell_power:fire to saved/remote registry.
[18:45:22] [main/WARN]: Adding spell_power:arcane to saved/remote registry.
[18:45:22] [main/WARN]: Adding aquamirae:armor_decrease to saved/remote registry.
[18:45:22] [main/WARN]: Adding spell_power:frost to saved/remote registry.
[18:45:22] [main/WARN]: Adding aquamirae:health_decrease to saved/remote registry.
[18:45:22] [main/INFO]: [fabric-registry-sync] Loaded registry data [file 1/4]
[18:45:23] [main/INFO]: [bclib] Updating Pickers for BCLib - Nether BiomeSource (5fba5131)
[18:45:23] [main/INFO]: [bclib] Unable to build Biome List yet
[18:45:23] [main/INFO]: [bclib] Make sure features are loaded from terrablender:org.betterx.bclib.api.v2.generator.BCLibNetherBiomeSource
[18:45:23] [main/INFO]: [bclib] Updating Pickers for BCLib - The End  BiomeSource (41aae8f2)
[18:45:23] [main/INFO]: [bclib] Unable to build Biome List yet
[18:45:23] [main/INFO]: [bclib] No Void Biomes found. Disabling by using barrens
[18:45:23] [main/INFO]: [bclib] No Barrens Biomes found. Disabling by using land Biomes
[18:45:23] [main/WARN]: [bclib] No Center Island Biomes found. Forcing use of vanilla center.
[18:45:23] [main/INFO]: [bclib] Make sure features are loaded from terrablender:org.betterx.bclib.api.v2.generator.BCLibEndBiomeSource
[18:45:23] [main/INFO]: [betternether] Freeze Registry[ResourceKey[minecraft:root / worlds_together:worldgen/betterx/surface_rules] (Stable)]
[18:45:23] [main/INFO]: [betternether] Freeze Registry[ResourceKey[minecraft:root / worlds_together:worldgen/betterx/surface_rules] (Stable)]
[18:45:24] [main/INFO]: Adding serverside commands..
[18:45:24] [main/INFO]: Command '/livingthings' registered
[18:45:24] [main/INFO]: Loading command nodes...
[18:45:24] [main/INFO]: Loaded 3584 command nodes
[18:45:25] [Worker-Main-3/ERROR]: Couldn't load tag amethyst_core:tier_two_spell_scepters as it is missing following references: #amethyst_core:tier_three_spell_scepters (from fabric)
[18:45:25] [Worker-Main-3/ERROR]: Couldn't load tag amethyst_core:tier_one_spell_scepters as it is missing following references: #amethyst_core:tier_two_spell_scepters (from fabric), #amethyst_core:tier_three_spell_scepters (from fabric)
[18:45:25] [Worker-Main-3/ERROR]: Couldn't load tag pack_it_up:magic_items as it is missing following references: #amethyst_core:tier_one_spell_scepters (from fabric)
[18:45:25] [Worker-Main-3/ERROR]: Couldn't load tag kevstags:basicweapons_daggers as it is missing following references: basicweapons:wooden_dagger (from fabric), basicweapons:stone_dagger (from fabric), basicweapons:iron_dagger (from fabric), basicweapons:golden_dagger (from fabric), basicweapons:diamond_dagger (from fabric), basicweapons:netherite_dagger (from fabric)
[18:45:25] [Worker-Main-3/ERROR]: Couldn't load tag frozenlib:dont_emit_use_game_events as it is missing following references: deeperdarker:transmitter (from fabric)
[18:45:26] [Worker-Main-3/ERROR]: Error while parsing loot table decoration entry. Found jungle_temple. Defaulting to MANSION
[18:45:26] [Worker-Main-3/ERROR]: Couldn't parse element loot_tables:ctov:chests/village/village_forager
com.google.gson.JsonSyntaxException: Missing expand, expected to find a Boolean
	at net.minecraft.class_3518.method_15270(class_3518.java:181) ~[server-intermediary.jar:?]
	at net.minecraft.class_91$class_92.method_450(class_91.java:86) ~[server-intermediary.jar:?]
	at net.minecraft.class_91$class_92.method_443(class_91.java:72) ~[server-intermediary.jar:?]
	at net.minecraft.class_85$class_90.method_441(class_85.java:151) ~[server-intermediary.jar:?]
	at net.minecraft.class_85$class_90.method_424(class_85.java:129) ~[server-intermediary.jar:?]
	at net.minecraft.class_79$class_5337.method_29319(class_79.java:86) ~[server-intermediary.jar:?]
	at net.minecraft.class_79$class_5337.method_517(class_79.java:74) ~[server-intermediary.jar:?]
	at net.minecraft.class_5330$class_5333.deserialize(class_5330.java:102) ~[server-intermediary.jar:?]
	at com.google.gson.internal.bind.TreeTypeAdapter.read(TreeTypeAdapter.java:76) ~[gson-2.10.jar:?]
	at com.google.gson.internal.bind.TypeAdapterRuntimeTypeWrapper.read(TypeAdapterRuntimeTypeWrapper.java:40) ~[gson-2.10.jar:?]
	at com.google.gson.internal.bind.ArrayTypeAdapter.read(ArrayTypeAdapter.java:72) ~[gson-2.10.jar:?]
	at com.google.gson.Gson.fromJson(Gson.java:1214) ~[gson-2.10.jar:?]
	at com.google.gson.Gson.fromJson(Gson.java:1319) ~[gson-2.10.jar:?]
	at com.google.gson.Gson.fromJson(Gson.java:1290) ~[gson-2.10.jar:?]
	at com.google.gson.internal.bind.TreeTypeAdapter$GsonContextImpl.deserialize(TreeTypeAdapter.java:179) ~[gson-2.10.jar:?]
	at net.minecraft.class_3518.method_15291(class_3518.java:463) ~[server-intermediary.jar:?]
	at net.minecraft.class_3518.method_15272(class_3518.java:471) ~[server-intermediary.jar:?]
	at net.minecraft.class_55$class_57.method_358(class_55.java:173) ~[server-intermediary.jar:?]
	at net.minecraft.class_55$class_57.deserialize(class_55.java:169) ~[server-intermediary.jar:?]
	at com.google.gson.internal.bind.TreeTypeAdapter.read(TreeTypeAdapter.java:76) ~[gson-2.10.jar:?]
	at com.google.gson.internal.bind.TypeAdapterRuntimeTypeWrapper.read(TypeAdapterRuntimeTypeWrapper.java:40) ~[gson-2.10.jar:?]
	at com.google.gson.internal.bind.ArrayTypeAdapter.read(ArrayTypeAdapter.java:72) ~[gson-2.10.jar:?]
	at com.google.gson.Gson.fromJson(Gson.java:1214) ~[gson-2.10.jar:?]
	at com.google.gson.Gson.fromJson(Gson.java:1319) ~[gson-2.10.jar:?]
	at com.google.gson.Gson.fromJson(Gson.java:1290) ~[gson-2.10.jar:?]
	at com.google.gson.internal.bind.TreeTypeAdapter$GsonContextImpl.deserialize(TreeTypeAdapter.java:179) ~[gson-2.10.jar:?]
	at net.minecraft.class_3518.method_15291(class_3518.java:463) ~[server-intermediary.jar:?]
	at net.minecraft.class_3518.method_15283(class_3518.java:481) ~[server-intermediary.jar:?]
	at net.minecraft.class_52$class_54.method_340(class_52.java:250) ~[server-intermediary.jar:?]
	at net.minecraft.class_52$class_54.deserialize(class_52.java:246) ~[server-intermediary.jar:?]
	at com.google.gson.internal.bind.TreeTypeAdapter.read(TreeTypeAdapter.java:76) ~[gson-2.10.jar:?]
	at com.google.gson.Gson.fromJson(Gson.java:1214) ~[gson-2.10.jar:?]
	at com.google.gson.Gson.fromJson(Gson.java:1319) ~[gson-2.10.jar:?]
	at com.google.gson.Gson.fromJson(Gson.java:1261) ~[gson-2.10.jar:?]
	at net.minecraft.class_8490.method_51205(class_8490.java:64) ~[server-intermediary.jar:?]
	at net.minecraft.class_8490.method_51204(class_8490.java:48) ~[server-intermediary.jar:?]
	at net.minecraft.class_60.method_51195(class_60.java:55) ~[server-intermediary.jar:?]
	at java.util.HashMap.forEach(HashMap.java:1421) ~[?:?]
	at net.minecraft.class_60.method_51189(class_60.java:55) ~[server-intermediary.jar:?]
	at java.util.concurrent.CompletableFuture$AsyncRun.run(CompletableFuture.java:1804) ~[?:?]
	at java.util.concurrent.CompletableFuture$AsyncRun.exec(CompletableFuture.java:1796) ~[?:?]
	at java.util.concurrent.ForkJoinTask.doExec(ForkJoinTask.java:373) ~[?:?]
	at java.util.concurrent.ForkJoinPool$WorkQueue.topLevelExec(ForkJoinPool.java:1182) ~[?:?]
	at java.util.concurrent.ForkJoinPool.scan(ForkJoinPool.java:1655) ~[?:?]
	at java.util.concurrent.ForkJoinPool.runWorker(ForkJoinPool.java:1622) ~[?:?]
	at java.util.concurrent.ForkJoinWorkerThread.run(ForkJoinWorkerThread.java:165) ~[?:?]
[18:45:27] [Worker-Main-3/ERROR]: Error while parsing loot table decoration entry. Found jungle_temple. Defaulting to MANSION
[18:45:27] [main/INFO]: Intercepted tag results
[18:45:27] [main/WARN]: Found loot table element validation problem in {loot_tables:phantasm:blocks/vivid_nihilium}.pools[0].entries[0].entry[1]: Empty children list
[18:45:27] [main/WARN]: Found loot table element validation problem in {loot_tables:phantasm:blocks/hanging_pream_leaves}.pools[0].entries[0].entry[1]: Empty children list
[18:45:35] [main/INFO]: [bclib] Disabling Recipe: bclib:test_star
[18:45:36] [main/ERROR]: Parsing error loading recipe knavesneeds:betternether/cincinnasite_diamond/twinblade
com.google.gson.JsonSyntaxException: Unknown item 'betterend:cincinnasite_diamond_upgrade_smithing_template'
	at net.minecraft.class_1869.method_17878(class_1869.java:272) ~[server-intermediary.jar:?]
	at java.util.Optional.orElseThrow(Optional.java:403) ~[?:?]
	at net.minecraft.class_1869.method_8155(class_1869.java:272) ~[server-intermediary.jar:?]
	at net.minecraft.class_1856.method_8107(class_1856.java:160) ~[server-intermediary.jar:?]
	at net.minecraft.class_1856.method_8102(class_1856.java:143) ~[server-intermediary.jar:?]
	at net.minecraft.class_1856.method_52177(class_1856.java:135) ~[server-intermediary.jar:?]
	at net.minecraft.class_8060$class_8061.method_48455(class_8060.java:87) ~[server-intermediary.jar:?]
	at net.minecraft.class_8060$class_8061.method_8121(class_8060.java:84) ~[server-intermediary.jar:?]
	at net.minecraft.class_1863.method_17720(class_1863.java:135) ~[server-intermediary.jar:?]
	at net.minecraft.class_1863.method_20705(class_1863.java:56) ~[server-intermediary.jar:?]
	at net.minecraft.class_1863.method_18788(class_1863.java:35) ~[server-intermediary.jar:?]
	at net.minecraft.class_4080.method_18790(class_4080.java:13) ~[server-intermediary.jar:?]
	at java.util.concurrent.CompletableFuture$UniAccept.tryFire(CompletableFuture.java:718) ~[?:?]
	at java.util.concurrent.CompletableFuture$Completion.run(CompletableFuture.java:482) ~[?:?]
	at net.minecraft.class_4014.method_18365(class_4014.java:69) ~[server-intermediary.jar:?]
	at net.minecraft.class_156.method_43498(class_156.java:950) ~[server-intermediary.jar:?]
	at net.minecraft.class_156.method_43499(class_156.java:938) ~[server-intermediary.jar:?]
	at net.minecraft.server.Main.main(Main.java:160) ~[server-intermediary.jar:?]
	at net.fabricmc.loader.impl.game.minecraft.MinecraftGameProvider.launch(MinecraftGameProvider.java:480) ~[fabric-loader-0.16.3.jar:?]
	at net.fabricmc.loader.impl.launch.knot.Knot.launch(Knot.java:74) ~[fabric-loader-0.16.3.jar:?]
	at net.fabricmc.loader.impl.launch.knot.KnotServer.main(KnotServer.java:23) ~[fabric-loader-0.16.3.jar:?]
	at net.fabricmc.loader.impl.launch.server.FabricServerLauncher.main(FabricServerLauncher.java:69) ~[fabric-loader-0.16.3.jar:?]
	at net.fabricmc.installer.ServerLauncher.main(ServerLauncher.java:69) ~[fabric-server-launch.jar:1.0.1]
[18:45:36] [main/ERROR]: Parsing error loading recipe amethyst_core:thrifty_imbuing
com.google.gson.JsonSyntaxException: Invalid or unsupported recipe type 'amethyst_imbuement:imbuing'
	at net.minecraft.class_1863.method_17875(class_1863.java:134) ~[server-intermediary.jar:?]
	at java.util.Optional.orElseThrow(Optional.java:403) ~[?:?]
	at net.minecraft.class_1863.method_17720(class_1863.java:134) ~[server-intermediary.jar:?]
	at net.minecraft.class_1863.method_20705(class_1863.java:56) ~[server-intermediary.jar:?]
	at net.minecraft.class_1863.method_18788(class_1863.java:35) ~[server-intermediary.jar:?]
	at net.minecraft.class_4080.method_18790(class_4080.java:13) ~[server-intermediary.jar:?]
	at java.util.concurrent.CompletableFuture$UniAccept.tryFire(CompletableFuture.java:718) ~[?:?]
	at java.util.concurrent.CompletableFuture$Completion.run(CompletableFuture.java:482) ~[?:?]
	at net.minecraft.class_4014.method_18365(class_4014.java:69) ~[server-intermediary.jar:?]
	at net.minecraft.class_156.method_43498(class_156.java:950) ~[server-intermediary.jar:?]
	at net.minecraft.class_156.method_43499(class_156.java:938) ~[server-intermediary.jar:?]
	at net.minecraft.server.Main.main(Main.java:160) ~[server-intermediary.jar:?]
	at net.fabricmc.loader.impl.game.minecraft.MinecraftGameProvider.launch(MinecraftGameProvider.java:480) ~[fabric-loader-0.16.3.jar:?]
	at net.fabricmc.loader.impl.launch.knot.Knot.launch(Knot.java:74) ~[fabric-loader-0.16.3.jar:?]
	at net.fabricmc.loader.impl.launch.knot.KnotServer.main(KnotServer.java:23) ~[fabric-loader-0.16.3.jar:?]
	at net.fabricmc.loader.impl.launch.server.FabricServerLauncher.main(FabricServerLauncher.java:69) ~[fabric-loader-0.16.3.jar:?]
	at net.fabricmc.installer.ServerLauncher.main(ServerLauncher.java:69) ~[fabric-server-launch.jar:1.0.1]
[18:45:36] [main/ERROR]: Parsing error loading recipe smallships:bamboo_drakkar
com.google.gson.JsonSyntaxException: Unknown item 'minecraft:bamboo_boat'
	at net.minecraft.class_1869.method_17878(class_1869.java:272) ~[server-intermediary.jar:?]
	at java.util.Optional.orElseThrow(Optional.java:403) ~[?:?]
	at net.minecraft.class_1869.method_8155(class_1869.java:272) ~[server-intermediary.jar:?]
	at net.minecraft.class_1856.method_8107(class_1856.java:160) ~[server-intermediary.jar:?]
	at net.minecraft.class_1856.method_8102(class_1856.java:143) ~[server-intermediary.jar:?]
	at net.minecraft.class_1869.method_8157(class_1869.java:252) ~[server-intermediary.jar:?]
	at net.minecraft.class_1869$class_1870.method_8164(class_1869.java:285) ~[server-intermediary.jar:?]
	at net.minecraft.class_1869$class_1870.method_8121(class_1869.java:279) ~[server-intermediary.jar:?]
	at net.minecraft.class_1863.method_17720(class_1863.java:135) ~[server-intermediary.jar:?]
	at net.minecraft.class_1863.method_20705(class_1863.java:56) ~[server-intermediary.jar:?]
	at net.minecraft.class_1863.method_18788(class_1863.java:35) ~[server-intermediary.jar:?]
	at net.minecraft.class_4080.method_18790(class_4080.java:13) ~[server-intermediary.jar:?]
	at java.util.concurrent.CompletableFuture$UniAccept.tryFire(CompletableFuture.java:718) ~[?:?]
	at java.util.concurrent.CompletableFuture$Completion.run(CompletableFuture.java:482) ~[?:?]
	at net.minecraft.class_4014.method_18365(class_4014.java:69) ~[server-intermediary.jar:?]
	at net.minecraft.class_156.method_43498(class_156.java:950) ~[server-intermediary.jar:?]
	at net.minecraft.class_156.method_43499(class_156.java:938) ~[server-intermediary.jar:?]
	at net.minecraft.server.Main.main(Main.java:160) ~[server-intermediary.jar:?]
	at net.fabricmc.loader.impl.game.minecraft.MinecraftGameProvider.launch(MinecraftGameProvider.java:480) ~[fabric-loader-0.16.3.jar:?]
	at net.fabricmc.loader.impl.launch.knot.Knot.launch(Knot.java:74) ~[fabric-loader-0.16.3.jar:?]
	at net.fabricmc.loader.impl.launch.knot.KnotServer.main(KnotServer.java:23) ~[fabric-loader-0.16.3.jar:?]
	at net.fabricmc.loader.impl.launch.server.FabricServerLauncher.main(FabricServerLauncher.java:69) ~[fabric-loader-0.16.3.jar:?]
	at net.fabricmc.installer.ServerLauncher.main(ServerLauncher.java:69) ~[fabric-server-launch.jar:1.0.1]
[18:45:36] [main/ERROR]: Parsing error loading recipe dramaticdoors:tall_promenade_cherry_oak_door
com.google.gson.JsonSyntaxException: Unknown item 'promenade:cherry_oak_door'
	at net.minecraft.class_1869.method_17878(class_1869.java:272) ~[server-intermediary.jar:?]
	at java.util.Optional.orElseThrow(Optional.java:403) ~[?:?]
	at net.minecraft.class_1869.method_8155(class_1869.java:272) ~[server-intermediary.jar:?]
	at net.minecraft.class_1856.method_8107(class_1856.java:160) ~[server-intermediary.jar:?]
	at net.minecraft.class_1856.method_8102(class_1856.java:143) ~[server-intermediary.jar:?]
	at net.minecraft.class_1869.method_8157(class_1869.java:252) ~[server-intermediary.jar:?]
	at net.minecraft.class_1869$class_1870.method_8164(class_1869.java:285) ~[server-intermediary.jar:?]
	at net.minecraft.class_1869$class_1870.method_8121(class_1869.java:279) ~[server-intermediary.jar:?]
	at net.minecraft.class_1863.method_17720(class_1863.java:135) ~[server-intermediary.jar:?]
	at net.minecraft.class_1863.method_20705(class_1863.java:56) ~[server-intermediary.jar:?]
	at net.minecraft.class_1863.method_18788(class_1863.java:35) ~[server-intermediary.jar:?]
	at net.minecraft.class_4080.method_18790(class_4080.java:13) ~[server-intermediary.jar:?]
	at java.util.concurrent.CompletableFuture$UniAccept.tryFire(CompletableFuture.java:718) ~[?:?]
	at java.util.concurrent.CompletableFuture$Completion.run(CompletableFuture.java:482) ~[?:?]
	at net.minecraft.class_4014.method_18365(class_4014.java:69) ~[server-intermediary.jar:?]
	at net.minecraft.class_156.method_43498(class_156.java:950) ~[server-intermediary.jar:?]
	at net.minecraft.class_156.method_43499(class_156.java:938) ~[server-intermediary.jar:?]
	at net.minecraft.server.Main.main(Main.java:160) ~[server-intermediary.jar:?]
	at net.fabricmc.loader.impl.game.minecraft.MinecraftGameProvider.launch(MinecraftGameProvider.java:480) ~[fabric-loader-0.16.3.jar:?]
	at net.fabricmc.loader.impl.launch.knot.Knot.launch(Knot.java:74) ~[fabric-loader-0.16.3.jar:?]
	at net.fabricmc.loader.impl.launch.knot.KnotServer.main(KnotServer.java:23) ~[fabric-loader-0.16.3.jar:?]
	at net.fabricmc.loader.impl.launch.server.FabricServerLauncher.main(FabricServerLauncher.java:69) ~[fabric-loader-0.16.3.jar:?]
	at net.fabricmc.installer.ServerLauncher.main(ServerLauncher.java:69) ~[fabric-server-launch.jar:1.0.1]
[18:45:36] [main/ERROR]: Parsing error loading recipe knavesneeds:betternether/cincinnasite_diamond/spear
com.google.gson.JsonSyntaxException: Unknown item 'betterend:cincinnasite_diamond_upgrade_smithing_template'
	at net.minecraft.class_1869.method_17878(class_1869.java:272) ~[server-intermediary.jar:?]
	at java.util.Optional.orElseThrow(Optional.java:403) ~[?:?]
	at net.minecraft.class_1869.method_8155(class_1869.java:272) ~[server-intermediary.jar:?]
	at net.minecraft.class_1856.method_8107(class_1856.java:160) ~[server-intermediary.jar:?]
	at net.minecraft.class_1856.method_8102(class_1856.java:143) ~[server-intermediary.jar:?]
	at net.minecraft.class_1856.method_52177(class_1856.java:135) ~[server-intermediary.jar:?]
	at net.minecraft.class_8060$class_8061.method_48455(class_8060.java:87) ~[server-intermediary.jar:?]
	at net.minecraft.class_8060$class_8061.method_8121(class_8060.java:84) ~[server-intermediary.jar:?]
	at net.minecraft.class_1863.method_17720(class_1863.java:135) ~[server-intermediary.jar:?]
	at net.minecraft.class_1863.method_20705(class_1863.java:56) ~[server-intermediary.jar:?]
	at net.minecraft.class_1863.method_18788(class_1863.java:35) ~[server-intermediary.jar:?]
	at net.minecraft.class_4080.method_18790(class_4080.java:13) ~[server-intermediary.jar:?]
	at java.util.concurrent.CompletableFuture$UniAccept.tryFire(CompletableFuture.java:718) ~[?:?]
	at java.util.concurrent.CompletableFuture$Completion.run(CompletableFuture.java:482) ~[?:?]
	at net.minecraft.class_4014.method_18365(class_4014.java:69) ~[server-intermediary.jar:?]
	at net.minecraft.class_156.method_43498(class_156.java:950) ~[server-intermediary.jar:?]
	at net.minecraft.class_156.method_43499(class_156.java:938) ~[server-intermediary.jar:?]
	at net.minecraft.server.Main.main(Main.java:160) ~[server-intermediary.jar:?]
	at net.fabricmc.loader.impl.game.minecraft.MinecraftGameProvider.launch(MinecraftGameProvider.java:480) ~[fabric-loader-0.16.3.jar:?]
	at net.fabricmc.loader.impl.launch.knot.Knot.launch(Knot.java:74) ~[fabric-loader-0.16.3.jar:?]
	at net.fabricmc.loader.impl.launch.knot.KnotServer.main(KnotServer.java:23) ~[fabric-loader-0.16.3.jar:?]
	at net.fabricmc.loader.impl.launch.server.FabricServerLauncher.main(FabricServerLauncher.java:69) ~[fabric-loader-0.16.3.jar:?]
	at net.fabricmc.installer.ServerLauncher.main(ServerLauncher.java:69) ~[fabric-server-launch.jar:1.0.1]
[18:45:36] [main/ERROR]: Parsing error loading recipe knavesneeds:betternether/cincinnasite_diamond/longsword
com.google.gson.JsonSyntaxException: Unknown item 'betterend:cincinnasite_diamond_upgrade_smithing_template'
	at net.minecraft.class_1869.method_17878(class_1869.java:272) ~[server-intermediary.jar:?]
	at java.util.Optional.orElseThrow(Optional.java:403) ~[?:?]
	at net.minecraft.class_1869.method_8155(class_1869.java:272) ~[server-intermediary.jar:?]
	at net.minecraft.class_1856.method_8107(class_1856.java:160) ~[server-intermediary.jar:?]
	at net.minecraft.class_1856.method_8102(class_1856.java:143) ~[server-intermediary.jar:?]
	at net.minecraft.class_1856.method_52177(class_1856.java:135) ~[server-intermediary.jar:?]
	at net.minecraft.class_8060$class_8061.method_48455(class_8060.java:87) ~[server-intermediary.jar:?]
	at net.minecraft.class_8060$class_8061.method_8121(class_8060.java:84) ~[server-intermediary.jar:?]
	at net.minecraft.class_1863.method_17720(class_1863.java:135) ~[server-intermediary.jar:?]
	at net.minecraft.class_1863.method_20705(class_1863.java:56) ~[server-intermediary.jar:?]
	at net.minecraft.class_1863.method_18788(class_1863.java:35) ~[server-intermediary.jar:?]
	at net.minecraft.class_4080.method_18790(class_4080.java:13) ~[server-intermediary.jar:?]
	at java.util.concurrent.CompletableFuture$UniAccept.tryFire(CompletableFuture.java:718) ~[?:?]
	at java.util.concurrent.CompletableFuture$Completion.run(CompletableFuture.java:482) ~[?:?]
	at net.minecraft.class_4014.method_18365(class_4014.java:69) ~[server-intermediary.jar:?]
	at net.minecraft.class_156.method_43498(class_156.java:950) ~[server-intermediary.jar:?]
	at net.minecraft.class_156.method_43499(class_156.java:938) ~[server-intermediary.jar:?]
	at net.minecraft.server.Main.main(Main.java:160) ~[server-intermediary.jar:?]
	at net.fabricmc.loader.impl.game.minecraft.MinecraftGameProvider.launch(MinecraftGameProvider.java:480) ~[fabric-loader-0.16.3.jar:?]
	at net.fabricmc.loader.impl.launch.knot.Knot.launch(Knot.java:74) ~[fabric-loader-0.16.3.jar:?]
	at net.fabricmc.loader.impl.launch.knot.KnotServer.main(KnotServer.java:23) ~[fabric-loader-0.16.3.jar:?]
	at net.fabricmc.loader.impl.launch.server.FabricServerLauncher.main(FabricServerLauncher.java:69) ~[fabric-loader-0.16.3.jar:?]
	at net.fabricmc.installer.ServerLauncher.main(ServerLauncher.java:69) ~[fabric-server-launch.jar:1.0.1]
[18:45:36] [main/ERROR]: Parsing error loading recipe knavesneeds:betternether/cincinnasite_diamond/warglaive
com.google.gson.JsonSyntaxException: Unknown item 'betterend:cincinnasite_diamond_upgrade_smithing_template'
	at net.minecraft.class_1869.method_17878(class_1869.java:272) ~[server-intermediary.jar:?]
	at java.util.Optional.orElseThrow(Optional.java:403) ~[?:?]
	at net.minecraft.class_1869.method_8155(class_1869.java:272) ~[server-intermediary.jar:?]
	at net.minecraft.class_1856.method_8107(class_1856.java:160) ~[server-intermediary.jar:?]
	at net.minecraft.class_1856.method_8102(class_1856.java:143) ~[server-intermediary.jar:?]
	at net.minecraft.class_1856.method_52177(class_1856.java:135) ~[server-intermediary.jar:?]
	at net.minecraft.class_8060$class_8061.method_48455(class_8060.java:87) ~[server-intermediary.jar:?]
	at net.minecraft.class_8060$class_8061.method_8121(class_8060.java:84) ~[server-intermediary.jar:?]
	at net.minecraft.class_1863.method_17720(class_1863.java:135) ~[server-intermediary.jar:?]
	at net.minecraft.class_1863.method_20705(class_1863.java:56) ~[server-intermediary.jar:?]
	at net.minecraft.class_1863.method_18788(class_1863.java:35) ~[server-intermediary.jar:?]
	at net.minecraft.class_4080.method_18790(class_4080.java:13) ~[server-intermediary.jar:?]
	at java.util.concurrent.CompletableFuture$UniAccept.tryFire(CompletableFuture.java:718) ~[?:?]
	at java.util.concurrent.CompletableFuture$Completion.run(CompletableFuture.java:482) ~[?:?]
	at net.minecraft.class_4014.method_18365(class_4014.java:69) ~[server-intermediary.jar:?]
	at net.minecraft.class_156.method_43498(class_156.java:950) ~[server-intermediary.jar:?]
	at net.minecraft.class_156.method_43499(class_156.java:938) ~[server-intermediary.jar:?]
	at net.minecraft.server.Main.main(Main.java:160) ~[server-intermediary.jar:?]
	at net.fabricmc.loader.impl.game.minecraft.MinecraftGameProvider.launch(MinecraftGameProvider.java:480) ~[fabric-loader-0.16.3.jar:?]
	at net.fabricmc.loader.impl.launch.knot.Knot.launch(Knot.java:74) ~[fabric-loader-0.16.3.jar:?]
	at net.fabricmc.loader.impl.launch.knot.KnotServer.main(KnotServer.java:23) ~[fabric-loader-0.16.3.jar:?]
	at net.fabricmc.loader.impl.launch.server.FabricServerLauncher.main(FabricServerLauncher.java:69) ~[fabric-loader-0.16.3.jar:?]
	at net.fabricmc.installer.ServerLauncher.main(ServerLauncher.java:69) ~[fabric-server-launch.jar:1.0.1]
[18:45:36] [main/ERROR]: Parsing error loading recipe knavesneeds:betternether/cincinnasite_diamond/claymore
com.google.gson.JsonSyntaxException: Unknown item 'betterend:cincinnasite_diamond_upgrade_smithing_template'
	at net.minecraft.class_1869.method_17878(class_1869.java:272) ~[server-intermediary.jar:?]
	at java.util.Optional.orElseThrow(Optional.java:403) ~[?:?]
	at net.minecraft.class_1869.method_8155(class_1869.java:272) ~[server-intermediary.jar:?]
	at net.minecraft.class_1856.method_8107(class_1856.java:160) ~[server-intermediary.jar:?]
	at net.minecraft.class_1856.method_8102(class_1856.java:143) ~[server-intermediary.jar:?]
	at net.minecraft.class_1856.method_52177(class_1856.java:135) ~[server-intermediary.jar:?]
	at net.minecraft.class_8060$class_8061.method_48455(class_8060.java:87) ~[server-intermediary.jar:?]
	at net.minecraft.class_8060$class_8061.method_8121(class_8060.java:84) ~[server-intermediary.jar:?]
	at net.minecraft.class_1863.method_17720(class_1863.java:135) ~[server-intermediary.jar:?]
	at net.minecraft.class_1863.method_20705(class_1863.java:56) ~[server-intermediary.jar:?]
	at net.minecraft.class_1863.method_18788(class_1863.java:35) ~[server-intermediary.jar:?]
	at net.minecraft.class_4080.method_18790(class_4080.java:13) ~[server-intermediary.jar:?]
	at java.util.concurrent.CompletableFuture$UniAccept.tryFire(CompletableFuture.java:718) ~[?:?]
	at java.util.concurrent.CompletableFuture$Completion.run(CompletableFuture.java:482) ~[?:?]
	at net.minecraft.class_4014.method_18365(class_4014.java:69) ~[server-intermediary.jar:?]
	at net.minecraft.class_156.method_43498(class_156.java:950) ~[server-intermediary.jar:?]
	at net.minecraft.class_156.method_43499(class_156.java:938) ~[server-intermediary.jar:?]
	at net.minecraft.server.Main.main(Main.java:160) ~[server-intermediary.jar:?]
	at net.fabricmc.loader.impl.game.minecraft.MinecraftGameProvider.launch(MinecraftGameProvider.java:480) ~[fabric-loader-0.16.3.jar:?]
	at net.fabricmc.loader.impl.launch.knot.Knot.launch(Knot.java:74) ~[fabric-loader-0.16.3.jar:?]
	at net.fabricmc.loader.impl.launch.knot.KnotServer.main(KnotServer.java:23) ~[fabric-loader-0.16.3.jar:?]
	at net.fabricmc.loader.impl.launch.server.FabricServerLauncher.main(FabricServerLauncher.java:69) ~[fabric-loader-0.16.3.jar:?]
	at net.fabricmc.installer.ServerLauncher.main(ServerLauncher.java:69) ~[fabric-server-launch.jar:1.0.1]
[18:45:36] [main/ERROR]: Parsing error loading recipe tiered:limestone_create
com.google.gson.JsonSyntaxException: Unknown item 'create:limestone'
	at net.minecraft.class_1869.method_17878(class_1869.java:272) ~[server-intermediary.jar:?]
	at java.util.Optional.orElseThrow(Optional.java:403) ~[?:?]
	at net.minecraft.class_1869.method_8155(class_1869.java:272) ~[server-intermediary.jar:?]
	at net.minecraft.class_1856.method_8107(class_1856.java:160) ~[server-intermediary.jar:?]
	at net.minecraft.class_1856.method_8102(class_1856.java:143) ~[server-intermediary.jar:?]
	at net.minecraft.class_3972$class_3973.method_17881(class_3972.java:91) ~[server-intermediary.jar:?]
	at net.minecraft.class_3972$class_3973.method_8121(class_3972.java:72) ~[server-intermediary.jar:?]
	at net.minecraft.class_1863.method_17720(class_1863.java:135) ~[server-intermediary.jar:?]
	at net.minecraft.class_1863.method_20705(class_1863.java:56) ~[server-intermediary.jar:?]
	at net.minecraft.class_1863.method_18788(class_1863.java:35) ~[server-intermediary.jar:?]
	at net.minecraft.class_4080.method_18790(class_4080.java:13) ~[server-intermediary.jar:?]
	at java.util.concurrent.CompletableFuture$UniAccept.tryFire(CompletableFuture.java:718) ~[?:?]
	at java.util.concurrent.CompletableFuture$Completion.run(CompletableFuture.java:482) ~[?:?]
	at net.minecraft.class_4014.method_18365(class_4014.java:69) ~[server-intermediary.jar:?]
	at net.minecraft.class_156.method_43498(class_156.java:950) ~[server-intermediary.jar:?]
	at net.minecraft.class_156.method_43499(class_156.java:938) ~[server-intermediary.jar:?]
	at net.minecraft.server.Main.main(Main.java:160) ~[server-intermediary.jar:?]
	at net.fabricmc.loader.impl.game.minecraft.MinecraftGameProvider.launch(MinecraftGameProvider.java:480) ~[fabric-loader-0.16.3.jar:?]
	at net.fabricmc.loader.impl.launch.knot.Knot.launch(Knot.java:74) ~[fabric-loader-0.16.3.jar:?]
	at net.fabricmc.loader.impl.launch.knot.KnotServer.main(KnotServer.java:23) ~[fabric-loader-0.16.3.jar:?]
	at net.fabricmc.loader.impl.launch.server.FabricServerLauncher.main(FabricServerLauncher.java:69) ~[fabric-loader-0.16.3.jar:?]
	at net.fabricmc.installer.ServerLauncher.main(ServerLauncher.java:69) ~[fabric-server-launch.jar:1.0.1]
[18:45:36] [main/ERROR]: Parsing error loading recipe digs_dnd_origins:leather_horns_helmet
com.google.gson.JsonSyntaxException: Invalid or unsupported recipe type 'minecraft:smithing'
	at net.minecraft.class_1863.method_17875(class_1863.java:134) ~[server-intermediary.jar:?]
	at java.util.Optional.orElseThrow(Optional.java:403) ~[?:?]
	at net.minecraft.class_1863.method_17720(class_1863.java:134) ~[server-intermediary.jar:?]
	at net.minecraft.class_1863.method_20705(class_1863.java:56) ~[server-intermediary.jar:?]
	at net.minecraft.class_1863.method_18788(class_1863.java:35) ~[server-intermediary.jar:?]
	at net.minecraft.class_4080.method_18790(class_4080.java:13) ~[server-intermediary.jar:?]
	at java.util.concurrent.CompletableFuture$UniAccept.tryFire(CompletableFuture.java:718) ~[?:?]
	at java.util.concurrent.CompletableFuture$Completion.run(CompletableFuture.java:482) ~[?:?]
	at net.minecraft.class_4014.method_18365(class_4014.java:69) ~[server-intermediary.jar:?]
	at net.minecraft.class_156.method_43498(class_156.java:950) ~[server-intermediary.jar:?]
	at net.minecraft.class_156.method_43499(class_156.java:938) ~[server-intermediary.jar:?]
	at net.minecraft.server.Main.main(Main.java:160) ~[server-intermediary.jar:?]
	at net.fabricmc.loader.impl.game.minecraft.MinecraftGameProvider.launch(MinecraftGameProvider.java:480) ~[fabric-loader-0.16.3.jar:?]
	at net.fabricmc.loader.impl.launch.knot.Knot.launch(Knot.java:74) ~[fabric-loader-0.16.3.jar:?]
	at net.fabricmc.loader.impl.launch.knot.KnotServer.main(KnotServer.java:23) ~[fabric-loader-0.16.3.jar:?]
	at net.fabricmc.loader.impl.launch.server.FabricServerLauncher.main(FabricServerLauncher.java:69) ~[fabric-loader-0.16.3.jar:?]
	at net.fabricmc.installer.ServerLauncher.main(ServerLauncher.java:69) ~[fabric-server-launch.jar:1.0.1]
[18:45:36] [main/ERROR]: Parsing error loading recipe digs_dnd_origins:iron_horns_helmet
com.google.gson.JsonSyntaxException: Invalid or unsupported recipe type 'minecraft:smithing'
	at net.minecraft.class_1863.method_17875(class_1863.java:134) ~[server-intermediary.jar:?]
	at java.util.Optional.orElseThrow(Optional.java:403) ~[?:?]
	at net.minecraft.class_1863.method_17720(class_1863.java:134) ~[server-intermediary.jar:?]
	at net.minecraft.class_1863.method_20705(class_1863.java:56) ~[server-intermediary.jar:?]
	at net.minecraft.class_1863.method_18788(class_1863.java:35) ~[server-intermediary.jar:?]
	at net.minecraft.class_4080.method_18790(class_4080.java:13) ~[server-intermediary.jar:?]
	at java.util.concurrent.CompletableFuture$UniAccept.tryFire(CompletableFuture.java:718) ~[?:?]
	at java.util.concurrent.CompletableFuture$Completion.run(CompletableFuture.java:482) ~[?:?]
	at net.minecraft.class_4014.method_18365(class_4014.java:69) ~[server-intermediary.jar:?]
	at net.minecraft.class_156.method_43498(class_156.java:950) ~[server-intermediary.jar:?]
	at net.minecraft.class_156.method_43499(class_156.java:938) ~[server-intermediary.jar:?]
	at net.minecraft.server.Main.main(Main.java:160) ~[server-intermediary.jar:?]
	at net.fabricmc.loader.impl.game.minecraft.MinecraftGameProvider.launch(MinecraftGameProvider.java:480) ~[fabric-loader-0.16.3.jar:?]
	at net.fabricmc.loader.impl.launch.knot.Knot.launch(Knot.java:74) ~[fabric-loader-0.16.3.jar:?]
	at net.fabricmc.loader.impl.launch.knot.KnotServer.main(KnotServer.java:23) ~[fabric-loader-0.16.3.jar:?]
	at net.fabricmc.loader.impl.launch.server.FabricServerLauncher.main(FabricServerLauncher.java:69) ~[fabric-loader-0.16.3.jar:?]
	at net.fabricmc.installer.ServerLauncher.main(ServerLauncher.java:69) ~[fabric-server-launch.jar:1.0.1]
[18:45:36] [main/ERROR]: Parsing error loading recipe knavesneeds:betternether/cincinnasite_diamond/rapier
com.google.gson.JsonSyntaxException: Unknown item 'betterend:cincinnasite_diamond_upgrade_smithing_template'
	at net.minecraft.class_1869.method_17878(class_1869.java:272) ~[server-intermediary.jar:?]
	at java.util.Optional.orElseThrow(Optional.java:403) ~[?:?]
	at net.minecraft.class_1869.method_8155(class_1869.java:272) ~[server-intermediary.jar:?]
	at net.minecraft.class_1856.method_8107(class_1856.java:160) ~[server-intermediary.jar:?]
	at net.minecraft.class_1856.method_8102(class_1856.java:143) ~[server-intermediary.jar:?]
	at net.minecraft.class_1856.method_52177(class_1856.java:135) ~[server-intermediary.jar:?]
	at net.minecraft.class_8060$class_8061.method_48455(class_8060.java:87) ~[server-intermediary.jar:?]
	at net.minecraft.class_8060$class_8061.method_8121(class_8060.java:84) ~[server-intermediary.jar:?]
	at net.minecraft.class_1863.method_17720(class_1863.java:135) ~[server-intermediary.jar:?]
	at net.minecraft.class_1863.method_20705(class_1863.java:56) ~[server-intermediary.jar:?]
	at net.minecraft.class_1863.method_18788(class_1863.java:35) ~[server-intermediary.jar:?]
	at net.minecraft.class_4080.method_18790(class_4080.java:13) ~[server-intermediary.jar:?]
	at java.util.concurrent.CompletableFuture$UniAccept.tryFire(CompletableFuture.java:718) ~[?:?]
	at java.util.concurrent.CompletableFuture$Completion.run(CompletableFuture.java:482) ~[?:?]
	at net.minecraft.class_4014.method_18365(class_4014.java:69) ~[server-intermediary.jar:?]
	at net.minecraft.class_156.method_43498(class_156.java:950) ~[server-intermediary.jar:?]
	at net.minecraft.class_156.method_43499(class_156.java:938) ~[server-intermediary.jar:?]
	at net.minecraft.server.Main.main(Main.java:160) ~[server-intermediary.jar:?]
	at net.fabricmc.loader.impl.game.minecraft.MinecraftGameProvider.launch(MinecraftGameProvider.java:480) ~[fabric-loader-0.16.3.jar:?]
	at net.fabricmc.loader.impl.launch.knot.Knot.launch(Knot.java:74) ~[fabric-loader-0.16.3.jar:?]
	at net.fabricmc.loader.impl.launch.knot.KnotServer.main(KnotServer.java:23) ~[fabric-loader-0.16.3.jar:?]
	at net.fabricmc.loader.impl.launch.server.FabricServerLauncher.main(FabricServerLauncher.java:69) ~[fabric-loader-0.16.3.jar:?]
	at net.fabricmc.installer.ServerLauncher.main(ServerLauncher.java:69) ~[fabric-server-launch.jar:1.0.1]
[18:45:36] [main/ERROR]: Parsing error loading recipe knavesneeds:betternether/cincinnasite_diamond/sai
com.google.gson.JsonSyntaxException: Unknown item 'betterend:cincinnasite_diamond_upgrade_smithing_template'
	at net.minecraft.class_1869.method_17878(class_1869.java:272) ~[server-intermediary.jar:?]
	at java.util.Optional.orElseThrow(Optional.java:403) ~[?:?]
	at net.minecraft.class_1869.method_8155(class_1869.java:272) ~[server-intermediary.jar:?]
	at net.minecraft.class_1856.method_8107(class_1856.java:160) ~[server-intermediary.jar:?]
	at net.minecraft.class_1856.method_8102(class_1856.java:143) ~[server-intermediary.jar:?]
	at net.minecraft.class_1856.method_52177(class_1856.java:135) ~[server-intermediary.jar:?]
	at net.minecraft.class_8060$class_8061.method_48455(class_8060.java:87) ~[server-intermediary.jar:?]
	at net.minecraft.class_8060$class_8061.method_8121(class_8060.java:84) ~[server-intermediary.jar:?]
	at net.minecraft.class_1863.method_17720(class_1863.java:135) ~[server-intermediary.jar:?]
	at net.minecraft.class_1863.method_20705(class_1863.java:56) ~[server-intermediary.jar:?]
	at net.minecraft.class_1863.method_18788(class_1863.java:35) ~[server-intermediary.jar:?]
	at net.minecraft.class_4080.method_18790(class_4080.java:13) ~[server-intermediary.jar:?]
	at java.util.concurrent.CompletableFuture$UniAccept.tryFire(CompletableFuture.java:718) ~[?:?]
	at java.util.concurrent.CompletableFuture$Completion.run(CompletableFuture.java:482) ~[?:?]
	at net.minecraft.class_4014.method_18365(class_4014.java:69) ~[server-intermediary.jar:?]
	at net.minecraft.class_156.method_43498(class_156.java:950) ~[server-intermediary.jar:?]
	at net.minecraft.class_156.method_43499(class_156.java:938) ~[server-intermediary.jar:?]
	at net.minecraft.server.Main.main(Main.java:160) ~[server-intermediary.jar:?]
	at net.fabricmc.loader.impl.game.minecraft.MinecraftGameProvider.launch(MinecraftGameProvider.java:480) ~[fabric-loader-0.16.3.jar:?]
	at net.fabricmc.loader.impl.launch.knot.Knot.launch(Knot.java:74) ~[fabric-loader-0.16.3.jar:?]
	at net.fabricmc.loader.impl.launch.knot.KnotServer.main(KnotServer.java:23) ~[fabric-loader-0.16.3.jar:?]
	at net.fabricmc.loader.impl.launch.server.FabricServerLauncher.main(FabricServerLauncher.java:69) ~[fabric-loader-0.16.3.jar:?]
	at net.fabricmc.installer.ServerLauncher.main(ServerLauncher.java:69) ~[fabric-server-launch.jar:1.0.1]
[18:45:36] [main/ERROR]: Parsing error loading recipe bewitchment:cauldron_brewing/polymorph
com.google.gson.JsonSyntaxException: Missing type, expected to find a string
	at net.minecraft.class_3518.method_15265(class_3518.java:127) ~[server-intermediary.jar:?]
	at net.minecraft.class_1863.method_17720(class_1863.java:132) ~[server-intermediary.jar:?]
	at net.minecraft.class_1863.method_20705(class_1863.java:56) ~[server-intermediary.jar:?]
	at net.minecraft.class_1863.method_18788(class_1863.java:35) ~[server-intermediary.jar:?]
	at net.minecraft.class_4080.method_18790(class_4080.java:13) ~[server-intermediary.jar:?]
	at java.util.concurrent.CompletableFuture$UniAccept.tryFire(CompletableFuture.java:718) ~[?:?]
	at java.util.concurrent.CompletableFuture$Completion.run(CompletableFuture.java:482) ~[?:?]
	at net.minecraft.class_4014.method_18365(class_4014.java:69) ~[server-intermediary.jar:?]
	at net.minecraft.class_156.method_43498(class_156.java:950) ~[server-intermediary.jar:?]
	at net.minecraft.class_156.method_43499(class_156.java:938) ~[server-intermediary.jar:?]
	at net.minecraft.server.Main.main(Main.java:160) ~[server-intermediary.jar:?]
	at net.fabricmc.loader.impl.game.minecraft.MinecraftGameProvider.launch(MinecraftGameProvider.java:480) ~[fabric-loader-0.16.3.jar:?]
	at net.fabricmc.loader.impl.launch.knot.Knot.launch(Knot.java:74) ~[fabric-loader-0.16.3.jar:?]
	at net.fabricmc.loader.impl.launch.knot.KnotServer.main(KnotServer.java:23) ~[fabric-loader-0.16.3.jar:?]
	at net.fabricmc.loader.impl.launch.server.FabricServerLauncher.main(FabricServerLauncher.java:69) ~[fabric-loader-0.16.3.jar:?]
	at net.fabricmc.installer.ServerLauncher.main(ServerLauncher.java:69) ~[fabric-server-launch.jar:1.0.1]
[18:45:36] [main/ERROR]: Parsing error loading recipe knavesneeds:betternether/cincinnasite_diamond/cutlass
com.google.gson.JsonSyntaxException: Unknown item 'betterend:cincinnasite_diamond_upgrade_smithing_template'
	at net.minecraft.class_1869.method_17878(class_1869.java:272) ~[server-intermediary.jar:?]
	at java.util.Optional.orElseThrow(Optional.java:403) ~[?:?]
	at net.minecraft.class_1869.method_8155(class_1869.java:272) ~[server-intermediary.jar:?]
	at net.minecraft.class_1856.method_8107(class_1856.java:160) ~[server-intermediary.jar:?]
	at net.minecraft.class_1856.method_8102(class_1856.java:143) ~[server-intermediary.jar:?]
	at net.minecraft.class_1856.method_52177(class_1856.java:135) ~[server-intermediary.jar:?]
	at net.minecraft.class_8060$class_8061.method_48455(class_8060.java:87) ~[server-intermediary.jar:?]
	at net.minecraft.class_8060$class_8061.method_8121(class_8060.java:84) ~[server-intermediary.jar:?]
	at net.minecraft.class_1863.method_17720(class_1863.java:135) ~[server-intermediary.jar:?]
	at net.minecraft.class_1863.method_20705(class_1863.java:56) ~[server-intermediary.jar:?]
	at net.minecraft.class_1863.method_18788(class_1863.java:35) ~[server-intermediary.jar:?]
	at net.minecraft.class_4080.method_18790(class_4080.java:13) ~[server-intermediary.jar:?]
	at java.util.concurrent.CompletableFuture$UniAccept.tryFire(CompletableFuture.java:718) ~[?:?]
	at java.util.concurrent.CompletableFuture$Completion.run(CompletableFuture.java:482) ~[?:?]
	at net.minecraft.class_4014.method_18365(class_4014.java:69) ~[server-intermediary.jar:?]
	at net.minecraft.class_156.method_43498(class_156.java:950) ~[server-intermediary.jar:?]
	at net.minecraft.class_156.method_43499(class_156.java:938) ~[server-intermediary.jar:?]
	at net.minecraft.server.Main.main(Main.java:160) ~[server-intermediary.jar:?]
	at net.fabricmc.loader.impl.game.minecraft.MinecraftGameProvider.launch(MinecraftGameProvider.java:480) ~[fabric-loader-0.16.3.jar:?]
	at net.fabricmc.loader.impl.launch.knot.Knot.launch(Knot.java:74) ~[fabric-loader-0.16.3.jar:?]
	at net.fabricmc.loader.impl.launch.knot.KnotServer.main(KnotServer.java:23) ~[fabric-loader-0.16.3.jar:?]
	at net.fabricmc.loader.impl.launch.server.FabricServerLauncher.main(FabricServerLauncher.java:69) ~[fabric-loader-0.16.3.jar:?]
	at net.fabricmc.installer.ServerLauncher.main(ServerLauncher.java:69) ~[fabric-server-launch.jar:1.0.1]
[18:45:36] [main/ERROR]: Parsing error loading recipe knavesneeds:betternether/cincinnasite_diamond/greathammer
com.google.gson.JsonSyntaxException: Unknown item 'betterend:cincinnasite_diamond_upgrade_smithing_template'
	at net.minecraft.class_1869.method_17878(class_1869.java:272) ~[server-intermediary.jar:?]
	at java.util.Optional.orElseThrow(Optional.java:403) ~[?:?]
	at net.minecraft.class_1869.method_8155(class_1869.java:272) ~[server-intermediary.jar:?]
	at net.minecraft.class_1856.method_8107(class_1856.java:160) ~[server-intermediary.jar:?]
	at net.minecraft.class_1856.method_8102(class_1856.java:143) ~[server-intermediary.jar:?]
	at net.minecraft.class_1856.method_52177(class_1856.java:135) ~[server-intermediary.jar:?]
	at net.minecraft.class_8060$class_8061.method_48455(class_8060.java:87) ~[server-intermediary.jar:?]
	at net.minecraft.class_8060$class_8061.method_8121(class_8060.java:84) ~[server-intermediary.jar:?]
	at net.minecraft.class_1863.method_17720(class_1863.java:135) ~[server-intermediary.jar:?]
	at net.minecraft.class_1863.method_20705(class_1863.java:56) ~[server-intermediary.jar:?]
	at net.minecraft.class_1863.method_18788(class_1863.java:35) ~[server-intermediary.jar:?]
	at net.minecraft.class_4080.method_18790(class_4080.java:13) ~[server-intermediary.jar:?]
	at java.util.concurrent.CompletableFuture$UniAccept.tryFire(CompletableFuture.java:718) ~[?:?]
	at java.util.concurrent.CompletableFuture$Completion.run(CompletableFuture.java:482) ~[?:?]
	at net.minecraft.class_4014.method_18365(class_4014.java:69) ~[server-intermediary.jar:?]
	at net.minecraft.class_156.method_43498(class_156.java:950) ~[server-intermediary.jar:?]
	at net.minecraft.class_156.method_43499(class_156.java:938) ~[server-intermediary.jar:?]
	at net.minecraft.server.Main.main(Main.java:160) ~[server-intermediary.jar:?]
	at net.fabricmc.loader.impl.game.minecraft.MinecraftGameProvider.launch(MinecraftGameProvider.java:480) ~[fabric-loader-0.16.3.jar:?]
	at net.fabricmc.loader.impl.launch.knot.Knot.launch(Knot.java:74) ~[fabric-loader-0.16.3.jar:?]
	at net.fabricmc.loader.impl.launch.knot.KnotServer.main(KnotServer.java:23) ~[fabric-loader-0.16.3.jar:?]
	at net.fabricmc.loader.impl.launch.server.FabricServerLauncher.main(FabricServerLauncher.java:69) ~[fabric-loader-0.16.3.jar:?]
	at net.fabricmc.installer.ServerLauncher.main(ServerLauncher.java:69) ~[fabric-server-launch.jar:1.0.1]
[18:45:36] [main/ERROR]: Parsing error loading recipe dramaticdoors:short_ebony_door
com.google.gson.JsonSyntaxException: Unknown item 'phantasm:ebony_door'
	at net.minecraft.class_1869.method_17878(class_1869.java:272) ~[server-intermediary.jar:?]
	at java.util.Optional.orElseThrow(Optional.java:403) ~[?:?]
	at net.minecraft.class_1869.method_8155(class_1869.java:272) ~[server-intermediary.jar:?]
	at net.minecraft.class_1856.method_8107(class_1856.java:160) ~[server-intermediary.jar:?]
	at net.minecraft.class_1856.method_8102(class_1856.java:143) ~[server-intermediary.jar:?]
	at net.mehvahdjukaar.sawmill.WoodcuttingRecipe$Serializer.fromJson(WoodcuttingRecipe.java:52) ~[sawmill-1.20-1.4.0-fabric.jar:?]
	at net.mehvahdjukaar.sawmill.WoodcuttingRecipe$Serializer.method_8121(WoodcuttingRecipe.java:43) ~[sawmill-1.20-1.4.0-fabric.jar:?]
	at net.minecraft.class_1863.method_17720(class_1863.java:135) ~[server-intermediary.jar:?]
	at net.minecraft.class_1863.method_20705(class_1863.java:56) ~[server-intermediary.jar:?]
	at net.minecraft.class_1863.method_18788(class_1863.java:35) ~[server-intermediary.jar:?]
	at net.minecraft.class_4080.method_18790(class_4080.java:13) ~[server-intermediary.jar:?]
	at java.util.concurrent.CompletableFuture$UniAccept.tryFire(CompletableFuture.java:718) ~[?:?]
	at java.util.concurrent.CompletableFuture$Completion.run(CompletableFuture.java:482) ~[?:?]
	at net.minecraft.class_4014.method_18365(class_4014.java:69) ~[server-intermediary.jar:?]
	at net.minecraft.class_156.method_43498(class_156.java:950) ~[server-intermediary.jar:?]
	at net.minecraft.class_156.method_43499(class_156.java:938) ~[server-intermediary.jar:?]
	at net.minecraft.server.Main.main(Main.java:160) ~[server-intermediary.jar:?]
	at net.fabricmc.loader.impl.game.minecraft.MinecraftGameProvider.launch(MinecraftGameProvider.java:480) ~[fabric-loader-0.16.3.jar:?]
	at net.fabricmc.loader.impl.launch.knot.Knot.launch(Knot.java:74) ~[fabric-loader-0.16.3.jar:?]
	at net.fabricmc.loader.impl.launch.knot.KnotServer.main(KnotServer.java:23) ~[fabric-loader-0.16.3.jar:?]
	at net.fabricmc.loader.impl.launch.server.FabricServerLauncher.main(FabricServerLauncher.java:69) ~[fabric-loader-0.16.3.jar:?]
	at net.fabricmc.installer.ServerLauncher.main(ServerLauncher.java:69) ~[fabric-server-launch.jar:1.0.1]
[18:45:36] [main/ERROR]: Parsing error loading recipe digs_dnd_origins:diamond_horns_helmet
com.google.gson.JsonSyntaxException: Invalid or unsupported recipe type 'minecraft:smithing'
	at net.minecraft.class_1863.method_17875(class_1863.java:134) ~[server-intermediary.jar:?]
	at java.util.Optional.orElseThrow(Optional.java:403) ~[?:?]
	at net.minecraft.class_1863.method_17720(class_1863.java:134) ~[server-intermediary.jar:?]
	at net.minecraft.class_1863.method_20705(class_1863.java:56) ~[server-intermediary.jar:?]
	at net.minecraft.class_1863.method_18788(class_1863.java:35) ~[server-intermediary.jar:?]
	at net.minecraft.class_4080.method_18790(class_4080.java:13) ~[server-intermediary.jar:?]
	at java.util.concurrent.CompletableFuture$UniAccept.tryFire(CompletableFuture.java:718) ~[?:?]
	at java.util.concurrent.CompletableFuture$Completion.run(CompletableFuture.java:482) ~[?:?]
	at net.minecraft.class_4014.method_18365(class_4014.java:69) ~[server-intermediary.jar:?]
	at net.minecraft.class_156.method_43498(class_156.java:950) ~[server-intermediary.jar:?]
	at net.minecraft.class_156.method_43499(class_156.java:938) ~[server-intermediary.jar:?]
	at net.minecraft.server.Main.main(Main.java:160) ~[server-intermediary.jar:?]
	at net.fabricmc.loader.impl.game.minecraft.MinecraftGameProvider.launch(MinecraftGameProvider.java:480) ~[fabric-loader-0.16.3.jar:?]
	at net.fabricmc.loader.impl.launch.knot.Knot.launch(Knot.java:74) ~[fabric-loader-0.16.3.jar:?]
	at net.fabricmc.loader.impl.launch.knot.KnotServer.main(KnotServer.java:23) ~[fabric-loader-0.16.3.jar:?]
	at net.fabricmc.loader.impl.launch.server.FabricServerLauncher.main(FabricServerLauncher.java:69) ~[fabric-loader-0.16.3.jar:?]
	at net.fabricmc.installer.ServerLauncher.main(ServerLauncher.java:69) ~[fabric-server-launch.jar:1.0.1]
[18:45:36] [main/ERROR]: Parsing error loading recipe conditional:decorative_blocks/wood_cutter/pine_beam_woodcutter
com.google.gson.JsonSyntaxException: No such item decorative_blocks:pine_beam
	at net.satisfy.meadow.recipes.WoodcuttingRecipe$Serializer.lambda$fromJson$0(WoodcuttingRecipe.java:108) ~[letsdo-meadow-fabric-1.3.15.jar:?]
	at java.util.Optional.orElseThrow(Optional.java:403) ~[?:?]
	at net.satisfy.meadow.recipes.WoodcuttingRecipe$Serializer.fromJson(WoodcuttingRecipe.java:108) ~[letsdo-meadow-fabric-1.3.15.jar:?]
	at net.satisfy.meadow.recipes.WoodcuttingRecipe$Serializer.method_8121(WoodcuttingRecipe.java:91) ~[letsdo-meadow-fabric-1.3.15.jar:?]
	at net.minecraft.class_1863.method_17720(class_1863.java:135) ~[server-intermediary.jar:?]
	at de.cristelknight.doapi.fabric.DoApiEPImpl.fromJson(DoApiEPImpl.java:21) ~[letsdo-API-fabric-1.2.12-fabric.jar:?]
	at de.cristelknight.doapi.DoApiEP.fromJson(DoApiEP.java) ~[letsdo-API-fabric-1.2.12-fabric.jar:?]
	at de.cristelknight.doapi.common.recipe.SimpleConditionalRecipe$Serializer.method_8121(SimpleConditionalRecipe.java:22) ~[letsdo-API-fabric-1.2.12-fabric.jar:?]
	at net.minecraft.class_1863.method_17720(class_1863.java:135) ~[server-intermediary.jar:?]
	at net.minecraft.class_1863.method_20705(class_1863.java:56) ~[server-intermediary.jar:?]
	at net.minecraft.class_1863.method_18788(class_1863.java:35) ~[server-intermediary.jar:?]
	at net.minecraft.class_4080.method_18790(class_4080.java:13) ~[server-intermediary.jar:?]
	at java.util.concurrent.CompletableFuture$UniAccept.tryFire(CompletableFuture.java:718) ~[?:?]
	at java.util.concurrent.CompletableFuture$Completion.run(CompletableFuture.java:482) ~[?:?]
	at net.minecraft.class_4014.method_18365(class_4014.java:69) ~[server-intermediary.jar:?]
	at net.minecraft.class_156.method_43498(class_156.java:950) ~[server-intermediary.jar:?]
	at net.minecraft.class_156.method_43499(class_156.java:938) ~[server-intermediary.jar:?]
	at net.minecraft.server.Main.main(Main.java:160) ~[server-intermediary.jar:?]
	at net.fabricmc.loader.impl.game.minecraft.MinecraftGameProvider.launch(MinecraftGameProvider.java:480) ~[fabric-loader-0.16.3.jar:?]
	at net.fabricmc.loader.impl.launch.knot.Knot.launch(Knot.java:74) ~[fabric-loader-0.16.3.jar:?]
	at net.fabricmc.loader.impl.launch.knot.KnotServer.main(KnotServer.java:23) ~[fabric-loader-0.16.3.jar:?]
	at net.fabricmc.loader.impl.launch.server.FabricServerLauncher.main(FabricServerLauncher.java:69) ~[fabric-loader-0.16.3.jar:?]
	at net.fabricmc.installer.ServerLauncher.main(ServerLauncher.java:69) ~[fabric-server-launch.jar:1.0.1]
[18:45:36] [main/ERROR]: Parsing error loading recipe knavesneeds:betternether/cincinnasite_diamond/glaive
com.google.gson.JsonSyntaxException: Unknown item 'betterend:cincinnasite_diamond_upgrade_smithing_template'
	at net.minecraft.class_1869.method_17878(class_1869.java:272) ~[server-intermediary.jar:?]
	at java.util.Optional.orElseThrow(Optional.java:403) ~[?:?]
	at net.minecraft.class_1869.method_8155(class_1869.java:272) ~[server-intermediary.jar:?]
	at net.minecraft.class_1856.method_8107(class_1856.java:160) ~[server-intermediary.jar:?]
	at net.minecraft.class_1856.method_8102(class_1856.java:143) ~[server-intermediary.jar:?]
	at net.minecraft.class_1856.method_52177(class_1856.java:135) ~[server-intermediary.jar:?]
	at net.minecraft.class_8060$class_8061.method_48455(class_8060.java:87) ~[server-intermediary.jar:?]
	at net.minecraft.class_8060$class_8061.method_8121(class_8060.java:84) ~[server-intermediary.jar:?]
	at net.minecraft.class_1863.method_17720(class_1863.java:135) ~[server-intermediary.jar:?]
	at net.minecraft.class_1863.method_20705(class_1863.java:56) ~[server-intermediary.jar:?]
	at net.minecraft.class_1863.method_18788(class_1863.java:35) ~[server-intermediary.jar:?]
	at net.minecraft.class_4080.method_18790(class_4080.java:13) ~[server-intermediary.jar:?]
	at java.util.concurrent.CompletableFuture$UniAccept.tryFire(CompletableFuture.java:718) ~[?:?]
	at java.util.concurrent.CompletableFuture$Completion.run(CompletableFuture.java:482) ~[?:?]
	at net.minecraft.class_4014.method_18365(class_4014.java:69) ~[server-intermediary.jar:?]
	at net.minecraft.class_156.method_43498(class_156.java:950) ~[server-intermediary.jar:?]
	at net.minecraft.class_156.method_43499(class_156.java:938) ~[server-intermediary.jar:?]
	at net.minecraft.server.Main.main(Main.java:160) ~[server-intermediary.jar:?]
	at net.fabricmc.loader.impl.game.minecraft.MinecraftGameProvider.launch(MinecraftGameProvider.java:480) ~[fabric-loader-0.16.3.jar:?]
	at net.fabricmc.loader.impl.launch.knot.Knot.launch(Knot.java:74) ~[fabric-loader-0.16.3.jar:?]
	at net.fabricmc.loader.impl.launch.knot.KnotServer.main(KnotServer.java:23) ~[fabric-loader-0.16.3.jar:?]
	at net.fabricmc.loader.impl.launch.server.FabricServerLauncher.main(FabricServerLauncher.java:69) ~[fabric-loader-0.16.3.jar:?]
	at net.fabricmc.installer.ServerLauncher.main(ServerLauncher.java:69) ~[fabric-server-launch.jar:1.0.1]
[18:45:36] [main/ERROR]: Parsing error loading recipe dramaticdoors:short_promenade_cherry_oak_door
com.google.gson.JsonSyntaxException: Unknown item 'promenade:cherry_oak_door'
	at net.minecraft.class_1869.method_17878(class_1869.java:272) ~[server-intermediary.jar:?]
	at java.util.Optional.orElseThrow(Optional.java:403) ~[?:?]
	at net.minecraft.class_1869.method_8155(class_1869.java:272) ~[server-intermediary.jar:?]
	at net.minecraft.class_1856.method_8107(class_1856.java:160) ~[server-intermediary.jar:?]
	at net.minecraft.class_1856.method_8102(class_1856.java:143) ~[server-intermediary.jar:?]
	at net.mehvahdjukaar.sawmill.WoodcuttingRecipe$Serializer.fromJson(WoodcuttingRecipe.java:52) ~[sawmill-1.20-1.4.0-fabric.jar:?]
	at net.mehvahdjukaar.sawmill.WoodcuttingRecipe$Serializer.method_8121(WoodcuttingRecipe.java:43) ~[sawmill-1.20-1.4.0-fabric.jar:?]
	at net.minecraft.class_1863.method_17720(class_1863.java:135) ~[server-intermediary.jar:?]
	at net.minecraft.class_1863.method_20705(class_1863.java:56) ~[server-intermediary.jar:?]
	at net.minecraft.class_1863.method_18788(class_1863.java:35) ~[server-intermediary.jar:?]
	at net.minecraft.class_4080.method_18790(class_4080.java:13) ~[server-intermediary.jar:?]
	at java.util.concurrent.CompletableFuture$UniAccept.tryFire(CompletableFuture.java:718) ~[?:?]
	at java.util.concurrent.CompletableFuture$Completion.run(CompletableFuture.java:482) ~[?:?]
	at net.minecraft.class_4014.method_18365(class_4014.java:69) ~[server-intermediary.jar:?]
	at net.minecraft.class_156.method_43498(class_156.java:950) ~[server-intermediary.jar:?]
	at net.minecraft.class_156.method_43499(class_156.java:938) ~[server-intermediary.jar:?]
	at net.minecraft.server.Main.main(Main.java:160) ~[server-intermediary.jar:?]
	at net.fabricmc.loader.impl.game.minecraft.MinecraftGameProvider.launch(MinecraftGameProvider.java:480) ~[fabric-loader-0.16.3.jar:?]
	at net.fabricmc.loader.impl.launch.knot.Knot.launch(Knot.java:74) ~[fabric-loader-0.16.3.jar:?]
	at net.fabricmc.loader.impl.launch.knot.KnotServer.main(KnotServer.java:23) ~[fabric-loader-0.16.3.jar:?]
	at net.fabricmc.loader.impl.launch.server.FabricServerLauncher.main(FabricServerLauncher.java:69) ~[fabric-loader-0.16.3.jar:?]
	at net.fabricmc.installer.ServerLauncher.main(ServerLauncher.java:69) ~[fabric-server-launch.jar:1.0.1]
[18:45:36] [main/ERROR]: Parsing error loading recipe knavesneeds:betternether/cincinnasite_diamond/halberd
com.google.gson.JsonSyntaxException: Unknown item 'betterend:cincinnasite_diamond_upgrade_smithing_template'
	at net.minecraft.class_1869.method_17878(class_1869.java:272) ~[server-intermediary.jar:?]
	at java.util.Optional.orElseThrow(Optional.java:403) ~[?:?]
	at net.minecraft.class_1869.method_8155(class_1869.java:272) ~[server-intermediary.jar:?]
	at net.minecraft.class_1856.method_8107(class_1856.java:160) ~[server-intermediary.jar:?]
	at net.minecraft.class_1856.method_8102(class_1856.java:143) ~[server-intermediary.jar:?]
	at net.minecraft.class_1856.method_52177(class_1856.java:135) ~[server-intermediary.jar:?]
	at net.minecraft.class_8060$class_8061.method_48455(class_8060.java:87) ~[server-intermediary.jar:?]
	at net.minecraft.class_8060$class_8061.method_8121(class_8060.java:84) ~[server-intermediary.jar:?]
	at net.minecraft.class_1863.method_17720(class_1863.java:135) ~[server-intermediary.jar:?]
	at net.minecraft.class_1863.method_20705(class_1863.java:56) ~[server-intermediary.jar:?]
	at net.minecraft.class_1863.method_18788(class_1863.java:35) ~[server-intermediary.jar:?]
	at net.minecraft.class_4080.method_18790(class_4080.java:13) ~[server-intermediary.jar:?]
	at java.util.concurrent.CompletableFuture$UniAccept.tryFire(CompletableFuture.java:718) ~[?:?]
	at java.util.concurrent.CompletableFuture$Completion.run(CompletableFuture.java:482) ~[?:?]
	at net.minecraft.class_4014.method_18365(class_4014.java:69) ~[server-intermediary.jar:?]
	at net.minecraft.class_156.method_43498(class_156.java:950) ~[server-intermediary.jar:?]
	at net.minecraft.class_156.method_43499(class_156.java:938) ~[server-intermediary.jar:?]
	at net.minecraft.server.Main.main(Main.java:160) ~[server-intermediary.jar:?]
	at net.fabricmc.loader.impl.game.minecraft.MinecraftGameProvider.launch(MinecraftGameProvider.java:480) ~[fabric-loader-0.16.3.jar:?]
	at net.fabricmc.loader.impl.launch.knot.Knot.launch(Knot.java:74) ~[fabric-loader-0.16.3.jar:?]
	at net.fabricmc.loader.impl.launch.knot.KnotServer.main(KnotServer.java:23) ~[fabric-loader-0.16.3.jar:?]
	at net.fabricmc.loader.impl.launch.server.FabricServerLauncher.main(FabricServerLauncher.java:69) ~[fabric-loader-0.16.3.jar:?]
	at net.fabricmc.installer.ServerLauncher.main(ServerLauncher.java:69) ~[fabric-server-launch.jar:1.0.1]
[18:45:36] [main/ERROR]: Parsing error loading recipe knavesneeds:betternether/cincinnasite_diamond/chakram
com.google.gson.JsonSyntaxException: Unknown item 'betterend:cincinnasite_diamond_upgrade_smithing_template'
	at net.minecraft.class_1869.method_17878(class_1869.java:272) ~[server-intermediary.jar:?]
	at java.util.Optional.orElseThrow(Optional.java:403) ~[?:?]
	at net.minecraft.class_1869.method_8155(class_1869.java:272) ~[server-intermediary.jar:?]
	at net.minecraft.class_1856.method_8107(class_1856.java:160) ~[server-intermediary.jar:?]
	at net.minecraft.class_1856.method_8102(class_1856.java:143) ~[server-intermediary.jar:?]
	at net.minecraft.class_1856.method_52177(class_1856.java:135) ~[server-intermediary.jar:?]
	at net.minecraft.class_8060$class_8061.method_48455(class_8060.java:87) ~[server-intermediary.jar:?]
	at net.minecraft.class_8060$class_8061.method_8121(class_8060.java:84) ~[server-intermediary.jar:?]
	at net.minecraft.class_1863.method_17720(class_1863.java:135) ~[server-intermediary.jar:?]
	at net.minecraft.class_1863.method_20705(class_1863.java:56) ~[server-intermediary.jar:?]
	at net.minecraft.class_1863.method_18788(class_1863.java:35) ~[server-intermediary.jar:?]
	at net.minecraft.class_4080.method_18790(class_4080.java:13) ~[server-intermediary.jar:?]
	at java.util.concurrent.CompletableFuture$UniAccept.tryFire(CompletableFuture.java:718) ~[?:?]
	at java.util.concurrent.CompletableFuture$Completion.run(CompletableFuture.java:482) ~[?:?]
	at net.minecraft.class_4014.method_18365(class_4014.java:69) ~[server-intermediary.jar:?]
	at net.minecraft.class_156.method_43498(class_156.java:950) ~[server-intermediary.jar:?]
	at net.minecraft.class_156.method_43499(class_156.java:938) ~[server-intermediary.jar:?]
	at net.minecraft.server.Main.main(Main.java:160) ~[server-intermediary.jar:?]
	at net.fabricmc.loader.impl.game.minecraft.MinecraftGameProvider.launch(MinecraftGameProvider.java:480) ~[fabric-loader-0.16.3.jar:?]
	at net.fabricmc.loader.impl.launch.knot.Knot.launch(Knot.java:74) ~[fabric-loader-0.16.3.jar:?]
	at net.fabricmc.loader.impl.launch.knot.KnotServer.main(KnotServer.java:23) ~[fabric-loader-0.16.3.jar:?]
	at net.fabricmc.loader.impl.launch.server.FabricServerLauncher.main(FabricServerLauncher.java:69) ~[fabric-loader-0.16.3.jar:?]
	at net.fabricmc.installer.ServerLauncher.main(ServerLauncher.java:69) ~[fabric-server-launch.jar:1.0.1]
[18:45:36] [main/ERROR]: Parsing error loading recipe knavesneeds:betternether/cincinnasite_diamond/scythe
com.google.gson.JsonSyntaxException: Unknown item 'betterend:cincinnasite_diamond_upgrade_smithing_template'
	at net.minecraft.class_1869.method_17878(class_1869.java:272) ~[server-intermediary.jar:?]
	at java.util.Optional.orElseThrow(Optional.java:403) ~[?:?]
	at net.minecraft.class_1869.method_8155(class_1869.java:272) ~[server-intermediary.jar:?]
	at net.minecraft.class_1856.method_8107(class_1856.java:160) ~[server-intermediary.jar:?]
	at net.minecraft.class_1856.method_8102(class_1856.java:143) ~[server-intermediary.jar:?]
	at net.minecraft.class_1856.method_52177(class_1856.java:135) ~[server-intermediary.jar:?]
	at net.minecraft.class_8060$class_8061.method_48455(class_8060.java:87) ~[server-intermediary.jar:?]
	at net.minecraft.class_8060$class_8061.method_8121(class_8060.java:84) ~[server-intermediary.jar:?]
	at net.minecraft.class_1863.method_17720(class_1863.java:135) ~[server-intermediary.jar:?]
	at net.minecraft.class_1863.method_20705(class_1863.java:56) ~[server-intermediary.jar:?]
	at net.minecraft.class_1863.method_18788(class_1863.java:35) ~[server-intermediary.jar:?]
	at net.minecraft.class_4080.method_18790(class_4080.java:13) ~[server-intermediary.jar:?]
	at java.util.concurrent.CompletableFuture$UniAccept.tryFire(CompletableFuture.java:718) ~[?:?]
	at java.util.concurrent.CompletableFuture$Completion.run(CompletableFuture.java:482) ~[?:?]
	at net.minecraft.class_4014.method_18365(class_4014.java:69) ~[server-intermediary.jar:?]
	at net.minecraft.class_156.method_43498(class_156.java:950) ~[server-intermediary.jar:?]
	at net.minecraft.class_156.method_43499(class_156.java:938) ~[server-intermediary.jar:?]
	at net.minecraft.server.Main.main(Main.java:160) ~[server-intermediary.jar:?]
	at net.fabricmc.loader.impl.game.minecraft.MinecraftGameProvider.launch(MinecraftGameProvider.java:480) ~[fabric-loader-0.16.3.jar:?]
	at net.fabricmc.loader.impl.launch.knot.Knot.launch(Knot.java:74) ~[fabric-loader-0.16.3.jar:?]
	at net.fabricmc.loader.impl.launch.knot.KnotServer.main(KnotServer.java:23) ~[fabric-loader-0.16.3.jar:?]
	at net.fabricmc.loader.impl.launch.server.FabricServerLauncher.main(FabricServerLauncher.java:69) ~[fabric-loader-0.16.3.jar:?]
	at net.fabricmc.installer.ServerLauncher.main(ServerLauncher.java:69) ~[fabric-server-launch.jar:1.0.1]
[18:45:36] [main/ERROR]: Parsing error loading recipe digs_dnd_origins:golden_horns_helmet
com.google.gson.JsonSyntaxException: Invalid or unsupported recipe type 'minecraft:smithing'
	at net.minecraft.class_1863.method_17875(class_1863.java:134) ~[server-intermediary.jar:?]
	at java.util.Optional.orElseThrow(Optional.java:403) ~[?:?]
	at net.minecraft.class_1863.method_17720(class_1863.java:134) ~[server-intermediary.jar:?]
	at net.minecraft.class_1863.method_20705(class_1863.java:56) ~[server-intermediary.jar:?]
	at net.minecraft.class_1863.method_18788(class_1863.java:35) ~[server-intermediary.jar:?]
	at net.minecraft.class_4080.method_18790(class_4080.java:13) ~[server-intermediary.jar:?]
	at java.util.concurrent.CompletableFuture$UniAccept.tryFire(CompletableFuture.java:718) ~[?:?]
	at java.util.concurrent.CompletableFuture$Completion.run(CompletableFuture.java:482) ~[?:?]
	at net.minecraft.class_4014.method_18365(class_4014.java:69) ~[server-intermediary.jar:?]
	at net.minecraft.class_156.method_43498(class_156.java:950) ~[server-intermediary.jar:?]
	at net.minecraft.class_156.method_43499(class_156.java:938) ~[server-intermediary.jar:?]
	at net.minecraft.server.Main.main(Main.java:160) ~[server-intermediary.jar:?]
	at net.fabricmc.loader.impl.game.minecraft.MinecraftGameProvider.launch(MinecraftGameProvider.java:480) ~[fabric-loader-0.16.3.jar:?]
	at net.fabricmc.loader.impl.launch.knot.Knot.launch(Knot.java:74) ~[fabric-loader-0.16.3.jar:?]
	at net.fabricmc.loader.impl.launch.knot.KnotServer.main(KnotServer.java:23) ~[fabric-loader-0.16.3.jar:?]
	at net.fabricmc.loader.impl.launch.server.FabricServerLauncher.main(FabricServerLauncher.java:69) ~[fabric-loader-0.16.3.jar:?]
	at net.fabricmc.installer.ServerLauncher.main(ServerLauncher.java:69) ~[fabric-server-launch.jar:1.0.1]
[18:45:36] [main/ERROR]: Parsing error loading recipe knavesneeds:betternether/cincinnasite_diamond/katana
com.google.gson.JsonSyntaxException: Unknown item 'betterend:cincinnasite_diamond_upgrade_smithing_template'
	at net.minecraft.class_1869.method_17878(class_1869.java:272) ~[server-intermediary.jar:?]
	at java.util.Optional.orElseThrow(Optional.java:403) ~[?:?]
	at net.minecraft.class_1869.method_8155(class_1869.java:272) ~[server-intermediary.jar:?]
	at net.minecraft.class_1856.method_8107(class_1856.java:160) ~[server-intermediary.jar:?]
	at net.minecraft.class_1856.method_8102(class_1856.java:143) ~[server-intermediary.jar:?]
	at net.minecraft.class_1856.method_52177(class_1856.java:135) ~[server-intermediary.jar:?]
	at net.minecraft.class_8060$class_8061.method_48455(class_8060.java:87) ~[server-intermediary.jar:?]
	at net.minecraft.class_8060$class_8061.method_8121(class_8060.java:84) ~[server-intermediary.jar:?]
	at net.minecraft.class_1863.method_17720(class_1863.java:135) ~[server-intermediary.jar:?]
	at net.minecraft.class_1863.method_20705(class_1863.java:56) ~[server-intermediary.jar:?]
	at net.minecraft.class_1863.method_18788(class_1863.java:35) ~[server-intermediary.jar:?]
	at net.minecraft.class_4080.method_18790(class_4080.java:13) ~[server-intermediary.jar:?]
	at java.util.concurrent.CompletableFuture$UniAccept.tryFire(CompletableFuture.java:718) ~[?:?]
	at java.util.concurrent.CompletableFuture$Completion.run(CompletableFuture.java:482) ~[?:?]
	at net.minecraft.class_4014.method_18365(class_4014.java:69) ~[server-intermediary.jar:?]
	at net.minecraft.class_156.method_43498(class_156.java:950) ~[server-intermediary.jar:?]
	at net.minecraft.class_156.method_43499(class_156.java:938) ~[server-intermediary.jar:?]
	at net.minecraft.server.Main.main(Main.java:160) ~[server-intermediary.jar:?]
	at net.fabricmc.loader.impl.game.minecraft.MinecraftGameProvider.launch(MinecraftGameProvider.java:480) ~[fabric-loader-0.16.3.jar:?]
	at net.fabricmc.loader.impl.launch.knot.Knot.launch(Knot.java:74) ~[fabric-loader-0.16.3.jar:?]
	at net.fabricmc.loader.impl.launch.knot.KnotServer.main(KnotServer.java:23) ~[fabric-loader-0.16.3.jar:?]
	at net.fabricmc.loader.impl.launch.server.FabricServerLauncher.main(FabricServerLauncher.java:69) ~[fabric-loader-0.16.3.jar:?]
	at net.fabricmc.installer.ServerLauncher.main(ServerLauncher.java:69) ~[fabric-server-launch.jar:1.0.1]
[18:45:36] [main/ERROR]: Parsing error loading recipe tiered:limestone_to_create_limestone
com.google.gson.JsonSyntaxException: Unknown item 'create:limestone'
	at net.minecraft.class_1869.method_17878(class_1869.java:272) ~[server-intermediary.jar:?]
	at java.util.Optional.orElseThrow(Optional.java:403) ~[?:?]
	at net.minecraft.class_1869.method_8155(class_1869.java:272) ~[server-intermediary.jar:?]
	at net.minecraft.class_1869.method_35228(class_1869.java:259) ~[server-intermediary.jar:?]
	at net.minecraft.class_1869$class_1870.method_8164(class_1869.java:293) ~[server-intermediary.jar:?]
	at net.minecraft.class_1869$class_1870.method_8121(class_1869.java:279) ~[server-intermediary.jar:?]
	at net.minecraft.class_1863.method_17720(class_1863.java:135) ~[server-intermediary.jar:?]
	at net.minecraft.class_1863.method_20705(class_1863.java:56) ~[server-intermediary.jar:?]
	at net.minecraft.class_1863.method_18788(class_1863.java:35) ~[server-intermediary.jar:?]
	at net.minecraft.class_4080.method_18790(class_4080.java:13) ~[server-intermediary.jar:?]
	at java.util.concurrent.CompletableFuture$UniAccept.tryFire(CompletableFuture.java:718) ~[?:?]
	at java.util.concurrent.CompletableFuture$Completion.run(CompletableFuture.java:482) ~[?:?]
	at net.minecraft.class_4014.method_18365(class_4014.java:69) ~[server-intermediary.jar:?]
	at net.minecraft.class_156.method_43498(class_156.java:950) ~[server-intermediary.jar:?]
	at net.minecraft.class_156.method_43499(class_156.java:938) ~[server-intermediary.jar:?]
	at net.minecraft.server.Main.main(Main.java:160) ~[server-intermediary.jar:?]
	at net.fabricmc.loader.impl.game.minecraft.MinecraftGameProvider.launch(MinecraftGameProvider.java:480) ~[fabric-loader-0.16.3.jar:?]
	at net.fabricmc.loader.impl.launch.knot.Knot.launch(Knot.java:74) ~[fabric-loader-0.16.3.jar:?]
	at net.fabricmc.loader.impl.launch.knot.KnotServer.main(KnotServer.java:23) ~[fabric-loader-0.16.3.jar:?]
	at net.fabricmc.loader.impl.launch.server.FabricServerLauncher.main(FabricServerLauncher.java:69) ~[fabric-loader-0.16.3.jar:?]
	at net.fabricmc.installer.ServerLauncher.main(ServerLauncher.java:69) ~[fabric-server-launch.jar:1.0.1]
[18:45:36] [main/ERROR]: Parsing error loading recipe amethyst_core:attuned_imbuing
com.google.gson.JsonSyntaxException: Invalid or unsupported recipe type 'amethyst_imbuement:imbuing'
	at net.minecraft.class_1863.method_17875(class_1863.java:134) ~[server-intermediary.jar:?]
	at java.util.Optional.orElseThrow(Optional.java:403) ~[?:?]
	at net.minecraft.class_1863.method_17720(class_1863.java:134) ~[server-intermediary.jar:?]
	at net.minecraft.class_1863.method_20705(class_1863.java:56) ~[server-intermediary.jar:?]
	at net.minecraft.class_1863.method_18788(class_1863.java:35) ~[server-intermediary.jar:?]
	at net.minecraft.class_4080.method_18790(class_4080.java:13) ~[server-intermediary.jar:?]
	at java.util.concurrent.CompletableFuture$UniAccept.tryFire(CompletableFuture.java:718) ~[?:?]
	at java.util.concurrent.CompletableFuture$Completion.run(CompletableFuture.java:482) ~[?:?]
	at net.minecraft.class_4014.method_18365(class_4014.java:69) ~[server-intermediary.jar:?]
	at net.minecraft.class_156.method_43498(class_156.java:950) ~[server-intermediary.jar:?]
	at net.minecraft.class_156.method_43499(class_156.java:938) ~[server-intermediary.jar:?]
	at net.minecraft.server.Main.main(Main.java:160) ~[server-intermediary.jar:?]
	at net.fabricmc.loader.impl.game.minecraft.MinecraftGameProvider.launch(MinecraftGameProvider.java:480) ~[fabric-loader-0.16.3.jar:?]
	at net.fabricmc.loader.impl.launch.knot.Knot.launch(Knot.java:74) ~[fabric-loader-0.16.3.jar:?]
	at net.fabricmc.loader.impl.launch.knot.KnotServer.main(KnotServer.java:23) ~[fabric-loader-0.16.3.jar:?]
	at net.fabricmc.loader.impl.launch.server.FabricServerLauncher.main(FabricServerLauncher.java:69) ~[fabric-loader-0.16.3.jar:?]
	at net.fabricmc.installer.ServerLauncher.main(ServerLauncher.java:69) ~[fabric-server-launch.jar:1.0.1]
[18:45:36] [main/ERROR]: Parsing error loading recipe knavesneeds:betternether/cincinnasite_diamond/greataxe
com.google.gson.JsonSyntaxException: Unknown item 'betterend:cincinnasite_diamond_upgrade_smithing_template'
	at net.minecraft.class_1869.method_17878(class_1869.java:272) ~[server-intermediary.jar:?]
	at java.util.Optional.orElseThrow(Optional.java:403) ~[?:?]
	at net.minecraft.class_1869.method_8155(class_1869.java:272) ~[server-intermediary.jar:?]
	at net.minecraft.class_1856.method_8107(class_1856.java:160) ~[server-intermediary.jar:?]
	at net.minecraft.class_1856.method_8102(class_1856.java:143) ~[server-intermediary.jar:?]
	at net.minecraft.class_1856.method_52177(class_1856.java:135) ~[server-intermediary.jar:?]
	at net.minecraft.class_8060$class_8061.method_48455(class_8060.java:87) ~[server-intermediary.jar:?]
	at net.minecraft.class_8060$class_8061.method_8121(class_8060.java:84) ~[server-intermediary.jar:?]
	at net.minecraft.class_1863.method_17720(class_1863.java:135) ~[server-intermediary.jar:?]
	at net.minecraft.class_1863.method_20705(class_1863.java:56) ~[server-intermediary.jar:?]
	at net.minecraft.class_1863.method_18788(class_1863.java:35) ~[server-intermediary.jar:?]
	at net.minecraft.class_4080.method_18790(class_4080.java:13) ~[server-intermediary.jar:?]
	at java.util.concurrent.CompletableFuture$UniAccept.tryFire(CompletableFuture.java:718) ~[?:?]
	at java.util.concurrent.CompletableFuture$Completion.run(CompletableFuture.java:482) ~[?:?]
	at net.minecraft.class_4014.method_18365(class_4014.java:69) ~[server-intermediary.jar:?]
	at net.minecraft.class_156.method_43498(class_156.java:950) ~[server-intermediary.jar:?]
	at net.minecraft.class_156.method_43499(class_156.java:938) ~[server-intermediary.jar:?]
	at net.minecraft.server.Main.main(Main.java:160) ~[server-intermediary.jar:?]
	at net.fabricmc.loader.impl.game.minecraft.MinecraftGameProvider.launch(MinecraftGameProvider.java:480) ~[fabric-loader-0.16.3.jar:?]
	at net.fabricmc.loader.impl.launch.knot.Knot.launch(Knot.java:74) ~[fabric-loader-0.16.3.jar:?]
	at net.fabricmc.loader.impl.launch.knot.KnotServer.main(KnotServer.java:23) ~[fabric-loader-0.16.3.jar:?]
	at net.fabricmc.loader.impl.launch.server.FabricServerLauncher.main(FabricServerLauncher.java:69) ~[fabric-loader-0.16.3.jar:?]
	at net.fabricmc.installer.ServerLauncher.main(ServerLauncher.java:69) ~[fabric-server-launch.jar:1.0.1]
[18:45:36] [main/ERROR]: Parsing error loading recipe knavesneeds:betternether/flaming_ruby/chakram
com.google.gson.JsonSyntaxException: Unknown item 'betterend:flaming_ruby_upgrade_smithing_template'
	at net.minecraft.class_1869.method_17878(class_1869.java:272) ~[server-intermediary.jar:?]
	at java.util.Optional.orElseThrow(Optional.java:403) ~[?:?]
	at net.minecraft.class_1869.method_8155(class_1869.java:272) ~[server-intermediary.jar:?]
	at net.minecraft.class_1856.method_8107(class_1856.java:160) ~[server-intermediary.jar:?]
	at net.minecraft.class_1856.method_8102(class_1856.java:143) ~[server-intermediary.jar:?]
	at net.minecraft.class_1856.method_52177(class_1856.java:135) ~[server-intermediary.jar:?]
	at net.minecraft.class_8060$class_8061.method_48455(class_8060.java:87) ~[server-intermediary.jar:?]
	at net.minecraft.class_8060$class_8061.method_8121(class_8060.java:84) ~[server-intermediary.jar:?]
	at net.minecraft.class_1863.method_17720(class_1863.java:135) ~[server-intermediary.jar:?]
	at net.minecraft.class_1863.method_20705(class_1863.java:56) ~[server-intermediary.jar:?]
	at net.minecraft.class_1863.method_18788(class_1863.java:35) ~[server-intermediary.jar:?]
	at net.minecraft.class_4080.method_18790(class_4080.java:13) ~[server-intermediary.jar:?]
	at java.util.concurrent.CompletableFuture$UniAccept.tryFire(CompletableFuture.java:718) ~[?:?]
	at java.util.concurrent.CompletableFuture$Completion.run(CompletableFuture.java:482) ~[?:?]
	at net.minecraft.class_4014.method_18365(class_4014.java:69) ~[server-intermediary.jar:?]
	at net.minecraft.class_156.method_43498(class_156.java:950) ~[server-intermediary.jar:?]
	at net.minecraft.class_156.method_43499(class_156.java:938) ~[server-intermediary.jar:?]
	at net.minecraft.server.Main.main(Main.java:160) ~[server-intermediary.jar:?]
	at net.fabricmc.loader.impl.game.minecraft.MinecraftGameProvider.launch(MinecraftGameProvider.java:480) ~[fabric-loader-0.16.3.jar:?]
	at net.fabricmc.loader.impl.launch.knot.Knot.launch(Knot.java:74) ~[fabric-loader-0.16.3.jar:?]
	at net.fabricmc.loader.impl.launch.knot.KnotServer.main(KnotServer.java:23) ~[fabric-loader-0.16.3.jar:?]
	at net.fabricmc.loader.impl.launch.server.FabricServerLauncher.main(FabricServerLauncher.java:69) ~[fabric-loader-0.16.3.jar:?]
	at net.fabricmc.installer.ServerLauncher.main(ServerLauncher.java:69) ~[fabric-server-launch.jar:1.0.1]
[18:45:36] [main/ERROR]: Parsing error loading recipe dramaticdoors:tall_ebony_door
com.google.gson.JsonSyntaxException: Unknown item 'phantasm:ebony_door'
	at net.minecraft.class_1869.method_17878(class_1869.java:272) ~[server-intermediary.jar:?]
	at java.util.Optional.orElseThrow(Optional.java:403) ~[?:?]
	at net.minecraft.class_1869.method_8155(class_1869.java:272) ~[server-intermediary.jar:?]
	at net.minecraft.class_1856.method_8107(class_1856.java:160) ~[server-intermediary.jar:?]
	at net.minecraft.class_1856.method_8102(class_1856.java:143) ~[server-intermediary.jar:?]
	at net.minecraft.class_1869.method_8157(class_1869.java:252) ~[server-intermediary.jar:?]
	at net.minecraft.class_1869$class_1870.method_8164(class_1869.java:285) ~[server-intermediary.jar:?]
	at net.minecraft.class_1869$class_1870.method_8121(class_1869.java:279) ~[server-intermediary.jar:?]
	at net.minecraft.class_1863.method_17720(class_1863.java:135) ~[server-intermediary.jar:?]
	at net.minecraft.class_1863.method_20705(class_1863.java:56) ~[server-intermediary.jar:?]
	at net.minecraft.class_1863.method_18788(class_1863.java:35) ~[server-intermediary.jar:?]
	at net.minecraft.class_4080.method_18790(class_4080.java:13) ~[server-intermediary.jar:?]
	at java.util.concurrent.CompletableFuture$UniAccept.tryFire(CompletableFuture.java:718) ~[?:?]
	at java.util.concurrent.CompletableFuture$Completion.run(CompletableFuture.java:482) ~[?:?]
	at net.minecraft.class_4014.method_18365(class_4014.java:69) ~[server-intermediary.jar:?]
	at net.minecraft.class_156.method_43498(class_156.java:950) ~[server-intermediary.jar:?]
	at net.minecraft.class_156.method_43499(class_156.java:938) ~[server-intermediary.jar:?]
	at net.minecraft.server.Main.main(Main.java:160) ~[server-intermediary.jar:?]
	at net.fabricmc.loader.impl.game.minecraft.MinecraftGameProvider.launch(MinecraftGameProvider.java:480) ~[fabric-loader-0.16.3.jar:?]
	at net.fabricmc.loader.impl.launch.knot.Knot.launch(Knot.java:74) ~[fabric-loader-0.16.3.jar:?]
	at net.fabricmc.loader.impl.launch.knot.KnotServer.main(KnotServer.java:23) ~[fabric-loader-0.16.3.jar:?]
	at net.fabricmc.loader.impl.launch.server.FabricServerLauncher.main(FabricServerLauncher.java:69) ~[fabric-loader-0.16.3.jar:?]
	at net.fabricmc.installer.ServerLauncher.main(ServerLauncher.java:69) ~[fabric-server-launch.jar:1.0.1]
[18:45:36] [main/ERROR]: Parsing error loading recipe digs_dnd_origins:netherite_horns_helmet
com.google.gson.JsonSyntaxException: Invalid or unsupported recipe type 'minecraft:smithing'
	at net.minecraft.class_1863.method_17875(class_1863.java:134) ~[server-intermediary.jar:?]
	at java.util.Optional.orElseThrow(Optional.java:403) ~[?:?]
	at net.minecraft.class_1863.method_17720(class_1863.java:134) ~[server-intermediary.jar:?]
	at net.minecraft.class_1863.method_20705(class_1863.java:56) ~[server-intermediary.jar:?]
	at net.minecraft.class_1863.method_18788(class_1863.java:35) ~[server-intermediary.jar:?]
	at net.minecraft.class_4080.method_18790(class_4080.java:13) ~[server-intermediary.jar:?]
	at java.util.concurrent.CompletableFuture$UniAccept.tryFire(CompletableFuture.java:718) ~[?:?]
	at java.util.concurrent.CompletableFuture$Completion.run(CompletableFuture.java:482) ~[?:?]
	at net.minecraft.class_4014.method_18365(class_4014.java:69) ~[server-intermediary.jar:?]
	at net.minecraft.class_156.method_43498(class_156.java:950) ~[server-intermediary.jar:?]
	at net.minecraft.class_156.method_43499(class_156.java:938) ~[server-intermediary.jar:?]
	at net.minecraft.server.Main.main(Main.java:160) ~[server-intermediary.jar:?]
	at net.fabricmc.loader.impl.game.minecraft.MinecraftGameProvider.launch(MinecraftGameProvider.java:480) ~[fabric-loader-0.16.3.jar:?]
	at net.fabricmc.loader.impl.launch.knot.Knot.launch(Knot.java:74) ~[fabric-loader-0.16.3.jar:?]
	at net.fabricmc.loader.impl.launch.knot.KnotServer.main(KnotServer.java:23) ~[fabric-loader-0.16.3.jar:?]
	at net.fabricmc.loader.impl.launch.server.FabricServerLauncher.main(FabricServerLauncher.java:69) ~[fabric-loader-0.16.3.jar:?]
	at net.fabricmc.installer.ServerLauncher.main(ServerLauncher.java:69) ~[fabric-server-launch.jar:1.0.1]
[18:45:36] [main/INFO]: Generating Sawmill Recipes
[18:45:37] [main/INFO]: Generated Sawmill recipes in 774 milliseconds
[18:45:37] [main/INFO]: Loaded 37 recipes
[18:45:37] [main/ERROR]: Failed to load function kevs:questmobs_mail
java.util.concurrent.CompletionException: java.lang.NoClassDefFoundError: net/minecraft/class_746
	at java.util.concurrent.CompletableFuture.encodeThrowable(CompletableFuture.java:315) ~[?:?]
	at java.util.concurrent.CompletableFuture.completeThrowable(CompletableFuture.java:320) ~[?:?]
	at java.util.concurrent.CompletableFuture$AsyncSupply.run(CompletableFuture.java:1770) ~[?:?]
	at java.util.concurrent.CompletableFuture$AsyncSupply.exec(CompletableFuture.java:1760) ~[?:?]
	at java.util.concurrent.ForkJoinTask.doExec(ForkJoinTask.java:373) ~[?:?]
	at java.util.concurrent.ForkJoinPool$WorkQueue.topLevelExec(ForkJoinPool.java:1182) ~[?:?]
	at java.util.concurrent.ForkJoinPool.scan(ForkJoinPool.java:1655) ~[?:?]
	at java.util.concurrent.ForkJoinPool.runWorker(ForkJoinPool.java:1622) ~[?:?]
	at java.util.concurrent.ForkJoinWorkerThread.run(ForkJoinWorkerThread.java:165) ~[?:?]
Caused by: java.lang.NoClassDefFoundError: net/minecraft/class_746
	at dev.ftb.mods.ftbquests.command.QuestObjectArgument.findQuestFile(QuestObjectArgument.java:112) ~[ftb-quests-fabric-2001.4.5.jar:?]
	at dev.ftb.mods.ftbquests.command.QuestObjectArgument.parse(QuestObjectArgument.java:54) ~[ftb-quests-fabric-2001.4.5.jar:?]
	at dev.ftb.mods.ftbquests.command.QuestObjectArgument.parse(QuestObjectArgument.java:25) ~[ftb-quests-fabric-2001.4.5.jar:?]
	at com.mojang.brigadier.tree.ArgumentCommandNode.parse(ArgumentCommandNode.java:59) ~[brigadier-1.1.8.jar:?]
	at com.mojang.brigadier.CommandDispatcher.parseNodes(CommandDispatcher.java:366) ~[brigadier-1.1.8.jar:?]
	at com.mojang.brigadier.CommandDispatcher.parseNodes(CommandDispatcher.java:393) ~[brigadier-1.1.8.jar:?]
	at com.mojang.brigadier.CommandDispatcher.parseNodes(CommandDispatcher.java:393) ~[brigadier-1.1.8.jar:?]
	at com.mojang.brigadier.CommandDispatcher.parseNodes(CommandDispatcher.java:393) ~[brigadier-1.1.8.jar:?]
	at com.mojang.brigadier.CommandDispatcher.parseNodes(CommandDispatcher.java:393) ~[brigadier-1.1.8.jar:?]
	at com.mojang.brigadier.CommandDispatcher.parseNodes(CommandDispatcher.java:389) ~[brigadier-1.1.8.jar:?]
	at com.mojang.brigadier.CommandDispatcher.parseNodes(CommandDispatcher.java:389) ~[brigadier-1.1.8.jar:?]
	at com.mojang.brigadier.CommandDispatcher.parseNodes(CommandDispatcher.java:393) ~[brigadier-1.1.8.jar:?]
	at com.mojang.brigadier.CommandDispatcher.parseNodes(CommandDispatcher.java:393) ~[brigadier-1.1.8.jar:?]
	at com.mojang.brigadier.CommandDispatcher.parseNodes(CommandDispatcher.java:393) ~[brigadier-1.1.8.jar:?]
	at com.mojang.brigadier.CommandDispatcher.parseNodes(CommandDispatcher.java:393) ~[brigadier-1.1.8.jar:?]
	at com.mojang.brigadier.CommandDispatcher.parseNodes(CommandDispatcher.java:393) ~[brigadier-1.1.8.jar:?]
	at com.mojang.brigadier.CommandDispatcher.parseNodes(CommandDispatcher.java:389) ~[brigadier-1.1.8.jar:?]
	at com.mojang.brigadier.CommandDispatcher.parseNodes(CommandDispatcher.java:393) ~[brigadier-1.1.8.jar:?]
	at com.mojang.brigadier.CommandDispatcher.parseNodes(CommandDispatcher.java:389) ~[brigadier-1.1.8.jar:?]
	at com.mojang.brigadier.CommandDispatcher.parseNodes(CommandDispatcher.java:393) ~[brigadier-1.1.8.jar:?]
	at com.mojang.brigadier.CommandDispatcher.parseNodes(CommandDispatcher.java:393) ~[brigadier-1.1.8.jar:?]
	at com.mojang.brigadier.CommandDispatcher.parse(CommandDispatcher.java:349) ~[brigadier-1.1.8.jar:?]
	at net.minecraft.class_2158.method_9195(class_2158.java:56) ~[server-intermediary.jar:?]
	at net.minecraft.class_5349.method_29451(class_5349.java:83) ~[server-intermediary.jar:?]
	at java.util.concurrent.CompletableFuture$AsyncSupply.run(CompletableFuture.java:1768) ~[?:?]
	... 6 more
Caused by: java.lang.ClassNotFoundException: net.minecraft.class_746
	at jdk.internal.loader.BuiltinClassLoader.loadClass(BuiltinClassLoader.java:641) ~[?:?]
	at java.lang.ClassLoader.loadClass(ClassLoader.java:525) ~[?:?]
	at net.fabricmc.loader.impl.launch.knot.KnotClassDelegate.loadClass(KnotClassDelegate.java:226) ~[fabric-loader-0.16.3.jar:?]
	at net.fabricmc.loader.impl.launch.knot.KnotClassLoader.loadClass(KnotClassLoader.java:119) ~[fabric-loader-0.16.3.jar:?]
	at java.lang.ClassLoader.loadClass(ClassLoader.java:525) ~[?:?]
	at dev.ftb.mods.ftbquests.command.QuestObjectArgument.findQuestFile(QuestObjectArgument.java:112) ~[ftb-quests-fabric-2001.4.5.jar:?]
	at dev.ftb.mods.ftbquests.command.QuestObjectArgument.parse(QuestObjectArgument.java:54) ~[ftb-quests-fabric-2001.4.5.jar:?]
	at dev.ftb.mods.ftbquests.command.QuestObjectArgument.parse(QuestObjectArgument.java:25) ~[ftb-quests-fabric-2001.4.5.jar:?]
	at com.mojang.brigadier.tree.ArgumentCommandNode.parse(ArgumentCommandNode.java:59) ~[brigadier-1.1.8.jar:?]
	at com.mojang.brigadier.CommandDispatcher.parseNodes(CommandDispatcher.java:366) ~[brigadier-1.1.8.jar:?]
	at com.mojang.brigadier.CommandDispatcher.parseNodes(CommandDispatcher.java:393) ~[brigadier-1.1.8.jar:?]
	at com.mojang.brigadier.CommandDispatcher.parseNodes(CommandDispatcher.java:393) ~[brigadier-1.1.8.jar:?]
	at com.mojang.brigadier.CommandDispatcher.parseNodes(CommandDispatcher.java:393) ~[brigadier-1.1.8.jar:?]
	at com.mojang.brigadier.CommandDispatcher.parseNodes(CommandDispatcher.java:393) ~[brigadier-1.1.8.jar:?]
	at com.mojang.brigadier.CommandDispatcher.parseNodes(CommandDispatcher.java:389) ~[brigadier-1.1.8.jar:?]
	at com.mojang.brigadier.CommandDispatcher.parseNodes(CommandDispatcher.java:389) ~[brigadier-1.1.8.jar:?]
	at com.mojang.brigadier.CommandDispatcher.parseNodes(CommandDispatcher.java:393) ~[brigadier-1.1.8.jar:?]
	at com.mojang.brigadier.CommandDispatcher.parseNodes(CommandDispatcher.java:393) ~[brigadier-1.1.8.jar:?]
	at com.mojang.brigadier.CommandDispatcher.parseNodes(CommandDispatcher.java:393) ~[brigadier-1.1.8.jar:?]
	at com.mojang.brigadier.CommandDispatcher.parseNodes(CommandDispatcher.java:393) ~[brigadier-1.1.8.jar:?]
	at com.mojang.brigadier.CommandDispatcher.parseNodes(CommandDispatcher.java:393) ~[brigadier-1.1.8.jar:?]
	at com.mojang.brigadier.CommandDispatcher.parseNodes(CommandDispatcher.java:389) ~[brigadier-1.1.8.jar:?]
	at com.mojang.brigadier.CommandDispatcher.parseNodes(CommandDispatcher.java:393) ~[brigadier-1.1.8.jar:?]
	at com.mojang.brigadier.CommandDispatcher.parseNodes(CommandDispatcher.java:389) ~[brigadier-1.1.8.jar:?]
	at com.mojang.brigadier.CommandDispatcher.parseNodes(CommandDispatcher.java:393) ~[brigadier-1.1.8.jar:?]
	at com.mojang.brigadier.CommandDispatcher.parseNodes(CommandDispatcher.java:393) ~[brigadier-1.1.8.jar:?]
	at com.mojang.brigadier.CommandDispatcher.parse(CommandDispatcher.java:349) ~[brigadier-1.1.8.jar:?]
	at net.minecraft.class_2158.method_9195(class_2158.java:56) ~[server-intermediary.jar:?]
	at net.minecraft.class_5349.method_29451(class_5349.java:83) ~[server-intermediary.jar:?]
	at java.util.concurrent.CompletableFuture$AsyncSupply.run(CompletableFuture.java:1768) ~[?:?]
	... 6 more
[18:45:37] [main/ERROR]: Failed to load function kevs:acceptquest
java.util.concurrent.CompletionException: java.lang.NoClassDefFoundError: net/minecraft/class_746
	at java.util.concurrent.CompletableFuture.encodeThrowable(CompletableFuture.java:315) ~[?:?]
	at java.util.concurrent.CompletableFuture.completeThrowable(CompletableFuture.java:320) ~[?:?]
	at java.util.concurrent.CompletableFuture$AsyncSupply.run(CompletableFuture.java:1770) ~[?:?]
	at java.util.concurrent.CompletableFuture$AsyncSupply.exec(CompletableFuture.java:1760) ~[?:?]
	at java.util.concurrent.ForkJoinTask.doExec(ForkJoinTask.java:373) ~[?:?]
	at java.util.concurrent.ForkJoinPool$WorkQueue.topLevelExec(ForkJoinPool.java:1182) ~[?:?]
	at java.util.concurrent.ForkJoinPool.scan(ForkJoinPool.java:1655) ~[?:?]
	at java.util.concurrent.ForkJoinPool.runWorker(ForkJoinPool.java:1622) ~[?:?]
	at java.util.concurrent.ForkJoinWorkerThread.run(ForkJoinWorkerThread.java:165) ~[?:?]
Caused by: java.lang.NoClassDefFoundError: net/minecraft/class_746
	at dev.ftb.mods.ftbquests.command.QuestObjectArgument.findQuestFile(QuestObjectArgument.java:112) ~[ftb-quests-fabric-2001.4.5.jar:?]
	at dev.ftb.mods.ftbquests.command.QuestObjectArgument.parse(QuestObjectArgument.java:54) ~[ftb-quests-fabric-2001.4.5.jar:?]
	at dev.ftb.mods.ftbquests.command.QuestObjectArgument.parse(QuestObjectArgument.java:25) ~[ftb-quests-fabric-2001.4.5.jar:?]
	at com.mojang.brigadier.tree.ArgumentCommandNode.parse(ArgumentCommandNode.java:59) ~[brigadier-1.1.8.jar:?]
	at com.mojang.brigadier.CommandDispatcher.parseNodes(CommandDispatcher.java:366) ~[brigadier-1.1.8.jar:?]
	at com.mojang.brigadier.CommandDispatcher.parseNodes(CommandDispatcher.java:393) ~[brigadier-1.1.8.jar:?]
	at com.mojang.brigadier.CommandDispatcher.parseNodes(CommandDispatcher.java:393) ~[brigadier-1.1.8.jar:?]
	at com.mojang.brigadier.CommandDispatcher.parseNodes(CommandDispatcher.java:393) ~[brigadier-1.1.8.jar:?]
	at com.mojang.brigadier.CommandDispatcher.parseNodes(CommandDispatcher.java:393) ~[brigadier-1.1.8.jar:?]
	at com.mojang.brigadier.CommandDispatcher.parseNodes(CommandDispatcher.java:389) ~[brigadier-1.1.8.jar:?]
	at com.mojang.brigadier.CommandDispatcher.parseNodes(CommandDispatcher.java:389) ~[brigadier-1.1.8.jar:?]
	at com.mojang.brigadier.CommandDispatcher.parseNodes(CommandDispatcher.java:393) ~[brigadier-1.1.8.jar:?]
	at com.mojang.brigadier.CommandDispatcher.parseNodes(CommandDispatcher.java:389) ~[brigadier-1.1.8.jar:?]
	at com.mojang.brigadier.CommandDispatcher.parseNodes(CommandDispatcher.java:393) ~[brigadier-1.1.8.jar:?]
	at com.mojang.brigadier.CommandDispatcher.parseNodes(CommandDispatcher.java:393) ~[brigadier-1.1.8.jar:?]
	at com.mojang.brigadier.CommandDispatcher.parse(CommandDispatcher.java:349) ~[brigadier-1.1.8.jar:?]
	at net.minecraft.class_2158.method_9195(class_2158.java:56) ~[server-intermediary.jar:?]
	at net.minecraft.class_5349.method_29451(class_5349.java:83) ~[server-intermediary.jar:?]
	at java.util.concurrent.CompletableFuture$AsyncSupply.run(CompletableFuture.java:1768) ~[?:?]
	... 6 more
Caused by: java.lang.ClassNotFoundException: net.minecraft.class_746
	at jdk.internal.loader.BuiltinClassLoader.loadClass(BuiltinClassLoader.java:641) ~[?:?]
	at java.lang.ClassLoader.loadClass(ClassLoader.java:525) ~[?:?]
	at net.fabricmc.loader.impl.launch.knot.KnotClassDelegate.loadClass(KnotClassDelegate.java:226) ~[fabric-loader-0.16.3.jar:?]
	at net.fabricmc.loader.impl.launch.knot.KnotClassLoader.loadClass(KnotClassLoader.java:119) ~[fabric-loader-0.16.3.jar:?]
	at java.lang.ClassLoader.loadClass(ClassLoader.java:525) ~[?:?]
	at dev.ftb.mods.ftbquests.command.QuestObjectArgument.findQuestFile(QuestObjectArgument.java:112) ~[ftb-quests-fabric-2001.4.5.jar:?]
	at dev.ftb.mods.ftbquests.command.QuestObjectArgument.parse(QuestObjectArgument.java:54) ~[ftb-quests-fabric-2001.4.5.jar:?]
	at dev.ftb.mods.ftbquests.command.QuestObjectArgument.parse(QuestObjectArgument.java:25) ~[ftb-quests-fabric-2001.4.5.jar:?]
	at com.mojang.brigadier.tree.ArgumentCommandNode.parse(ArgumentCommandNode.java:59) ~[brigadier-1.1.8.jar:?]
	at com.mojang.brigadier.CommandDispatcher.parseNodes(CommandDispatcher.java:366) ~[brigadier-1.1.8.jar:?]
	at com.mojang.brigadier.CommandDispatcher.parseNodes(CommandDispatcher.java:393) ~[brigadier-1.1.8.jar:?]
	at com.mojang.brigadier.CommandDispatcher.parseNodes(CommandDispatcher.java:393) ~[brigadier-1.1.8.jar:?]
	at com.mojang.brigadier.CommandDispatcher.parseNodes(CommandDispatcher.java:393) ~[brigadier-1.1.8.jar:?]
	at com.mojang.brigadier.CommandDispatcher.parseNodes(CommandDispatcher.java:393) ~[brigadier-1.1.8.jar:?]
	at com.mojang.brigadier.CommandDispatcher.parseNodes(CommandDispatcher.java:389) ~[brigadier-1.1.8.jar:?]
	at com.mojang.brigadier.CommandDispatcher.parseNodes(CommandDispatcher.java:389) ~[brigadier-1.1.8.jar:?]
	at com.mojang.brigadier.CommandDispatcher.parseNodes(CommandDispatcher.java:393) ~[brigadier-1.1.8.jar:?]
	at com.mojang.brigadier.CommandDispatcher.parseNodes(CommandDispatcher.java:389) ~[brigadier-1.1.8.jar:?]
	at com.mojang.brigadier.CommandDispatcher.parseNodes(CommandDispatcher.java:393) ~[brigadier-1.1.8.jar:?]
	at com.mojang.brigadier.CommandDispatcher.parseNodes(CommandDispatcher.java:393) ~[brigadier-1.1.8.jar:?]
	at com.mojang.brigadier.CommandDispatcher.parse(CommandDispatcher.java:349) ~[brigadier-1.1.8.jar:?]
	at net.minecraft.class_2158.method_9195(class_2158.java:56) ~[server-intermediary.jar:?]
	at net.minecraft.class_5349.method_29451(class_5349.java:83) ~[server-intermediary.jar:?]
	at java.util.concurrent.CompletableFuture$AsyncSupply.run(CompletableFuture.java:1768) ~[?:?]
	... 6 more
[18:45:37] [main/ERROR]: Failed to load function kevs:summon_necromancer
java.util.concurrent.CompletionException: java.lang.NoClassDefFoundError: net/minecraft/class_746
	at java.util.concurrent.CompletableFuture.encodeThrowable(CompletableFuture.java:315) ~[?:?]
	at java.util.concurrent.CompletableFuture.completeThrowable(CompletableFuture.java:320) ~[?:?]
	at java.util.concurrent.CompletableFuture$AsyncSupply.run(CompletableFuture.java:1770) ~[?:?]
	at java.util.concurrent.CompletableFuture$AsyncSupply.exec(CompletableFuture.java:1760) ~[?:?]
	at java.util.concurrent.ForkJoinTask.doExec(ForkJoinTask.java:373) ~[?:?]
	at java.util.concurrent.ForkJoinPool$WorkQueue.topLevelExec(ForkJoinPool.java:1182) ~[?:?]
	at java.util.concurrent.ForkJoinPool.scan(ForkJoinPool.java:1655) ~[?:?]
	at java.util.concurrent.ForkJoinPool.runWorker(ForkJoinPool.java:1622) ~[?:?]
	at java.util.concurrent.ForkJoinWorkerThread.run(ForkJoinWorkerThread.java:165) ~[?:?]
Caused by: java.lang.NoClassDefFoundError: net/minecraft/class_746
	at dev.ftb.mods.ftbquests.command.QuestObjectArgument.findQuestFile(QuestObjectArgument.java:112) ~[ftb-quests-fabric-2001.4.5.jar:?]
	at dev.ftb.mods.ftbquests.command.QuestObjectArgument.parse(QuestObjectArgument.java:54) ~[ftb-quests-fabric-2001.4.5.jar:?]
	at dev.ftb.mods.ftbquests.command.QuestObjectArgument.parse(QuestObjectArgument.java:25) ~[ftb-quests-fabric-2001.4.5.jar:?]
	at com.mojang.brigadier.tree.ArgumentCommandNode.parse(ArgumentCommandNode.java:59) ~[brigadier-1.1.8.jar:?]
	at com.mojang.brigadier.CommandDispatcher.parseNodes(CommandDispatcher.java:366) ~[brigadier-1.1.8.jar:?]
	at com.mojang.brigadier.CommandDispatcher.parseNodes(CommandDispatcher.java:393) ~[brigadier-1.1.8.jar:?]
	at com.mojang.brigadier.CommandDispatcher.parseNodes(CommandDispatcher.java:393) ~[brigadier-1.1.8.jar:?]
	at com.mojang.brigadier.CommandDispatcher.parseNodes(CommandDispatcher.java:393) ~[brigadier-1.1.8.jar:?]
	at com.mojang.brigadier.CommandDispatcher.parseNodes(CommandDispatcher.java:393) ~[brigadier-1.1.8.jar:?]
	at com.mojang.brigadier.CommandDispatcher.parseNodes(CommandDispatcher.java:389) ~[brigadier-1.1.8.jar:?]
	at com.mojang.brigadier.CommandDispatcher.parseNodes(CommandDispatcher.java:389) ~[brigadier-1.1.8.jar:?]
	at com.mojang.brigadier.CommandDispatcher.parseNodes(CommandDispatcher.java:393) ~[brigadier-1.1.8.jar:?]
	at com.mojang.brigadier.CommandDispatcher.parseNodes(CommandDispatcher.java:389) ~[brigadier-1.1.8.jar:?]
	at com.mojang.brigadier.CommandDispatcher.parseNodes(CommandDispatcher.java:393) ~[brigadier-1.1.8.jar:?]
	at com.mojang.brigadier.CommandDispatcher.parseNodes(CommandDispatcher.java:393) ~[brigadier-1.1.8.jar:?]
	at com.mojang.brigadier.CommandDispatcher.parse(CommandDispatcher.java:349) ~[brigadier-1.1.8.jar:?]
	at net.minecraft.class_2158.method_9195(class_2158.java:56) ~[server-intermediary.jar:?]
	at net.minecraft.class_5349.method_29451(class_5349.java:83) ~[server-intermediary.jar:?]
	at java.util.concurrent.CompletableFuture$AsyncSupply.run(CompletableFuture.java:1768) ~[?:?]
	... 6 more
Caused by: java.lang.ClassNotFoundException: net.minecraft.class_746
	at jdk.internal.loader.BuiltinClassLoader.loadClass(BuiltinClassLoader.java:641) ~[?:?]
	at java.lang.ClassLoader.loadClass(ClassLoader.java:525) ~[?:?]
	at net.fabricmc.loader.impl.launch.knot.KnotClassDelegate.loadClass(KnotClassDelegate.java:226) ~[fabric-loader-0.16.3.jar:?]
	at net.fabricmc.loader.impl.launch.knot.KnotClassLoader.loadClass(KnotClassLoader.java:119) ~[fabric-loader-0.16.3.jar:?]
	at java.lang.ClassLoader.loadClass(ClassLoader.java:525) ~[?:?]
	at dev.ftb.mods.ftbquests.command.QuestObjectArgument.findQuestFile(QuestObjectArgument.java:112) ~[ftb-quests-fabric-2001.4.5.jar:?]
	at dev.ftb.mods.ftbquests.command.QuestObjectArgument.parse(QuestObjectArgument.java:54) ~[ftb-quests-fabric-2001.4.5.jar:?]
	at dev.ftb.mods.ftbquests.command.QuestObjectArgument.parse(QuestObjectArgument.java:25) ~[ftb-quests-fabric-2001.4.5.jar:?]
	at com.mojang.brigadier.tree.ArgumentCommandNode.parse(ArgumentCommandNode.java:59) ~[brigadier-1.1.8.jar:?]
	at com.mojang.brigadier.CommandDispatcher.parseNodes(CommandDispatcher.java:366) ~[brigadier-1.1.8.jar:?]
	at com.mojang.brigadier.CommandDispatcher.parseNodes(CommandDispatcher.java:393) ~[brigadier-1.1.8.jar:?]
	at com.mojang.brigadier.CommandDispatcher.parseNodes(CommandDispatcher.java:393) ~[brigadier-1.1.8.jar:?]
	at com.mojang.brigadier.CommandDispatcher.parseNodes(CommandDispatcher.java:393) ~[brigadier-1.1.8.jar:?]
	at com.mojang.brigadier.CommandDispatcher.parseNodes(CommandDispatcher.java:393) ~[brigadier-1.1.8.jar:?]
	at com.mojang.brigadier.CommandDispatcher.parseNodes(CommandDispatcher.java:389) ~[brigadier-1.1.8.jar:?]
	at com.mojang.brigadier.CommandDispatcher.parseNodes(CommandDispatcher.java:389) ~[brigadier-1.1.8.jar:?]
	at com.mojang.brigadier.CommandDispatcher.parseNodes(CommandDispatcher.java:393) ~[brigadier-1.1.8.jar:?]
	at com.mojang.brigadier.CommandDispatcher.parseNodes(CommandDispatcher.java:389) ~[brigadier-1.1.8.jar:?]
	at com.mojang.brigadier.CommandDispatcher.parseNodes(CommandDispatcher.java:393) ~[brigadier-1.1.8.jar:?]
	at com.mojang.brigadier.CommandDispatcher.parseNodes(CommandDispatcher.java:393) ~[brigadier-1.1.8.jar:?]
	at com.mojang.brigadier.CommandDispatcher.parse(CommandDispatcher.java:349) ~[brigadier-1.1.8.jar:?]
	at net.minecraft.class_2158.method_9195(class_2158.java:56) ~[server-intermediary.jar:?]
	at net.minecraft.class_5349.method_29451(class_5349.java:83) ~[server-intermediary.jar:?]
	at java.util.concurrent.CompletableFuture$AsyncSupply.run(CompletableFuture.java:1768) ~[?:?]
	... 6 more
[18:45:37] [main/ERROR]: Failed to load function kevs:questmobs_deadline
java.util.concurrent.CompletionException: java.lang.NoClassDefFoundError: net/minecraft/class_746
	at java.util.concurrent.CompletableFuture.encodeThrowable(CompletableFuture.java:315) ~[?:?]
	at java.util.concurrent.CompletableFuture.completeThrowable(CompletableFuture.java:320) ~[?:?]
	at java.util.concurrent.CompletableFuture$AsyncSupply.run(CompletableFuture.java:1770) ~[?:?]
	at java.util.concurrent.CompletableFuture$AsyncSupply.exec(CompletableFuture.java:1760) ~[?:?]
	at java.util.concurrent.ForkJoinTask.doExec(ForkJoinTask.java:373) ~[?:?]
	at java.util.concurrent.ForkJoinPool$WorkQueue.topLevelExec(ForkJoinPool.java:1182) ~[?:?]
	at java.util.concurrent.ForkJoinPool.scan(ForkJoinPool.java:1655) ~[?:?]
	at java.util.concurrent.ForkJoinPool.runWorker(ForkJoinPool.java:1622) ~[?:?]
	at java.util.concurrent.ForkJoinWorkerThread.run(ForkJoinWorkerThread.java:165) ~[?:?]
Caused by: java.lang.NoClassDefFoundError: net/minecraft/class_746
	at dev.ftb.mods.ftbquests.command.QuestObjectArgument.findQuestFile(QuestObjectArgument.java:112) ~[ftb-quests-fabric-2001.4.5.jar:?]
	at dev.ftb.mods.ftbquests.command.QuestObjectArgument.parse(QuestObjectArgument.java:54) ~[ftb-quests-fabric-2001.4.5.jar:?]
	at dev.ftb.mods.ftbquests.command.QuestObjectArgument.parse(QuestObjectArgument.java:25) ~[ftb-quests-fabric-2001.4.5.jar:?]
	at com.mojang.brigadier.tree.ArgumentCommandNode.parse(ArgumentCommandNode.java:59) ~[brigadier-1.1.8.jar:?]
	at com.mojang.brigadier.CommandDispatcher.parseNodes(CommandDispatcher.java:366) ~[brigadier-1.1.8.jar:?]
	at com.mojang.brigadier.CommandDispatcher.parseNodes(CommandDispatcher.java:393) ~[brigadier-1.1.8.jar:?]
	at com.mojang.brigadier.CommandDispatcher.parseNodes(CommandDispatcher.java:393) ~[brigadier-1.1.8.jar:?]
	at com.mojang.brigadier.CommandDispatcher.parseNodes(CommandDispatcher.java:393) ~[brigadier-1.1.8.jar:?]
	at com.mojang.brigadier.CommandDispatcher.parseNodes(CommandDispatcher.java:393) ~[brigadier-1.1.8.jar:?]
	at com.mojang.brigadier.CommandDispatcher.parseNodes(CommandDispatcher.java:389) ~[brigadier-1.1.8.jar:?]
	at com.mojang.brigadier.CommandDispatcher.parseNodes(CommandDispatcher.java:389) ~[brigadier-1.1.8.jar:?]
	at com.mojang.brigadier.CommandDispatcher.parseNodes(CommandDispatcher.java:393) ~[brigadier-1.1.8.jar:?]
	at com.mojang.brigadier.CommandDispatcher.parseNodes(CommandDispatcher.java:393) ~[brigadier-1.1.8.jar:?]
	at com.mojang.brigadier.CommandDispatcher.parseNodes(CommandDispatcher.java:393) ~[brigadier-1.1.8.jar:?]
	at com.mojang.brigadier.CommandDispatcher.parseNodes(CommandDispatcher.java:393) ~[brigadier-1.1.8.jar:?]
	at com.mojang.brigadier.CommandDispatcher.parseNodes(CommandDispatcher.java:393) ~[brigadier-1.1.8.jar:?]
	at com.mojang.brigadier.CommandDispatcher.parseNodes(CommandDispatcher.java:389) ~[brigadier-1.1.8.jar:?]
	at com.mojang.brigadier.CommandDispatcher.parseNodes(CommandDispatcher.java:393) ~[brigadier-1.1.8.jar:?]
	at com.mojang.brigadier.CommandDispatcher.parseNodes(CommandDispatcher.java:389) ~[brigadier-1.1.8.jar:?]
	at com.mojang.brigadier.CommandDispatcher.parseNodes(CommandDispatcher.java:393) ~[brigadier-1.1.8.jar:?]
	at com.mojang.brigadier.CommandDispatcher.parseNodes(CommandDispatcher.java:393) ~[brigadier-1.1.8.jar:?]
	at com.mojang.brigadier.CommandDispatcher.parse(CommandDispatcher.java:349) ~[brigadier-1.1.8.jar:?]
	at net.minecraft.class_2158.method_9195(class_2158.java:56) ~[server-intermediary.jar:?]
	at net.minecraft.class_5349.method_29451(class_5349.java:83) ~[server-intermediary.jar:?]
	at java.util.concurrent.CompletableFuture$AsyncSupply.run(CompletableFuture.java:1768) ~[?:?]
	... 6 more
Caused by: java.lang.ClassNotFoundException: net.minecraft.class_746
	at jdk.internal.loader.BuiltinClassLoader.loadClass(BuiltinClassLoader.java:641) ~[?:?]
	at java.lang.ClassLoader.loadClass(ClassLoader.java:525) ~[?:?]
	at net.fabricmc.loader.impl.launch.knot.KnotClassDelegate.loadClass(KnotClassDelegate.java:226) ~[fabric-loader-0.16.3.jar:?]
	at net.fabricmc.loader.impl.launch.knot.KnotClassLoader.loadClass(KnotClassLoader.java:119) ~[fabric-loader-0.16.3.jar:?]
	at java.lang.ClassLoader.loadClass(ClassLoader.java:525) ~[?:?]
	at dev.ftb.mods.ftbquests.command.QuestObjectArgument.findQuestFile(QuestObjectArgument.java:112) ~[ftb-quests-fabric-2001.4.5.jar:?]
	at dev.ftb.mods.ftbquests.command.QuestObjectArgument.parse(QuestObjectArgument.java:54) ~[ftb-quests-fabric-2001.4.5.jar:?]
	at dev.ftb.mods.ftbquests.command.QuestObjectArgument.parse(QuestObjectArgument.java:25) ~[ftb-quests-fabric-2001.4.5.jar:?]
	at com.mojang.brigadier.tree.ArgumentCommandNode.parse(ArgumentCommandNode.java:59) ~[brigadier-1.1.8.jar:?]
	at com.mojang.brigadier.CommandDispatcher.parseNodes(CommandDispatcher.java:366) ~[brigadier-1.1.8.jar:?]
	at com.mojang.brigadier.CommandDispatcher.parseNodes(CommandDispatcher.java:393) ~[brigadier-1.1.8.jar:?]
	at com.mojang.brigadier.CommandDispatcher.parseNodes(CommandDispatcher.java:393) ~[brigadier-1.1.8.jar:?]
	at com.mojang.brigadier.CommandDispatcher.parseNodes(CommandDispatcher.java:393) ~[brigadier-1.1.8.jar:?]
	at com.mojang.brigadier.CommandDispatcher.parseNodes(CommandDispatcher.java:393) ~[brigadier-1.1.8.jar:?]
	at com.mojang.brigadier.CommandDispatcher.parseNodes(CommandDispatcher.java:389) ~[brigadier-1.1.8.jar:?]
	at com.mojang.brigadier.CommandDispatcher.parseNodes(CommandDispatcher.java:389) ~[brigadier-1.1.8.jar:?]
	at com.mojang.brigadier.CommandDispatcher.parseNodes(CommandDispatcher.java:393) ~[brigadier-1.1.8.jar:?]
	at com.mojang.brigadier.CommandDispatcher.parseNodes(CommandDispatcher.java:393) ~[brigadier-1.1.8.jar:?]
	at com.mojang.brigadier.CommandDispatcher.parseNodes(CommandDispatcher.java:393) ~[brigadier-1.1.8.jar:?]
	at com.mojang.brigadier.CommandDispatcher.parseNodes(CommandDispatcher.java:393) ~[brigadier-1.1.8.jar:?]
	at com.mojang.brigadier.CommandDispatcher.parseNodes(CommandDispatcher.java:393) ~[brigadier-1.1.8.jar:?]
	at com.mojang.brigadier.CommandDispatcher.parseNodes(CommandDispatcher.java:389) ~[brigadier-1.1.8.jar:?]
	at com.mojang.brigadier.CommandDispatcher.parseNodes(CommandDispatcher.java:393) ~[brigadier-1.1.8.jar:?]
	at com.mojang.brigadier.CommandDispatcher.parseNodes(CommandDispatcher.java:389) ~[brigadier-1.1.8.jar:?]
	at com.mojang.brigadier.CommandDispatcher.parseNodes(CommandDispatcher.java:393) ~[brigadier-1.1.8.jar:?]
	at com.mojang.brigadier.CommandDispatcher.parseNodes(CommandDispatcher.java:393) ~[brigadier-1.1.8.jar:?]
	at com.mojang.brigadier.CommandDispatcher.parse(CommandDispatcher.java:349) ~[brigadier-1.1.8.jar:?]
	at net.minecraft.class_2158.method_9195(class_2158.java:56) ~[server-intermediary.jar:?]
	at net.minecraft.class_5349.method_29451(class_5349.java:83) ~[server-intermediary.jar:?]
	at java.util.concurrent.CompletableFuture$AsyncSupply.run(CompletableFuture.java:1768) ~[?:?]
	... 6 more
[18:45:37] [main/ERROR]: Failed to load function kevs:adv_etu
java.util.concurrent.CompletionException: java.lang.NoClassDefFoundError: net/minecraft/class_746
	at java.util.concurrent.CompletableFuture.encodeThrowable(CompletableFuture.java:315) ~[?:?]
	at java.util.concurrent.CompletableFuture.completeThrowable(CompletableFuture.java:320) ~[?:?]
	at java.util.concurrent.CompletableFuture$AsyncSupply.run(CompletableFuture.java:1770) ~[?:?]
	at java.util.concurrent.CompletableFuture$AsyncSupply.exec(CompletableFuture.java:1760) ~[?:?]
	at java.util.concurrent.ForkJoinTask.doExec(ForkJoinTask.java:373) ~[?:?]
	at java.util.concurrent.ForkJoinPool$WorkQueue.topLevelExec(ForkJoinPool.java:1182) ~[?:?]
	at java.util.concurrent.ForkJoinPool.scan(ForkJoinPool.java:1655) ~[?:?]
	at java.util.concurrent.ForkJoinPool.runWorker(ForkJoinPool.java:1622) ~[?:?]
	at java.util.concurrent.ForkJoinWorkerThread.run(ForkJoinWorkerThread.java:165) ~[?:?]
Caused by: java.lang.NoClassDefFoundError: net/minecraft/class_746
	at dev.ftb.mods.ftbquests.command.QuestObjectArgument.findQuestFile(QuestObjectArgument.java:112) ~[ftb-quests-fabric-2001.4.5.jar:?]
	at dev.ftb.mods.ftbquests.command.QuestObjectArgument.parse(QuestObjectArgument.java:54) ~[ftb-quests-fabric-2001.4.5.jar:?]
	at dev.ftb.mods.ftbquests.command.QuestObjectArgument.parse(QuestObjectArgument.java:25) ~[ftb-quests-fabric-2001.4.5.jar:?]
	at com.mojang.brigadier.tree.ArgumentCommandNode.parse(ArgumentCommandNode.java:59) ~[brigadier-1.1.8.jar:?]
	at com.mojang.brigadier.CommandDispatcher.parseNodes(CommandDispatcher.java:366) ~[brigadier-1.1.8.jar:?]
	at com.mojang.brigadier.CommandDispatcher.parseNodes(CommandDispatcher.java:393) ~[brigadier-1.1.8.jar:?]
	at com.mojang.brigadier.CommandDispatcher.parseNodes(CommandDispatcher.java:393) ~[brigadier-1.1.8.jar:?]
	at com.mojang.brigadier.CommandDispatcher.parseNodes(CommandDispatcher.java:393) ~[brigadier-1.1.8.jar:?]
	at com.mojang.brigadier.CommandDispatcher.parseNodes(CommandDispatcher.java:393) ~[brigadier-1.1.8.jar:?]
	at com.mojang.brigadier.CommandDispatcher.parseNodes(CommandDispatcher.java:389) ~[brigadier-1.1.8.jar:?]
	at com.mojang.brigadier.CommandDispatcher.parseNodes(CommandDispatcher.java:389) ~[brigadier-1.1.8.jar:?]
	at com.mojang.brigadier.CommandDispatcher.parseNodes(CommandDispatcher.java:393) ~[brigadier-1.1.8.jar:?]
	at com.mojang.brigadier.CommandDispatcher.parseNodes(CommandDispatcher.java:389) ~[brigadier-1.1.8.jar:?]
	at com.mojang.brigadier.CommandDispatcher.parseNodes(CommandDispatcher.java:393) ~[brigadier-1.1.8.jar:?]
	at com.mojang.brigadier.CommandDispatcher.parseNodes(CommandDispatcher.java:393) ~[brigadier-1.1.8.jar:?]
	at com.mojang.brigadier.CommandDispatcher.parse(CommandDispatcher.java:349) ~[brigadier-1.1.8.jar:?]
	at net.minecraft.class_2158.method_9195(class_2158.java:56) ~[server-intermediary.jar:?]
	at net.minecraft.class_5349.method_29451(class_5349.java:83) ~[server-intermediary.jar:?]
	at java.util.concurrent.CompletableFuture$AsyncSupply.run(CompletableFuture.java:1768) ~[?:?]
	... 6 more
Caused by: java.lang.ClassNotFoundException: net.minecraft.class_746
	at jdk.internal.loader.BuiltinClassLoader.loadClass(BuiltinClassLoader.java:641) ~[?:?]
	at java.lang.ClassLoader.loadClass(ClassLoader.java:525) ~[?:?]
	at net.fabricmc.loader.impl.launch.knot.KnotClassDelegate.loadClass(KnotClassDelegate.java:226) ~[fabric-loader-0.16.3.jar:?]
	at net.fabricmc.loader.impl.launch.knot.KnotClassLoader.loadClass(KnotClassLoader.java:119) ~[fabric-loader-0.16.3.jar:?]
	at java.lang.ClassLoader.loadClass(ClassLoader.java:525) ~[?:?]
	at dev.ftb.mods.ftbquests.command.QuestObjectArgument.findQuestFile(QuestObjectArgument.java:112) ~[ftb-quests-fabric-2001.4.5.jar:?]
	at dev.ftb.mods.ftbquests.command.QuestObjectArgument.parse(QuestObjectArgument.java:54) ~[ftb-quests-fabric-2001.4.5.jar:?]
	at dev.ftb.mods.ftbquests.command.QuestObjectArgument.parse(QuestObjectArgument.java:25) ~[ftb-quests-fabric-2001.4.5.jar:?]
	at com.mojang.brigadier.tree.ArgumentCommandNode.parse(ArgumentCommandNode.java:59) ~[brigadier-1.1.8.jar:?]
	at com.mojang.brigadier.CommandDispatcher.parseNodes(CommandDispatcher.java:366) ~[brigadier-1.1.8.jar:?]
	at com.mojang.brigadier.CommandDispatcher.parseNodes(CommandDispatcher.java:393) ~[brigadier-1.1.8.jar:?]
	at com.mojang.brigadier.CommandDispatcher.parseNodes(CommandDispatcher.java:393) ~[brigadier-1.1.8.jar:?]
	at com.mojang.brigadier.CommandDispatcher.parseNodes(CommandDispatcher.java:393) ~[brigadier-1.1.8.jar:?]
	at com.mojang.brigadier.CommandDispatcher.parseNodes(CommandDispatcher.java:393) ~[brigadier-1.1.8.jar:?]
	at com.mojang.brigadier.CommandDispatcher.parseNodes(CommandDispatcher.java:389) ~[brigadier-1.1.8.jar:?]
	at com.mojang.brigadier.CommandDispatcher.parseNodes(CommandDispatcher.java:389) ~[brigadier-1.1.8.jar:?]
	at com.mojang.brigadier.CommandDispatcher.parseNodes(CommandDispatcher.java:393) ~[brigadier-1.1.8.jar:?]
	at com.mojang.brigadier.CommandDispatcher.parseNodes(CommandDispatcher.java:389) ~[brigadier-1.1.8.jar:?]
	at com.mojang.brigadier.CommandDispatcher.parseNodes(CommandDispatcher.java:393) ~[brigadier-1.1.8.jar:?]
	at com.mojang.brigadier.CommandDispatcher.parseNodes(CommandDispatcher.java:393) ~[brigadier-1.1.8.jar:?]
	at com.mojang.brigadier.CommandDispatcher.parse(CommandDispatcher.java:349) ~[brigadier-1.1.8.jar:?]
	at net.minecraft.class_2158.method_9195(class_2158.java:56) ~[server-intermediary.jar:?]
	at net.minecraft.class_5349.method_29451(class_5349.java:83) ~[server-intermediary.jar:?]
	at java.util.concurrent.CompletableFuture$AsyncSupply.run(CompletableFuture.java:1768) ~[?:?]
	... 6 more
[18:45:37] [main/ERROR]: Failed to load function kevs:questmobp2
java.util.concurrent.CompletionException: java.lang.NoClassDefFoundError: net/minecraft/class_746
	at java.util.concurrent.CompletableFuture.encodeThrowable(CompletableFuture.java:315) ~[?:?]
	at java.util.concurrent.CompletableFuture.completeThrowable(CompletableFuture.java:320) ~[?:?]
	at java.util.concurrent.CompletableFuture$AsyncSupply.run(CompletableFuture.java:1770) ~[?:?]
	at java.util.concurrent.CompletableFuture$AsyncSupply.exec(CompletableFuture.java:1760) ~[?:?]
	at java.util.concurrent.ForkJoinTask.doExec(ForkJoinTask.java:373) ~[?:?]
	at java.util.concurrent.ForkJoinPool$WorkQueue.topLevelExec(ForkJoinPool.java:1182) ~[?:?]
	at java.util.concurrent.ForkJoinPool.scan(ForkJoinPool.java:1655) ~[?:?]
	at java.util.concurrent.ForkJoinPool.runWorker(ForkJoinPool.java:1622) ~[?:?]
	at java.util.concurrent.ForkJoinWorkerThread.run(ForkJoinWorkerThread.java:165) ~[?:?]
Caused by: java.lang.NoClassDefFoundError: net/minecraft/class_746
	at dev.ftb.mods.ftbquests.command.QuestObjectArgument.findQuestFile(QuestObjectArgument.java:112) ~[ftb-quests-fabric-2001.4.5.jar:?]
	at dev.ftb.mods.ftbquests.command.QuestObjectArgument.parse(QuestObjectArgument.java:54) ~[ftb-quests-fabric-2001.4.5.jar:?]
	at dev.ftb.mods.ftbquests.command.QuestObjectArgument.parse(QuestObjectArgument.java:25) ~[ftb-quests-fabric-2001.4.5.jar:?]
	at com.mojang.brigadier.tree.ArgumentCommandNode.parse(ArgumentCommandNode.java:59) ~[brigadier-1.1.8.jar:?]
	at com.mojang.brigadier.CommandDispatcher.parseNodes(CommandDispatcher.java:366) ~[brigadier-1.1.8.jar:?]
	at com.mojang.brigadier.CommandDispatcher.parseNodes(CommandDispatcher.java:393) ~[brigadier-1.1.8.jar:?]
	at com.mojang.brigadier.CommandDispatcher.parseNodes(CommandDispatcher.java:393) ~[brigadier-1.1.8.jar:?]
	at com.mojang.brigadier.CommandDispatcher.parseNodes(CommandDispatcher.java:393) ~[brigadier-1.1.8.jar:?]
	at com.mojang.brigadier.CommandDispatcher.parseNodes(CommandDispatcher.java:393) ~[brigadier-1.1.8.jar:?]
	at com.mojang.brigadier.CommandDispatcher.parseNodes(CommandDispatcher.java:389) ~[brigadier-1.1.8.jar:?]
	at com.mojang.brigadier.CommandDispatcher.parseNodes(CommandDispatcher.java:389) ~[brigadier-1.1.8.jar:?]
	at com.mojang.brigadier.CommandDispatcher.parseNodes(CommandDispatcher.java:393) ~[brigadier-1.1.8.jar:?]
	at com.mojang.brigadier.CommandDispatcher.parseNodes(CommandDispatcher.java:393) ~[brigadier-1.1.8.jar:?]
	at com.mojang.brigadier.CommandDispatcher.parseNodes(CommandDispatcher.java:393) ~[brigadier-1.1.8.jar:?]
	at com.mojang.brigadier.CommandDispatcher.parseNodes(CommandDispatcher.java:393) ~[brigadier-1.1.8.jar:?]
	at com.mojang.brigadier.CommandDispatcher.parseNodes(CommandDispatcher.java:393) ~[brigadier-1.1.8.jar:?]
	at com.mojang.brigadier.CommandDispatcher.parseNodes(CommandDispatcher.java:389) ~[brigadier-1.1.8.jar:?]
	at com.mojang.brigadier.CommandDispatcher.parseNodes(CommandDispatcher.java:393) ~[brigadier-1.1.8.jar:?]
	at com.mojang.brigadier.CommandDispatcher.parseNodes(CommandDispatcher.java:389) ~[brigadier-1.1.8.jar:?]
	at com.mojang.brigadier.CommandDispatcher.parseNodes(CommandDispatcher.java:393) ~[brigadier-1.1.8.jar:?]
	at com.mojang.brigadier.CommandDispatcher.parseNodes(CommandDispatcher.java:393) ~[brigadier-1.1.8.jar:?]
	at com.mojang.brigadier.CommandDispatcher.parse(CommandDispatcher.java:349) ~[brigadier-1.1.8.jar:?]
	at net.minecraft.class_2158.method_9195(class_2158.java:56) ~[server-intermediary.jar:?]
	at net.minecraft.class_5349.method_29451(class_5349.java:83) ~[server-intermediary.jar:?]
	at java.util.concurrent.CompletableFuture$AsyncSupply.run(CompletableFuture.java:1768) ~[?:?]
	... 6 more
Caused by: java.lang.ClassNotFoundException: net.minecraft.class_746
	at jdk.internal.loader.BuiltinClassLoader.loadClass(BuiltinClassLoader.java:641) ~[?:?]
	at java.lang.ClassLoader.loadClass(ClassLoader.java:525) ~[?:?]
	at net.fabricmc.loader.impl.launch.knot.KnotClassDelegate.loadClass(KnotClassDelegate.java:226) ~[fabric-loader-0.16.3.jar:?]
	at net.fabricmc.loader.impl.launch.knot.KnotClassLoader.loadClass(KnotClassLoader.java:119) ~[fabric-loader-0.16.3.jar:?]
	at java.lang.ClassLoader.loadClass(ClassLoader.java:525) ~[?:?]
	at dev.ftb.mods.ftbquests.command.QuestObjectArgument.findQuestFile(QuestObjectArgument.java:112) ~[ftb-quests-fabric-2001.4.5.jar:?]
	at dev.ftb.mods.ftbquests.command.QuestObjectArgument.parse(QuestObjectArgument.java:54) ~[ftb-quests-fabric-2001.4.5.jar:?]
	at dev.ftb.mods.ftbquests.command.QuestObjectArgument.parse(QuestObjectArgument.java:25) ~[ftb-quests-fabric-2001.4.5.jar:?]
	at com.mojang.brigadier.tree.ArgumentCommandNode.parse(ArgumentCommandNode.java:59) ~[brigadier-1.1.8.jar:?]
	at com.mojang.brigadier.CommandDispatcher.parseNodes(CommandDispatcher.java:366) ~[brigadier-1.1.8.jar:?]
	at com.mojang.brigadier.CommandDispatcher.parseNodes(CommandDispatcher.java:393) ~[brigadier-1.1.8.jar:?]
	at com.mojang.brigadier.CommandDispatcher.parseNodes(CommandDispatcher.java:393) ~[brigadier-1.1.8.jar:?]
	at com.mojang.brigadier.CommandDispatcher.parseNodes(CommandDispatcher.java:393) ~[brigadier-1.1.8.jar:?]
	at com.mojang.brigadier.CommandDispatcher.parseNodes(CommandDispatcher.java:393) ~[brigadier-1.1.8.jar:?]
	at com.mojang.brigadier.CommandDispatcher.parseNodes(CommandDispatcher.java:389) ~[brigadier-1.1.8.jar:?]
	at com.mojang.brigadier.CommandDispatcher.parseNodes(CommandDispatcher.java:389) ~[brigadier-1.1.8.jar:?]
	at com.mojang.brigadier.CommandDispatcher.parseNodes(CommandDispatcher.java:393) ~[brigadier-1.1.8.jar:?]
	at com.mojang.brigadier.CommandDispatcher.parseNodes(CommandDispatcher.java:393) ~[brigadier-1.1.8.jar:?]
	at com.mojang.brigadier.CommandDispatcher.parseNodes(CommandDispatcher.java:393) ~[brigadier-1.1.8.jar:?]
	at com.mojang.brigadier.CommandDispatcher.parseNodes(CommandDispatcher.java:393) ~[brigadier-1.1.8.jar:?]
	at com.mojang.brigadier.CommandDispatcher.parseNodes(CommandDispatcher.java:393) ~[brigadier-1.1.8.jar:?]
	at com.mojang.brigadier.CommandDispatcher.parseNodes(CommandDispatcher.java:389) ~[brigadier-1.1.8.jar:?]
	at com.mojang.brigadier.CommandDispatcher.parseNodes(CommandDispatcher.java:393) ~[brigadier-1.1.8.jar:?]
	at com.mojang.brigadier.CommandDispatcher.parseNodes(CommandDispatcher.java:389) ~[brigadier-1.1.8.jar:?]
	at com.mojang.brigadier.CommandDispatcher.parseNodes(CommandDispatcher.java:393) ~[brigadier-1.1.8.jar:?]
	at com.mojang.brigadier.CommandDispatcher.parseNodes(CommandDispatcher.java:393) ~[brigadier-1.1.8.jar:?]
	at com.mojang.brigadier.CommandDispatcher.parse(CommandDispatcher.java:349) ~[brigadier-1.1.8.jar:?]
	at net.minecraft.class_2158.method_9195(class_2158.java:56) ~[server-intermediary.jar:?]
	at net.minecraft.class_5349.method_29451(class_5349.java:83) ~[server-intermediary.jar:?]
	at java.util.concurrent.CompletableFuture$AsyncSupply.run(CompletableFuture.java:1768) ~[?:?]
	... 6 more
[18:45:37] [main/ERROR]: Failed to load function kevs:adv_byktwd
java.util.concurrent.CompletionException: java.lang.NoClassDefFoundError: net/minecraft/class_746
	at java.util.concurrent.CompletableFuture.encodeThrowable(CompletableFuture.java:315) ~[?:?]
	at java.util.concurrent.CompletableFuture.completeThrowable(CompletableFuture.java:320) ~[?:?]
	at java.util.concurrent.CompletableFuture$AsyncSupply.run(CompletableFuture.java:1770) ~[?:?]
	at java.util.concurrent.CompletableFuture$AsyncSupply.exec(CompletableFuture.java:1760) ~[?:?]
	at java.util.concurrent.ForkJoinTask.doExec(ForkJoinTask.java:373) ~[?:?]
	at java.util.concurrent.ForkJoinPool$WorkQueue.topLevelExec(ForkJoinPool.java:1182) ~[?:?]
	at java.util.concurrent.ForkJoinPool.scan(ForkJoinPool.java:1655) ~[?:?]
	at java.util.concurrent.ForkJoinPool.runWorker(ForkJoinPool.java:1622) ~[?:?]
	at java.util.concurrent.ForkJoinWorkerThread.run(ForkJoinWorkerThread.java:165) ~[?:?]
Caused by: java.lang.NoClassDefFoundError: net/minecraft/class_746
	at dev.ftb.mods.ftbquests.command.QuestObjectArgument.findQuestFile(QuestObjectArgument.java:112) ~[ftb-quests-fabric-2001.4.5.jar:?]
	at dev.ftb.mods.ftbquests.command.QuestObjectArgument.parse(QuestObjectArgument.java:54) ~[ftb-quests-fabric-2001.4.5.jar:?]
	at dev.ftb.mods.ftbquests.command.QuestObjectArgument.parse(QuestObjectArgument.java:25) ~[ftb-quests-fabric-2001.4.5.jar:?]
	at com.mojang.brigadier.tree.ArgumentCommandNode.parse(ArgumentCommandNode.java:59) ~[brigadier-1.1.8.jar:?]
	at com.mojang.brigadier.CommandDispatcher.parseNodes(CommandDispatcher.java:366) ~[brigadier-1.1.8.jar:?]
	at com.mojang.brigadier.CommandDispatcher.parseNodes(CommandDispatcher.java:393) ~[brigadier-1.1.8.jar:?]
	at com.mojang.brigadier.CommandDispatcher.parseNodes(CommandDispatcher.java:393) ~[brigadier-1.1.8.jar:?]
	at com.mojang.brigadier.CommandDispatcher.parseNodes(CommandDispatcher.java:393) ~[brigadier-1.1.8.jar:?]
	at com.mojang.brigadier.CommandDispatcher.parseNodes(CommandDispatcher.java:393) ~[brigadier-1.1.8.jar:?]
	at com.mojang.brigadier.CommandDispatcher.parseNodes(CommandDispatcher.java:389) ~[brigadier-1.1.8.jar:?]
	at com.mojang.brigadier.CommandDispatcher.parseNodes(CommandDispatcher.java:389) ~[brigadier-1.1.8.jar:?]
	at com.mojang.brigadier.CommandDispatcher.parseNodes(CommandDispatcher.java:393) ~[brigadier-1.1.8.jar:?]
	at com.mojang.brigadier.CommandDispatcher.parseNodes(CommandDispatcher.java:389) ~[brigadier-1.1.8.jar:?]
	at com.mojang.brigadier.CommandDispatcher.parseNodes(CommandDispatcher.java:393) ~[brigadier-1.1.8.jar:?]
	at com.mojang.brigadier.CommandDispatcher.parseNodes(CommandDispatcher.java:393) ~[brigadier-1.1.8.jar:?]
	at com.mojang.brigadier.CommandDispatcher.parse(CommandDispatcher.java:349) ~[brigadier-1.1.8.jar:?]
	at net.minecraft.class_2158.method_9195(class_2158.java:56) ~[server-intermediary.jar:?]
	at net.minecraft.class_5349.method_29451(class_5349.java:83) ~[server-intermediary.jar:?]
	at java.util.concurrent.CompletableFuture$AsyncSupply.run(CompletableFuture.java:1768) ~[?:?]
	... 6 more
Caused by: java.lang.ClassNotFoundException: net.minecraft.class_746
	at jdk.internal.loader.BuiltinClassLoader.loadClass(BuiltinClassLoader.java:641) ~[?:?]
	at java.lang.ClassLoader.loadClass(ClassLoader.java:525) ~[?:?]
	at net.fabricmc.loader.impl.launch.knot.KnotClassDelegate.loadClass(KnotClassDelegate.java:226) ~[fabric-loader-0.16.3.jar:?]
	at net.fabricmc.loader.impl.launch.knot.KnotClassLoader.loadClass(KnotClassLoader.java:119) ~[fabric-loader-0.16.3.jar:?]
	at java.lang.ClassLoader.loadClass(ClassLoader.java:525) ~[?:?]
	at dev.ftb.mods.ftbquests.command.QuestObjectArgument.findQuestFile(QuestObjectArgument.java:112) ~[ftb-quests-fabric-2001.4.5.jar:?]
	at dev.ftb.mods.ftbquests.command.QuestObjectArgument.parse(QuestObjectArgument.java:54) ~[ftb-quests-fabric-2001.4.5.jar:?]
	at dev.ftb.mods.ftbquests.command.QuestObjectArgument.parse(QuestObjectArgument.java:25) ~[ftb-quests-fabric-2001.4.5.jar:?]
	at com.mojang.brigadier.tree.ArgumentCommandNode.parse(ArgumentCommandNode.java:59) ~[brigadier-1.1.8.jar:?]
	at com.mojang.brigadier.CommandDispatcher.parseNodes(CommandDispatcher.java:366) ~[brigadier-1.1.8.jar:?]
	at com.mojang.brigadier.CommandDispatcher.parseNodes(CommandDispatcher.java:393) ~[brigadier-1.1.8.jar:?]
	at com.mojang.brigadier.CommandDispatcher.parseNodes(CommandDispatcher.java:393) ~[brigadier-1.1.8.jar:?]
	at com.mojang.brigadier.CommandDispatcher.parseNodes(CommandDispatcher.java:393) ~[brigadier-1.1.8.jar:?]
	at com.mojang.brigadier.CommandDispatcher.parseNodes(CommandDispatcher.java:393) ~[brigadier-1.1.8.jar:?]
	at com.mojang.brigadier.CommandDispatcher.parseNodes(CommandDispatcher.java:389) ~[brigadier-1.1.8.jar:?]
	at com.mojang.brigadier.CommandDispatcher.parseNodes(CommandDispatcher.java:389) ~[brigadier-1.1.8.jar:?]
	at com.mojang.brigadier.CommandDispatcher.parseNodes(CommandDispatcher.java:393) ~[brigadier-1.1.8.jar:?]
	at com.mojang.brigadier.CommandDispatcher.parseNodes(CommandDispatcher.java:389) ~[brigadier-1.1.8.jar:?]
	at com.mojang.brigadier.CommandDispatcher.parseNodes(CommandDispatcher.java:393) ~[brigadier-1.1.8.jar:?]
	at com.mojang.brigadier.CommandDispatcher.parseNodes(CommandDispatcher.java:393) ~[brigadier-1.1.8.jar:?]
	at com.mojang.brigadier.CommandDispatcher.parse(CommandDispatcher.java:349) ~[brigadier-1.1.8.jar:?]
	at net.minecraft.class_2158.method_9195(class_2158.java:56) ~[server-intermediary.jar:?]
	at net.minecraft.class_5349.method_29451(class_5349.java:83) ~[server-intermediary.jar:?]
	at java.util.concurrent.CompletableFuture$AsyncSupply.run(CompletableFuture.java:1768) ~[?:?]
	... 6 more
[18:45:37] [main/ERROR]: Failed to load function kevs:denyquest
java.util.concurrent.CompletionException: java.lang.NoClassDefFoundError: net/minecraft/class_746
	at java.util.concurrent.CompletableFuture.encodeThrowable(CompletableFuture.java:315) ~[?:?]
	at java.util.concurrent.CompletableFuture.completeThrowable(CompletableFuture.java:320) ~[?:?]
	at java.util.concurrent.CompletableFuture$AsyncSupply.run(CompletableFuture.java:1770) ~[?:?]
	at java.util.concurrent.CompletableFuture$AsyncSupply.exec(CompletableFuture.java:1760) ~[?:?]
	at java.util.concurrent.ForkJoinTask.doExec(ForkJoinTask.java:373) ~[?:?]
	at java.util.concurrent.ForkJoinPool$WorkQueue.topLevelExec(ForkJoinPool.java:1182) ~[?:?]
	at java.util.concurrent.ForkJoinPool.scan(ForkJoinPool.java:1655) ~[?:?]
	at java.util.concurrent.ForkJoinPool.runWorker(ForkJoinPool.java:1622) ~[?:?]
	at java.util.concurrent.ForkJoinWorkerThread.run(ForkJoinWorkerThread.java:165) ~[?:?]
Caused by: java.lang.NoClassDefFoundError: net/minecraft/class_746
	at dev.ftb.mods.ftbquests.command.QuestObjectArgument.findQuestFile(QuestObjectArgument.java:112) ~[ftb-quests-fabric-2001.4.5.jar:?]
	at dev.ftb.mods.ftbquests.command.QuestObjectArgument.parse(QuestObjectArgument.java:54) ~[ftb-quests-fabric-2001.4.5.jar:?]
	at dev.ftb.mods.ftbquests.command.QuestObjectArgument.parse(QuestObjectArgument.java:25) ~[ftb-quests-fabric-2001.4.5.jar:?]
	at com.mojang.brigadier.tree.ArgumentCommandNode.parse(ArgumentCommandNode.java:59) ~[brigadier-1.1.8.jar:?]
	at com.mojang.brigadier.CommandDispatcher.parseNodes(CommandDispatcher.java:366) ~[brigadier-1.1.8.jar:?]
	at com.mojang.brigadier.CommandDispatcher.parseNodes(CommandDispatcher.java:393) ~[brigadier-1.1.8.jar:?]
	at com.mojang.brigadier.CommandDispatcher.parseNodes(CommandDispatcher.java:393) ~[brigadier-1.1.8.jar:?]
	at com.mojang.brigadier.CommandDispatcher.parseNodes(CommandDispatcher.java:393) ~[brigadier-1.1.8.jar:?]
	at com.mojang.brigadier.CommandDispatcher.parseNodes(CommandDispatcher.java:393) ~[brigadier-1.1.8.jar:?]
	at com.mojang.brigadier.CommandDispatcher.parseNodes(CommandDispatcher.java:389) ~[brigadier-1.1.8.jar:?]
	at com.mojang.brigadier.CommandDispatcher.parseNodes(CommandDispatcher.java:389) ~[brigadier-1.1.8.jar:?]
	at com.mojang.brigadier.CommandDispatcher.parseNodes(CommandDispatcher.java:393) ~[brigadier-1.1.8.jar:?]
	at com.mojang.brigadier.CommandDispatcher.parseNodes(CommandDispatcher.java:389) ~[brigadier-1.1.8.jar:?]
	at com.mojang.brigadier.CommandDispatcher.parseNodes(CommandDispatcher.java:393) ~[brigadier-1.1.8.jar:?]
	at com.mojang.brigadier.CommandDispatcher.parseNodes(CommandDispatcher.java:393) ~[brigadier-1.1.8.jar:?]
	at com.mojang.brigadier.CommandDispatcher.parse(CommandDispatcher.java:349) ~[brigadier-1.1.8.jar:?]
	at net.minecraft.class_2158.method_9195(class_2158.java:56) ~[server-intermediary.jar:?]
	at net.minecraft.class_5349.method_29451(class_5349.java:83) ~[server-intermediary.jar:?]
	at java.util.concurrent.CompletableFuture$AsyncSupply.run(CompletableFuture.java:1768) ~[?:?]
	... 6 more
Caused by: java.lang.ClassNotFoundException: net.minecraft.class_746
	at jdk.internal.loader.BuiltinClassLoader.loadClass(BuiltinClassLoader.java:641) ~[?:?]
	at java.lang.ClassLoader.loadClass(ClassLoader.java:525) ~[?:?]
	at net.fabricmc.loader.impl.launch.knot.KnotClassDelegate.loadClass(KnotClassDelegate.java:226) ~[fabric-loader-0.16.3.jar:?]
	at net.fabricmc.loader.impl.launch.knot.KnotClassLoader.loadClass(KnotClassLoader.java:119) ~[fabric-loader-0.16.3.jar:?]
	at java.lang.ClassLoader.loadClass(ClassLoader.java:525) ~[?:?]
	at dev.ftb.mods.ftbquests.command.QuestObjectArgument.findQuestFile(QuestObjectArgument.java:112) ~[ftb-quests-fabric-2001.4.5.jar:?]
	at dev.ftb.mods.ftbquests.command.QuestObjectArgument.parse(QuestObjectArgument.java:54) ~[ftb-quests-fabric-2001.4.5.jar:?]
	at dev.ftb.mods.ftbquests.command.QuestObjectArgument.parse(QuestObjectArgument.java:25) ~[ftb-quests-fabric-2001.4.5.jar:?]
	at com.mojang.brigadier.tree.ArgumentCommandNode.parse(ArgumentCommandNode.java:59) ~[brigadier-1.1.8.jar:?]
	at com.mojang.brigadier.CommandDispatcher.parseNodes(CommandDispatcher.java:366) ~[brigadier-1.1.8.jar:?]
	at com.mojang.brigadier.CommandDispatcher.parseNodes(CommandDispatcher.java:393) ~[brigadier-1.1.8.jar:?]
	at com.mojang.brigadier.CommandDispatcher.parseNodes(CommandDispatcher.java:393) ~[brigadier-1.1.8.jar:?]
	at com.mojang.brigadier.CommandDispatcher.parseNodes(CommandDispatcher.java:393) ~[brigadier-1.1.8.jar:?]
	at com.mojang.brigadier.CommandDispatcher.parseNodes(CommandDispatcher.java:393) ~[brigadier-1.1.8.jar:?]
	at com.mojang.brigadier.CommandDispatcher.parseNodes(CommandDispatcher.java:389) ~[brigadier-1.1.8.jar:?]
	at com.mojang.brigadier.CommandDispatcher.parseNodes(CommandDispatcher.java:389) ~[brigadier-1.1.8.jar:?]
	at com.mojang.brigadier.CommandDispatcher.parseNodes(CommandDispatcher.java:393) ~[brigadier-1.1.8.jar:?]
	at com.mojang.brigadier.CommandDispatcher.parseNodes(CommandDispatcher.java:389) ~[brigadier-1.1.8.jar:?]
	at com.mojang.brigadier.CommandDispatcher.parseNodes(CommandDispatcher.java:393) ~[brigadier-1.1.8.jar:?]
	at com.mojang.brigadier.CommandDispatcher.parseNodes(CommandDispatcher.java:393) ~[brigadier-1.1.8.jar:?]
	at com.mojang.brigadier.CommandDispatcher.parse(CommandDispatcher.java:349) ~[brigadier-1.1.8.jar:?]
	at net.minecraft.class_2158.method_9195(class_2158.java:56) ~[server-intermediary.jar:?]
	at net.minecraft.class_5349.method_29451(class_5349.java:83) ~[server-intermediary.jar:?]
	at java.util.concurrent.CompletableFuture$AsyncSupply.run(CompletableFuture.java:1768) ~[?:?]
	... 6 more
[18:45:37] [main/ERROR]: Failed to load function kevs:startvillagequest
java.util.concurrent.CompletionException: java.lang.NoClassDefFoundError: net/minecraft/class_746
	at java.util.concurrent.CompletableFuture.encodeThrowable(CompletableFuture.java:315) ~[?:?]
	at java.util.concurrent.CompletableFuture.completeThrowable(CompletableFuture.java:320) ~[?:?]
	at java.util.concurrent.CompletableFuture$AsyncSupply.run(CompletableFuture.java:1770) ~[?:?]
	at java.util.concurrent.CompletableFuture$AsyncSupply.exec(CompletableFuture.java:1760) ~[?:?]
	at java.util.concurrent.ForkJoinTask.doExec(ForkJoinTask.java:373) ~[?:?]
	at java.util.concurrent.ForkJoinPool$WorkQueue.topLevelExec(ForkJoinPool.java:1182) ~[?:?]
	at java.util.concurrent.ForkJoinPool.scan(ForkJoinPool.java:1655) ~[?:?]
	at java.util.concurrent.ForkJoinPool.runWorker(ForkJoinPool.java:1622) ~[?:?]
	at java.util.concurrent.ForkJoinWorkerThread.run(ForkJoinWorkerThread.java:165) ~[?:?]
Caused by: java.lang.NoClassDefFoundError: net/minecraft/class_746
	at dev.ftb.mods.ftbquests.command.QuestObjectArgument.findQuestFile(QuestObjectArgument.java:112) ~[ftb-quests-fabric-2001.4.5.jar:?]
	at dev.ftb.mods.ftbquests.command.QuestObjectArgument.parse(QuestObjectArgument.java:54) ~[ftb-quests-fabric-2001.4.5.jar:?]
	at dev.ftb.mods.ftbquests.command.QuestObjectArgument.parse(QuestObjectArgument.java:25) ~[ftb-quests-fabric-2001.4.5.jar:?]
	at com.mojang.brigadier.tree.ArgumentCommandNode.parse(ArgumentCommandNode.java:59) ~[brigadier-1.1.8.jar:?]
	at com.mojang.brigadier.CommandDispatcher.parseNodes(CommandDispatcher.java:366) ~[brigadier-1.1.8.jar:?]
	at com.mojang.brigadier.CommandDispatcher.parseNodes(CommandDispatcher.java:393) ~[brigadier-1.1.8.jar:?]
	at com.mojang.brigadier.CommandDispatcher.parseNodes(CommandDispatcher.java:393) ~[brigadier-1.1.8.jar:?]
	at com.mojang.brigadier.CommandDispatcher.parseNodes(CommandDispatcher.java:393) ~[brigadier-1.1.8.jar:?]
	at com.mojang.brigadier.CommandDispatcher.parseNodes(CommandDispatcher.java:393) ~[brigadier-1.1.8.jar:?]
	at com.mojang.brigadier.CommandDispatcher.parseNodes(CommandDispatcher.java:389) ~[brigadier-1.1.8.jar:?]
	at com.mojang.brigadier.CommandDispatcher.parseNodes(CommandDispatcher.java:389) ~[brigadier-1.1.8.jar:?]
	at com.mojang.brigadier.CommandDispatcher.parseNodes(CommandDispatcher.java:393) ~[brigadier-1.1.8.jar:?]
	at com.mojang.brigadier.CommandDispatcher.parseNodes(CommandDispatcher.java:389) ~[brigadier-1.1.8.jar:?]
	at com.mojang.brigadier.CommandDispatcher.parseNodes(CommandDispatcher.java:393) ~[brigadier-1.1.8.jar:?]
	at com.mojang.brigadier.CommandDispatcher.parseNodes(CommandDispatcher.java:393) ~[brigadier-1.1.8.jar:?]
	at com.mojang.brigadier.CommandDispatcher.parse(CommandDispatcher.java:349) ~[brigadier-1.1.8.jar:?]
	at net.minecraft.class_2158.method_9195(class_2158.java:56) ~[server-intermediary.jar:?]
	at net.minecraft.class_5349.method_29451(class_5349.java:83) ~[server-intermediary.jar:?]
	at java.util.concurrent.CompletableFuture$AsyncSupply.run(CompletableFuture.java:1768) ~[?:?]
	... 6 more
Caused by: java.lang.ClassNotFoundException: net.minecraft.class_746
	at jdk.internal.loader.BuiltinClassLoader.loadClass(BuiltinClassLoader.java:641) ~[?:?]
	at java.lang.ClassLoader.loadClass(ClassLoader.java:525) ~[?:?]
	at net.fabricmc.loader.impl.launch.knot.KnotClassDelegate.loadClass(KnotClassDelegate.java:226) ~[fabric-loader-0.16.3.jar:?]
	at net.fabricmc.loader.impl.launch.knot.KnotClassLoader.loadClass(KnotClassLoader.java:119) ~[fabric-loader-0.16.3.jar:?]
	at java.lang.ClassLoader.loadClass(ClassLoader.java:525) ~[?:?]
	at dev.ftb.mods.ftbquests.command.QuestObjectArgument.findQuestFile(QuestObjectArgument.java:112) ~[ftb-quests-fabric-2001.4.5.jar:?]
	at dev.ftb.mods.ftbquests.command.QuestObjectArgument.parse(QuestObjectArgument.java:54) ~[ftb-quests-fabric-2001.4.5.jar:?]
	at dev.ftb.mods.ftbquests.command.QuestObjectArgument.parse(QuestObjectArgument.java:25) ~[ftb-quests-fabric-2001.4.5.jar:?]
	at com.mojang.brigadier.tree.ArgumentCommandNode.parse(ArgumentCommandNode.java:59) ~[brigadier-1.1.8.jar:?]
	at com.mojang.brigadier.CommandDispatcher.parseNodes(CommandDispatcher.java:366) ~[brigadier-1.1.8.jar:?]
	at com.mojang.brigadier.CommandDispatcher.parseNodes(CommandDispatcher.java:393) ~[brigadier-1.1.8.jar:?]
	at com.mojang.brigadier.CommandDispatcher.parseNodes(CommandDispatcher.java:393) ~[brigadier-1.1.8.jar:?]
	at com.mojang.brigadier.CommandDispatcher.parseNodes(CommandDispatcher.java:393) ~[brigadier-1.1.8.jar:?]
	at com.mojang.brigadier.CommandDispatcher.parseNodes(CommandDispatcher.java:393) ~[brigadier-1.1.8.jar:?]
	at com.mojang.brigadier.CommandDispatcher.parseNodes(CommandDispatcher.java:389) ~[brigadier-1.1.8.jar:?]
	at com.mojang.brigadier.CommandDispatcher.parseNodes(CommandDispatcher.java:389) ~[brigadier-1.1.8.jar:?]
	at com.mojang.brigadier.CommandDispatcher.parseNodes(CommandDispatcher.java:393) ~[brigadier-1.1.8.jar:?]
	at com.mojang.brigadier.CommandDispatcher.parseNodes(CommandDispatcher.java:389) ~[brigadier-1.1.8.jar:?]
	at com.mojang.brigadier.CommandDispatcher.parseNodes(CommandDispatcher.java:393) ~[brigadier-1.1.8.jar:?]
	at com.mojang.brigadier.CommandDispatcher.parseNodes(CommandDispatcher.java:393) ~[brigadier-1.1.8.jar:?]
	at com.mojang.brigadier.CommandDispatcher.parse(CommandDispatcher.java:349) ~[brigadier-1.1.8.jar:?]
	at net.minecraft.class_2158.method_9195(class_2158.java:56) ~[server-intermediary.jar:?]
	at net.minecraft.class_5349.method_29451(class_5349.java:83) ~[server-intermediary.jar:?]
	at java.util.concurrent.CompletableFuture$AsyncSupply.run(CompletableFuture.java:1768) ~[?:?]
	... 6 more
[18:45:37] [main/ERROR]: Failed to load function kevs:questmobs_score
java.util.concurrent.CompletionException: java.lang.NoClassDefFoundError: net/minecraft/class_746
	at java.util.concurrent.CompletableFuture.encodeThrowable(CompletableFuture.java:315) ~[?:?]
	at java.util.concurrent.CompletableFuture.completeThrowable(CompletableFuture.java:320) ~[?:?]
	at java.util.concurrent.CompletableFuture$AsyncSupply.run(CompletableFuture.java:1770) ~[?:?]
	at java.util.concurrent.CompletableFuture$AsyncSupply.exec(CompletableFuture.java:1760) ~[?:?]
	at java.util.concurrent.ForkJoinTask.doExec(ForkJoinTask.java:373) ~[?:?]
	at java.util.concurrent.ForkJoinPool$WorkQueue.topLevelExec(ForkJoinPool.java:1182) ~[?:?]
	at java.util.concurrent.ForkJoinPool.scan(ForkJoinPool.java:1655) ~[?:?]
	at java.util.concurrent.ForkJoinPool.runWorker(ForkJoinPool.java:1622) ~[?:?]
	at java.util.concurrent.ForkJoinWorkerThread.run(ForkJoinWorkerThread.java:165) ~[?:?]
Caused by: java.lang.NoClassDefFoundError: net/minecraft/class_746
	at dev.ftb.mods.ftbquests.command.QuestObjectArgument.findQuestFile(QuestObjectArgument.java:112) ~[ftb-quests-fabric-2001.4.5.jar:?]
	at dev.ftb.mods.ftbquests.command.QuestObjectArgument.parse(QuestObjectArgument.java:54) ~[ftb-quests-fabric-2001.4.5.jar:?]
	at dev.ftb.mods.ftbquests.command.QuestObjectArgument.parse(QuestObjectArgument.java:25) ~[ftb-quests-fabric-2001.4.5.jar:?]
	at com.mojang.brigadier.tree.ArgumentCommandNode.parse(ArgumentCommandNode.java:59) ~[brigadier-1.1.8.jar:?]
	at com.mojang.brigadier.CommandDispatcher.parseNodes(CommandDispatcher.java:366) ~[brigadier-1.1.8.jar:?]
	at com.mojang.brigadier.CommandDispatcher.parseNodes(CommandDispatcher.java:393) ~[brigadier-1.1.8.jar:?]
	at com.mojang.brigadier.CommandDispatcher.parseNodes(CommandDispatcher.java:393) ~[brigadier-1.1.8.jar:?]
	at com.mojang.brigadier.CommandDispatcher.parseNodes(CommandDispatcher.java:393) ~[brigadier-1.1.8.jar:?]
	at com.mojang.brigadier.CommandDispatcher.parseNodes(CommandDispatcher.java:393) ~[brigadier-1.1.8.jar:?]
	at com.mojang.brigadier.CommandDispatcher.parseNodes(CommandDispatcher.java:389) ~[brigadier-1.1.8.jar:?]
	at com.mojang.brigadier.CommandDispatcher.parseNodes(CommandDispatcher.java:389) ~[brigadier-1.1.8.jar:?]
	at com.mojang.brigadier.CommandDispatcher.parseNodes(CommandDispatcher.java:393) ~[brigadier-1.1.8.jar:?]
	at com.mojang.brigadier.CommandDispatcher.parseNodes(CommandDispatcher.java:393) ~[brigadier-1.1.8.jar:?]
	at com.mojang.brigadier.CommandDispatcher.parseNodes(CommandDispatcher.java:393) ~[brigadier-1.1.8.jar:?]
	at com.mojang.brigadier.CommandDispatcher.parseNodes(CommandDispatcher.java:393) ~[brigadier-1.1.8.jar:?]
	at com.mojang.brigadier.CommandDispatcher.parseNodes(CommandDispatcher.java:393) ~[brigadier-1.1.8.jar:?]
	at com.mojang.brigadier.CommandDispatcher.parseNodes(CommandDispatcher.java:389) ~[brigadier-1.1.8.jar:?]
	at com.mojang.brigadier.CommandDispatcher.parseNodes(CommandDispatcher.java:393) ~[brigadier-1.1.8.jar:?]
	at com.mojang.brigadier.CommandDispatcher.parseNodes(CommandDispatcher.java:389) ~[brigadier-1.1.8.jar:?]
	at com.mojang.brigadier.CommandDispatcher.parseNodes(CommandDispatcher.java:393) ~[brigadier-1.1.8.jar:?]
	at com.mojang.brigadier.CommandDispatcher.parseNodes(CommandDispatcher.java:393) ~[brigadier-1.1.8.jar:?]
	at com.mojang.brigadier.CommandDispatcher.parse(CommandDispatcher.java:349) ~[brigadier-1.1.8.jar:?]
	at net.minecraft.class_2158.method_9195(class_2158.java:56) ~[server-intermediary.jar:?]
	at net.minecraft.class_5349.method_29451(class_5349.java:83) ~[server-intermediary.jar:?]
	at java.util.concurrent.CompletableFuture$AsyncSupply.run(CompletableFuture.java:1768) ~[?:?]
	... 6 more
Caused by: java.lang.ClassNotFoundException: net.minecraft.class_746
	at jdk.internal.loader.BuiltinClassLoader.loadClass(BuiltinClassLoader.java:641) ~[?:?]
	at java.lang.ClassLoader.loadClass(ClassLoader.java:525) ~[?:?]
	at net.fabricmc.loader.impl.launch.knot.KnotClassDelegate.loadClass(KnotClassDelegate.java:226) ~[fabric-loader-0.16.3.jar:?]
	at net.fabricmc.loader.impl.launch.knot.KnotClassLoader.loadClass(KnotClassLoader.java:119) ~[fabric-loader-0.16.3.jar:?]
	at java.lang.ClassLoader.loadClass(ClassLoader.java:525) ~[?:?]
	at dev.ftb.mods.ftbquests.command.QuestObjectArgument.findQuestFile(QuestObjectArgument.java:112) ~[ftb-quests-fabric-2001.4.5.jar:?]
	at dev.ftb.mods.ftbquests.command.QuestObjectArgument.parse(QuestObjectArgument.java:54) ~[ftb-quests-fabric-2001.4.5.jar:?]
	at dev.ftb.mods.ftbquests.command.QuestObjectArgument.parse(QuestObjectArgument.java:25) ~[ftb-quests-fabric-2001.4.5.jar:?]
	at com.mojang.brigadier.tree.ArgumentCommandNode.parse(ArgumentCommandNode.java:59) ~[brigadier-1.1.8.jar:?]
	at com.mojang.brigadier.CommandDispatcher.parseNodes(CommandDispatcher.java:366) ~[brigadier-1.1.8.jar:?]
	at com.mojang.brigadier.CommandDispatcher.parseNodes(CommandDispatcher.java:393) ~[brigadier-1.1.8.jar:?]
	at com.mojang.brigadier.CommandDispatcher.parseNodes(CommandDispatcher.java:393) ~[brigadier-1.1.8.jar:?]
	at com.mojang.brigadier.CommandDispatcher.parseNodes(CommandDispatcher.java:393) ~[brigadier-1.1.8.jar:?]
	at com.mojang.brigadier.CommandDispatcher.parseNodes(CommandDispatcher.java:393) ~[brigadier-1.1.8.jar:?]
	at com.mojang.brigadier.CommandDispatcher.parseNodes(CommandDispatcher.java:389) ~[brigadier-1.1.8.jar:?]
	at com.mojang.brigadier.CommandDispatcher.parseNodes(CommandDispatcher.java:389) ~[brigadier-1.1.8.jar:?]
	at com.mojang.brigadier.CommandDispatcher.parseNodes(CommandDispatcher.java:393) ~[brigadier-1.1.8.jar:?]
	at com.mojang.brigadier.CommandDispatcher.parseNodes(CommandDispatcher.java:393) ~[brigadier-1.1.8.jar:?]
	at com.mojang.brigadier.CommandDispatcher.parseNodes(CommandDispatcher.java:393) ~[brigadier-1.1.8.jar:?]
	at com.mojang.brigadier.CommandDispatcher.parseNodes(CommandDispatcher.java:393) ~[brigadier-1.1.8.jar:?]
	at com.mojang.brigadier.CommandDispatcher.parseNodes(CommandDispatcher.java:393) ~[brigadier-1.1.8.jar:?]
	at com.mojang.brigadier.CommandDispatcher.parseNodes(CommandDispatcher.java:389) ~[brigadier-1.1.8.jar:?]
	at com.mojang.brigadier.CommandDispatcher.parseNodes(CommandDispatcher.java:393) ~[brigadier-1.1.8.jar:?]
	at com.mojang.brigadier.CommandDispatcher.parseNodes(CommandDispatcher.java:389) ~[brigadier-1.1.8.jar:?]
	at com.mojang.brigadier.CommandDispatcher.parseNodes(CommandDispatcher.java:393) ~[brigadier-1.1.8.jar:?]
	at com.mojang.brigadier.CommandDispatcher.parseNodes(CommandDispatcher.java:393) ~[brigadier-1.1.8.jar:?]
	at com.mojang.brigadier.CommandDispatcher.parse(CommandDispatcher.java:349) ~[brigadier-1.1.8.jar:?]
	at net.minecraft.class_2158.method_9195(class_2158.java:56) ~[server-intermediary.jar:?]
	at net.minecraft.class_5349.method_29451(class_5349.java:83) ~[server-intermediary.jar:?]
	at java.util.concurrent.CompletableFuture$AsyncSupply.run(CompletableFuture.java:1768) ~[?:?]
	... 6 more
[18:45:37] [main/ERROR]: Failed to load function kevs:reloadfunction_tag
java.util.concurrent.CompletionException: java.lang.NoClassDefFoundError: net/minecraft/class_746
	at java.util.concurrent.CompletableFuture.encodeThrowable(CompletableFuture.java:315) ~[?:?]
	at java.util.concurrent.CompletableFuture.completeThrowable(CompletableFuture.java:320) ~[?:?]
	at java.util.concurrent.CompletableFuture$AsyncSupply.run(CompletableFuture.java:1770) ~[?:?]
	at java.util.concurrent.CompletableFuture$AsyncSupply.exec(CompletableFuture.java:1760) ~[?:?]
	at java.util.concurrent.ForkJoinTask.doExec(ForkJoinTask.java:373) ~[?:?]
	at java.util.concurrent.ForkJoinPool$WorkQueue.topLevelExec(ForkJoinPool.java:1182) ~[?:?]
	at java.util.concurrent.ForkJoinPool.scan(ForkJoinPool.java:1655) ~[?:?]
	at java.util.concurrent.ForkJoinPool.runWorker(ForkJoinPool.java:1622) ~[?:?]
	at java.util.concurrent.ForkJoinWorkerThread.run(ForkJoinWorkerThread.java:165) ~[?:?]
Caused by: java.lang.NoClassDefFoundError: net/minecraft/class_746
	at dev.ftb.mods.ftbquests.command.QuestObjectArgument.findQuestFile(QuestObjectArgument.java:112) ~[ftb-quests-fabric-2001.4.5.jar:?]
	at dev.ftb.mods.ftbquests.command.QuestObjectArgument.parse(QuestObjectArgument.java:54) ~[ftb-quests-fabric-2001.4.5.jar:?]
	at dev.ftb.mods.ftbquests.command.QuestObjectArgument.parse(QuestObjectArgument.java:25) ~[ftb-quests-fabric-2001.4.5.jar:?]
	at com.mojang.brigadier.tree.ArgumentCommandNode.parse(ArgumentCommandNode.java:59) ~[brigadier-1.1.8.jar:?]
	at com.mojang.brigadier.CommandDispatcher.parseNodes(CommandDispatcher.java:366) ~[brigadier-1.1.8.jar:?]
	at com.mojang.brigadier.CommandDispatcher.parseNodes(CommandDispatcher.java:393) ~[brigadier-1.1.8.jar:?]
	at com.mojang.brigadier.CommandDispatcher.parseNodes(CommandDispatcher.java:393) ~[brigadier-1.1.8.jar:?]
	at com.mojang.brigadier.CommandDispatcher.parseNodes(CommandDispatcher.java:393) ~[brigadier-1.1.8.jar:?]
	at com.mojang.brigadier.CommandDispatcher.parseNodes(CommandDispatcher.java:393) ~[brigadier-1.1.8.jar:?]
	at com.mojang.brigadier.CommandDispatcher.parseNodes(CommandDispatcher.java:389) ~[brigadier-1.1.8.jar:?]
	at com.mojang.brigadier.CommandDispatcher.parseNodes(CommandDispatcher.java:389) ~[brigadier-1.1.8.jar:?]
	at com.mojang.brigadier.CommandDispatcher.parseNodes(CommandDispatcher.java:393) ~[brigadier-1.1.8.jar:?]
	at com.mojang.brigadier.CommandDispatcher.parseNodes(CommandDispatcher.java:389) ~[brigadier-1.1.8.jar:?]
	at com.mojang.brigadier.CommandDispatcher.parseNodes(CommandDispatcher.java:393) ~[brigadier-1.1.8.jar:?]
	at com.mojang.brigadier.CommandDispatcher.parseNodes(CommandDispatcher.java:393) ~[brigadier-1.1.8.jar:?]
	at com.mojang.brigadier.CommandDispatcher.parse(CommandDispatcher.java:349) ~[brigadier-1.1.8.jar:?]
	at net.minecraft.class_2158.method_9195(class_2158.java:56) ~[server-intermediary.jar:?]
	at net.minecraft.class_5349.method_29451(class_5349.java:83) ~[server-intermediary.jar:?]
	at java.util.concurrent.CompletableFuture$AsyncSupply.run(CompletableFuture.java:1768) ~[?:?]
	... 6 more
Caused by: java.lang.ClassNotFoundException: net.minecraft.class_746
	at jdk.internal.loader.BuiltinClassLoader.loadClass(BuiltinClassLoader.java:641) ~[?:?]
	at java.lang.ClassLoader.loadClass(ClassLoader.java:525) ~[?:?]
	at net.fabricmc.loader.impl.launch.knot.KnotClassDelegate.loadClass(KnotClassDelegate.java:226) ~[fabric-loader-0.16.3.jar:?]
	at net.fabricmc.loader.impl.launch.knot.KnotClassLoader.loadClass(KnotClassLoader.java:119) ~[fabric-loader-0.16.3.jar:?]
	at java.lang.ClassLoader.loadClass(ClassLoader.java:525) ~[?:?]
	at dev.ftb.mods.ftbquests.command.QuestObjectArgument.findQuestFile(QuestObjectArgument.java:112) ~[ftb-quests-fabric-2001.4.5.jar:?]
	at dev.ftb.mods.ftbquests.command.QuestObjectArgument.parse(QuestObjectArgument.java:54) ~[ftb-quests-fabric-2001.4.5.jar:?]
	at dev.ftb.mods.ftbquests.command.QuestObjectArgument.parse(QuestObjectArgument.java:25) ~[ftb-quests-fabric-2001.4.5.jar:?]
	at com.mojang.brigadier.tree.ArgumentCommandNode.parse(ArgumentCommandNode.java:59) ~[brigadier-1.1.8.jar:?]
	at com.mojang.brigadier.CommandDispatcher.parseNodes(CommandDispatcher.java:366) ~[brigadier-1.1.8.jar:?]
	at com.mojang.brigadier.CommandDispatcher.parseNodes(CommandDispatcher.java:393) ~[brigadier-1.1.8.jar:?]
	at com.mojang.brigadier.CommandDispatcher.parseNodes(CommandDispatcher.java:393) ~[brigadier-1.1.8.jar:?]
	at com.mojang.brigadier.CommandDispatcher.parseNodes(CommandDispatcher.java:393) ~[brigadier-1.1.8.jar:?]
	at com.mojang.brigadier.CommandDispatcher.parseNodes(CommandDispatcher.java:393) ~[brigadier-1.1.8.jar:?]
	at com.mojang.brigadier.CommandDispatcher.parseNodes(CommandDispatcher.java:389) ~[brigadier-1.1.8.jar:?]
	at com.mojang.brigadier.CommandDispatcher.parseNodes(CommandDispatcher.java:389) ~[brigadier-1.1.8.jar:?]
	at com.mojang.brigadier.CommandDispatcher.parseNodes(CommandDispatcher.java:393) ~[brigadier-1.1.8.jar:?]
	at com.mojang.brigadier.CommandDispatcher.parseNodes(CommandDispatcher.java:389) ~[brigadier-1.1.8.jar:?]
	at com.mojang.brigadier.CommandDispatcher.parseNodes(CommandDispatcher.java:393) ~[brigadier-1.1.8.jar:?]
	at com.mojang.brigadier.CommandDispatcher.parseNodes(CommandDispatcher.java:393) ~[brigadier-1.1.8.jar:?]
	at com.mojang.brigadier.CommandDispatcher.parse(CommandDispatcher.java:349) ~[brigadier-1.1.8.jar:?]
	at net.minecraft.class_2158.method_9195(class_2158.java:56) ~[server-intermediary.jar:?]
	at net.minecraft.class_5349.method_29451(class_5349.java:83) ~[server-intermediary.jar:?]
	at java.util.concurrent.CompletableFuture$AsyncSupply.run(CompletableFuture.java:1768) ~[?:?]
	... 6 more
[18:45:37] [main/ERROR]: Failed to load function kevs:adv_necromancer
java.util.concurrent.CompletionException: java.lang.NoClassDefFoundError: net/minecraft/class_746
	at java.util.concurrent.CompletableFuture.encodeThrowable(CompletableFuture.java:315) ~[?:?]
	at java.util.concurrent.CompletableFuture.completeThrowable(CompletableFuture.java:320) ~[?:?]
	at java.util.concurrent.CompletableFuture$AsyncSupply.run(CompletableFuture.java:1770) ~[?:?]
	at java.util.concurrent.CompletableFuture$AsyncSupply.exec(CompletableFuture.java:1760) ~[?:?]
	at java.util.concurrent.ForkJoinTask.doExec(ForkJoinTask.java:373) ~[?:?]
	at java.util.concurrent.ForkJoinPool$WorkQueue.topLevelExec(ForkJoinPool.java:1182) ~[?:?]
	at java.util.concurrent.ForkJoinPool.scan(ForkJoinPool.java:1655) ~[?:?]
	at java.util.concurrent.ForkJoinPool.runWorker(ForkJoinPool.java:1622) ~[?:?]
	at java.util.concurrent.ForkJoinWorkerThread.run(ForkJoinWorkerThread.java:165) ~[?:?]
Caused by: java.lang.NoClassDefFoundError: net/minecraft/class_746
	at dev.ftb.mods.ftbquests.command.QuestObjectArgument.findQuestFile(QuestObjectArgument.java:112) ~[ftb-quests-fabric-2001.4.5.jar:?]
	at dev.ftb.mods.ftbquests.command.QuestObjectArgument.parse(QuestObjectArgument.java:54) ~[ftb-quests-fabric-2001.4.5.jar:?]
	at dev.ftb.mods.ftbquests.command.QuestObjectArgument.parse(QuestObjectArgument.java:25) ~[ftb-quests-fabric-2001.4.5.jar:?]
	at com.mojang.brigadier.tree.ArgumentCommandNode.parse(ArgumentCommandNode.java:59) ~[brigadier-1.1.8.jar:?]
	at com.mojang.brigadier.CommandDispatcher.parseNodes(CommandDispatcher.java:366) ~[brigadier-1.1.8.jar:?]
	at com.mojang.brigadier.CommandDispatcher.parseNodes(CommandDispatcher.java:393) ~[brigadier-1.1.8.jar:?]
	at com.mojang.brigadier.CommandDispatcher.parseNodes(CommandDispatcher.java:393) ~[brigadier-1.1.8.jar:?]
	at com.mojang.brigadier.CommandDispatcher.parseNodes(CommandDispatcher.java:393) ~[brigadier-1.1.8.jar:?]
	at com.mojang.brigadier.CommandDispatcher.parseNodes(CommandDispatcher.java:393) ~[brigadier-1.1.8.jar:?]
	at com.mojang.brigadier.CommandDispatcher.parseNodes(CommandDispatcher.java:389) ~[brigadier-1.1.8.jar:?]
	at com.mojang.brigadier.CommandDispatcher.parseNodes(CommandDispatcher.java:389) ~[brigadier-1.1.8.jar:?]
	at com.mojang.brigadier.CommandDispatcher.parseNodes(CommandDispatcher.java:393) ~[brigadier-1.1.8.jar:?]
	at com.mojang.brigadier.CommandDispatcher.parseNodes(CommandDispatcher.java:389) ~[brigadier-1.1.8.jar:?]
	at com.mojang.brigadier.CommandDispatcher.parseNodes(CommandDispatcher.java:393) ~[brigadier-1.1.8.jar:?]
	at com.mojang.brigadier.CommandDispatcher.parseNodes(CommandDispatcher.java:393) ~[brigadier-1.1.8.jar:?]
	at com.mojang.brigadier.CommandDispatcher.parse(CommandDispatcher.java:349) ~[brigadier-1.1.8.jar:?]
	at net.minecraft.class_2158.method_9195(class_2158.java:56) ~[server-intermediary.jar:?]
	at net.minecraft.class_5349.method_29451(class_5349.java:83) ~[server-intermediary.jar:?]
	at java.util.concurrent.CompletableFuture$AsyncSupply.run(CompletableFuture.java:1768) ~[?:?]
	... 6 more
Caused by: java.lang.ClassNotFoundException: net.minecraft.class_746
	at jdk.internal.loader.BuiltinClassLoader.loadClass(BuiltinClassLoader.java:641) ~[?:?]
	at java.lang.ClassLoader.loadClass(ClassLoader.java:525) ~[?:?]
	at net.fabricmc.loader.impl.launch.knot.KnotClassDelegate.loadClass(KnotClassDelegate.java:226) ~[fabric-loader-0.16.3.jar:?]
	at net.fabricmc.loader.impl.launch.knot.KnotClassLoader.loadClass(KnotClassLoader.java:119) ~[fabric-loader-0.16.3.jar:?]
	at java.lang.ClassLoader.loadClass(ClassLoader.java:525) ~[?:?]
	at dev.ftb.mods.ftbquests.command.QuestObjectArgument.findQuestFile(QuestObjectArgument.java:112) ~[ftb-quests-fabric-2001.4.5.jar:?]
	at dev.ftb.mods.ftbquests.command.QuestObjectArgument.parse(QuestObjectArgument.java:54) ~[ftb-quests-fabric-2001.4.5.jar:?]
	at dev.ftb.mods.ftbquests.command.QuestObjectArgument.parse(QuestObjectArgument.java:25) ~[ftb-quests-fabric-2001.4.5.jar:?]
	at com.mojang.brigadier.tree.ArgumentCommandNode.parse(ArgumentCommandNode.java:59) ~[brigadier-1.1.8.jar:?]
	at com.mojang.brigadier.CommandDispatcher.parseNodes(CommandDispatcher.java:366) ~[brigadier-1.1.8.jar:?]
	at com.mojang.brigadier.CommandDispatcher.parseNodes(CommandDispatcher.java:393) ~[brigadier-1.1.8.jar:?]
	at com.mojang.brigadier.CommandDispatcher.parseNodes(CommandDispatcher.java:393) ~[brigadier-1.1.8.jar:?]
	at com.mojang.brigadier.CommandDispatcher.parseNodes(CommandDispatcher.java:393) ~[brigadier-1.1.8.jar:?]
	at com.mojang.brigadier.CommandDispatcher.parseNodes(CommandDispatcher.java:393) ~[brigadier-1.1.8.jar:?]
	at com.mojang.brigadier.CommandDispatcher.parseNodes(CommandDispatcher.java:389) ~[brigadier-1.1.8.jar:?]
	at com.mojang.brigadier.CommandDispatcher.parseNodes(CommandDispatcher.java:389) ~[brigadier-1.1.8.jar:?]
	at com.mojang.brigadier.CommandDispatcher.parseNodes(CommandDispatcher.java:393) ~[brigadier-1.1.8.jar:?]
	at com.mojang.brigadier.CommandDispatcher.parseNodes(CommandDispatcher.java:389) ~[brigadier-1.1.8.jar:?]
	at com.mojang.brigadier.CommandDispatcher.parseNodes(CommandDispatcher.java:393) ~[brigadier-1.1.8.jar:?]
	at com.mojang.brigadier.CommandDispatcher.parseNodes(CommandDispatcher.java:393) ~[brigadier-1.1.8.jar:?]
	at com.mojang.brigadier.CommandDispatcher.parse(CommandDispatcher.java:349) ~[brigadier-1.1.8.jar:?]
	at net.minecraft.class_2158.method_9195(class_2158.java:56) ~[server-intermediary.jar:?]
	at net.minecraft.class_5349.method_29451(class_5349.java:83) ~[server-intermediary.jar:?]
	at java.util.concurrent.CompletableFuture$AsyncSupply.run(CompletableFuture.java:1768) ~[?:?]
	... 6 more
[18:45:37] [main/ERROR]: Failed to load function kevs:stopquests
java.util.concurrent.CompletionException: java.lang.NoClassDefFoundError: net/minecraft/class_746
	at java.util.concurrent.CompletableFuture.encodeThrowable(CompletableFuture.java:315) ~[?:?]
	at java.util.concurrent.CompletableFuture.completeThrowable(CompletableFuture.java:320) ~[?:?]
	at java.util.concurrent.CompletableFuture$AsyncSupply.run(CompletableFuture.java:1770) ~[?:?]
	at java.util.concurrent.CompletableFuture$AsyncSupply.exec(CompletableFuture.java:1760) ~[?:?]
	at java.util.concurrent.ForkJoinTask.doExec(ForkJoinTask.java:373) ~[?:?]
	at java.util.concurrent.ForkJoinPool$WorkQueue.topLevelExec(ForkJoinPool.java:1182) ~[?:?]
	at java.util.concurrent.ForkJoinPool.scan(ForkJoinPool.java:1655) ~[?:?]
	at java.util.concurrent.ForkJoinPool.runWorker(ForkJoinPool.java:1622) ~[?:?]
	at java.util.concurrent.ForkJoinWorkerThread.run(ForkJoinWorkerThread.java:165) ~[?:?]
Caused by: java.lang.NoClassDefFoundError: net/minecraft/class_746
	at dev.ftb.mods.ftbquests.command.QuestObjectArgument.findQuestFile(QuestObjectArgument.java:112) ~[ftb-quests-fabric-2001.4.5.jar:?]
	at dev.ftb.mods.ftbquests.command.QuestObjectArgument.parse(QuestObjectArgument.java:54) ~[ftb-quests-fabric-2001.4.5.jar:?]
	at dev.ftb.mods.ftbquests.command.QuestObjectArgument.parse(QuestObjectArgument.java:25) ~[ftb-quests-fabric-2001.4.5.jar:?]
	at com.mojang.brigadier.tree.ArgumentCommandNode.parse(ArgumentCommandNode.java:59) ~[brigadier-1.1.8.jar:?]
	at com.mojang.brigadier.CommandDispatcher.parseNodes(CommandDispatcher.java:366) ~[brigadier-1.1.8.jar:?]
	at com.mojang.brigadier.CommandDispatcher.parseNodes(CommandDispatcher.java:393) ~[brigadier-1.1.8.jar:?]
	at com.mojang.brigadier.CommandDispatcher.parseNodes(CommandDispatcher.java:393) ~[brigadier-1.1.8.jar:?]
	at com.mojang.brigadier.CommandDispatcher.parseNodes(CommandDispatcher.java:393) ~[brigadier-1.1.8.jar:?]
	at com.mojang.brigadier.CommandDispatcher.parseNodes(CommandDispatcher.java:393) ~[brigadier-1.1.8.jar:?]
	at com.mojang.brigadier.CommandDispatcher.parseNodes(CommandDispatcher.java:389) ~[brigadier-1.1.8.jar:?]
	at com.mojang.brigadier.CommandDispatcher.parseNodes(CommandDispatcher.java:389) ~[brigadier-1.1.8.jar:?]
	at com.mojang.brigadier.CommandDispatcher.parseNodes(CommandDispatcher.java:393) ~[brigadier-1.1.8.jar:?]
	at com.mojang.brigadier.CommandDispatcher.parseNodes(CommandDispatcher.java:389) ~[brigadier-1.1.8.jar:?]
	at com.mojang.brigadier.CommandDispatcher.parseNodes(CommandDispatcher.java:393) ~[brigadier-1.1.8.jar:?]
	at com.mojang.brigadier.CommandDispatcher.parseNodes(CommandDispatcher.java:393) ~[brigadier-1.1.8.jar:?]
	at com.mojang.brigadier.CommandDispatcher.parse(CommandDispatcher.java:349) ~[brigadier-1.1.8.jar:?]
	at net.minecraft.class_2158.method_9195(class_2158.java:56) ~[server-intermediary.jar:?]
	at net.minecraft.class_5349.method_29451(class_5349.java:83) ~[server-intermediary.jar:?]
	at java.util.concurrent.CompletableFuture$AsyncSupply.run(CompletableFuture.java:1768) ~[?:?]
	... 6 more
Caused by: java.lang.ClassNotFoundException: net.minecraft.class_746
	at jdk.internal.loader.BuiltinClassLoader.loadClass(BuiltinClassLoader.java:641) ~[?:?]
	at java.lang.ClassLoader.loadClass(ClassLoader.java:525) ~[?:?]
	at net.fabricmc.loader.impl.launch.knot.KnotClassDelegate.loadClass(KnotClassDelegate.java:226) ~[fabric-loader-0.16.3.jar:?]
	at net.fabricmc.loader.impl.launch.knot.KnotClassLoader.loadClass(KnotClassLoader.java:119) ~[fabric-loader-0.16.3.jar:?]
	at java.lang.ClassLoader.loadClass(ClassLoader.java:525) ~[?:?]
	at dev.ftb.mods.ftbquests.command.QuestObjectArgument.findQuestFile(QuestObjectArgument.java:112) ~[ftb-quests-fabric-2001.4.5.jar:?]
	at dev.ftb.mods.ftbquests.command.QuestObjectArgument.parse(QuestObjectArgument.java:54) ~[ftb-quests-fabric-2001.4.5.jar:?]
	at dev.ftb.mods.ftbquests.command.QuestObjectArgument.parse(QuestObjectArgument.java:25) ~[ftb-quests-fabric-2001.4.5.jar:?]
	at com.mojang.brigadier.tree.ArgumentCommandNode.parse(ArgumentCommandNode.java:59) ~[brigadier-1.1.8.jar:?]
	at com.mojang.brigadier.CommandDispatcher.parseNodes(CommandDispatcher.java:366) ~[brigadier-1.1.8.jar:?]
	at com.mojang.brigadier.CommandDispatcher.parseNodes(CommandDispatcher.java:393) ~[brigadier-1.1.8.jar:?]
	at com.mojang.brigadier.CommandDispatcher.parseNodes(CommandDispatcher.java:393) ~[brigadier-1.1.8.jar:?]
	at com.mojang.brigadier.CommandDispatcher.parseNodes(CommandDispatcher.java:393) ~[brigadier-1.1.8.jar:?]
	at com.mojang.brigadier.CommandDispatcher.parseNodes(CommandDispatcher.java:393) ~[brigadier-1.1.8.jar:?]
	at com.mojang.brigadier.CommandDispatcher.parseNodes(CommandDispatcher.java:389) ~[brigadier-1.1.8.jar:?]
	at com.mojang.brigadier.CommandDispatcher.parseNodes(CommandDispatcher.java:389) ~[brigadier-1.1.8.jar:?]
	at com.mojang.brigadier.CommandDispatcher.parseNodes(CommandDispatcher.java:393) ~[brigadier-1.1.8.jar:?]
	at com.mojang.brigadier.CommandDispatcher.parseNodes(CommandDispatcher.java:389) ~[brigadier-1.1.8.jar:?]
	at com.mojang.brigadier.CommandDispatcher.parseNodes(CommandDispatcher.java:393) ~[brigadier-1.1.8.jar:?]
	at com.mojang.brigadier.CommandDispatcher.parseNodes(CommandDispatcher.java:393) ~[brigadier-1.1.8.jar:?]
	at com.mojang.brigadier.CommandDispatcher.parse(CommandDispatcher.java:349) ~[brigadier-1.1.8.jar:?]
	at net.minecraft.class_2158.method_9195(class_2158.java:56) ~[server-intermediary.jar:?]
	at net.minecraft.class_5349.method_29451(class_5349.java:83) ~[server-intermediary.jar:?]
	at java.util.concurrent.CompletableFuture$AsyncSupply.run(CompletableFuture.java:1768) ~[?:?]
	... 6 more
[18:45:37] [main/ERROR]: Parsing error loading custom advancement dramaticdoors:recipes/redstone/short_promenade_cherry_oak_door: Unknown item id 'promenade:cherry_oak_door'
[18:45:37] [main/ERROR]: Parsing error loading custom advancement archon:mana_catalyst: Failed to parse 'location' field
[18:45:37] [main/ERROR]: Parsing error loading custom advancement dramaticdoors:recipes/redstone/short_ebony_door: Unknown item id 'phantasm:ebony_door'
[18:45:37] [main/ERROR]: Parsing error loading custom advancement naturescompass:natures_compass: Expected items to be a JsonArray, was "min...ss"
[18:45:37] [main/ERROR]: Parsing error loading custom advancement explorerscompass:explorers_compass: Expected items to be a JsonArray, was "min...ss"
[18:45:37] [main/ERROR]: Parsing error loading custom advancement dramaticdoors:recipes/redstone/tall_promenade_cherry_oak_door: Unknown item id 'promenade:cherry_oak_door'
[18:45:37] [main/ERROR]: Parsing error loading custom advancement dramaticdoors:recipes/redstone/tall_ebony_door: Unknown item id 'phantasm:ebony_door'
[18:45:37] [main/ERROR]: Parsing error loading custom advancement explorerscompass:explorers_compass_cobweb: Expected items to be a JsonArray, was "min...eb"
[18:45:37] [main/ERROR]: Parsing error loading custom advancement explorerscompass:explorers_compass_cracked_stone_bricks: Expected items to be a JsonArray, was "min...ks"
[18:45:37] [main/INFO]: Loaded 7996 advancements
[18:45:37] [main/INFO]: Registered 0 gear_sets.
[18:45:37] [main/INFO]: [STDOUT]: Merging fletcher_rews with fletcher_rews
[18:45:37] [main/INFO]: Trying to load unloaded files from: config/bountiful/bounty_pools
[18:45:37] [main/INFO]: Trying to load unloaded files from: config/bountiful/bounty_decrees
[18:45:37] [main/INFO]: Loaded boss variant for: minecraft:drowned
[18:45:37] [main/INFO]: Loaded boss variant for: minecraft:iron_golem
[18:45:37] [main/INFO]: Loaded boss variant for: minecraft:snow_golem
[18:45:37] [main/INFO]: Loaded boss variant for: minecraft:zombie
[18:45:37] [main/INFO]: Loaded boss variant for: minecraft:skeleton
[18:45:37] [main/INFO]: Loaded boss variant for: minecraft:pillager
[18:45:37] [main/INFO]: Loaded boss variant for: minecraft:vex
[18:45:37] [main/INFO]: Loaded boss variant for: minecraft:evoker
[18:45:37] [main/INFO]: Loaded boss variant for: minecraft:zombie
[18:45:37] [main/INFO]: Loaded boss variant for: minecraft:vindicator
[18:45:37] [main/INFO]: Loaded boss variant for: minecraft:wither_skeleton
[18:45:37] [main/INFO]: Loaded boss variant for: minecraft:wither_skeleton
[18:45:37] [main/INFO]: Loaded boss variant for: minecraft:cave_spider
[18:45:37] [main/INFO]: Loaded boss variant for: minecraft:zombie
[18:45:37] [main/INFO]: Loaded boss variant for: minecraft:husk
[18:45:37] [main/INFO]: Loaded boss variant for: minecraft:evoker
[18:45:37] [main/INFO]: Loaded boss variant for: minecraft:wandering_trader
[18:45:37] [main/INFO]: Loaded boss variant for: minecraft:guardian
[18:45:37] [main/INFO]: Loaded boss variant for: minecraft:vindicator
[18:45:37] [main/INFO]: Loaded boss variant for: minecraft:shulker
[18:45:37] [main/INFO]: Loaded boss variant for: minecraft:zoglin
[18:45:37] [main/INFO]: Loaded boss variant for: minecraft:chicken
[18:45:37] [main/INFO]: Loaded boss variant for: minecraft:blaze
[18:45:37] [main/INFO]: Loaded boss variant for: minecraft:witch
[18:45:37] [main/INFO]: Loaded boss variant for: minecraft:phantom
[18:45:37] [main/INFO]: Loaded boss variant for: minecraft:mooshroom
[18:45:37] [main/INFO]: Loaded boss variant for: minecraft:rabbit
[18:45:37] [main/INFO]: Loaded boss variant for: minecraft:piglin_brute
[18:45:37] [main/INFO]: Loaded boss variant for: minecraft:ghast
[18:45:37] [main/INFO]: Loaded boss variant for: minecraft:stray
[18:45:37] [main/ERROR]: There was a problem parsing the resource condition(s) of power file medievalorigins:wood_elf/empowered_shot (skipping): Missing namespaces, expected to find a JsonArray
[18:45:37] [main/ERROR]: There was a problem reading power file medievalorigins:wood_elf/empowered_shot (skipping): Cannot invoke "io.github.apace100.apoli.power.PowerType.create(net.minecraft.class_1309)" because "powerType" is null
[18:45:37] [main/ERROR]: There was a problem reading power file medievalorigins:high_elf/castfreely_test (skipping): Power type "medievalorigins:cast_freely" is not defined.
[18:45:37] [main/ERROR]: There was a problem reading power file origins:swim_speed (skipping): Error reading data field at modifier.attribute: Identifier "additionalentityattributes:water_speed" was not registered in registry "minecraft:attribute".
[18:45:37] [main/ERROR]: There was a problem reading power file rpg_origins:stealthy_invis (skipping): Error reading data field at effect: Error reading status effect: could not find status effect with id: minecraft:invisiblity
[18:45:37] [main/ERROR]: There was a problem parsing the resource condition(s) of power file medievalorigins:moon_elf/combatroll (skipping): Missing condition, expected to find a string
[18:45:37] [main/INFO]: Finished loading powers from data files. Registry contains 874 powers.
[18:45:37] [main/ERROR]: Origin "medievalorigins:gorgon" contained unregistered power: "origins_env_deh:thirst_resistance"
[18:45:37] [main/ERROR]: Origin "rpg_origins:brute" contained unregistered power: "rpg_origins:strong_arms_break_speed"
[18:45:37] [main/ERROR]: Origin "rpg_origins:bard" contained unregistered power: "rpg_origins:charismatic_switch_effect"
[18:45:37] [main/ERROR]: Origin "rpg_origins:bard" contained unregistered power: "rpg_origins:charismatic_hunger"
[18:45:37] [main/ERROR]: Origin "medievalorigins:siren" contained unregistered power: "origins_env_deh:water_dweller"
[18:45:37] [main/ERROR]: Origin "medievalorigins:siren" contained unregistered power: "origins_env_deh:cold_resistance"
[18:45:37] [main/ERROR]: Origin "medievalorigins:siren" contained unregistered power: "thermoo-patches:cold_immune"
[18:45:37] [main/ERROR]: Origin "medievalorigins:incubus" contained unregistered power: "origins_env_deh:heat_resistance"
[18:45:37] [main/ERROR]: Origin "medievalorigins:incubus" contained unregistered power: "thermoo-patches:heat_immune"
[18:45:37] [main/ERROR]: Origin "medievalorigins:incubus" contained unregistered power: "thermoo-patches:cold_vulnerability"
[18:45:37] [main/ERROR]: Origin "medievalorigins:troll" contained unregistered power: "origins_env_deh:cold_resistance"
[18:45:37] [main/ERROR]: Origin "medievalorigins:troll" contained unregistered power: "thermoo-patches:cold_immune"
[18:45:37] [main/ERROR]: Origin "medievalorigins:troll" contained unregistered power: "thermoo-patches:heat_vulnerability"
[18:45:37] [main/ERROR]: Origin "medievalorigins:wood_elf" contained unregistered power: "medievalorigins:wood_elf/empowered_shot"
[18:45:37] [main/ERROR]: Origin "medievalorigins:yeti" contained unregistered power: "origins_env_deh:cold_resistance"
[18:45:37] [main/ERROR]: Origin "medievalorigins:yeti" contained unregistered power: "thermoo-patches:cold_immune"
[18:45:37] [main/ERROR]: Origin "medievalorigins:yeti" contained unregistered power: "thermoo-patches:heat_vulnerability"
[18:45:37] [main/ERROR]: Origin "origins:merling" contained unregistered power: "origins:swim_speed"
[18:45:37] [main/ERROR]: Origin "origins:merling" contained unregistered power: "origins:swim_speed"
[18:45:37] [main/INFO]: Finished loading origins from data files. Registry contains 76 origins.
[18:45:37] [main/INFO]: Trying to read layer file: origins:gnome
[18:45:37] [main/INFO]: Trying to read layer file: origins:elf
[18:45:37] [main/INFO]: Trying to read layer file: origins:skills/skilled_feat_3
[18:45:37] [main/INFO]: Trying to read layer file: origins:skills/skilled_feat_2
[18:45:37] [main/INFO]: Trying to read layer file: origins:origin
[18:45:37] [main/INFO]: Trying to read layer file: origins:origin
[18:45:37] [main/INFO]: Trying to read layer file: origins:origin
[18:45:37] [main/INFO]: Trying to read layer file: origins:origin
[18:45:37] [main/INFO]: Trying to read layer file: origins:skills/skilled_feat_1
[18:45:37] [main/INFO]: Trying to read layer file: medievalorigins:magic_subclasses
[18:45:37] [main/INFO]: Trying to read layer file: origins:skills/skills
[18:45:37] [main/INFO]: Trying to read layer file: origins:halfling
[18:45:37] [main/INFO]: Trying to read layer file: origins:dragonborn
[18:45:37] [main/INFO]: Trying to read layer file: origins:skills/half-elf_skills
[18:45:37] [main/INFO]: Trying to read layer file: origins:cantrips/cantrips
[18:45:37] [main/INFO]: Trying to read layer file: origins:feats/variant_human_feats
[18:45:37] [main/INFO]: Trying to read layer file: origins:dwarf
[18:45:37] [main/INFO]: Finished loading origin layers from data files. Read 14 layers.
[18:45:37] [main/INFO]: Loaded 0 item attribute modifiers
[18:45:37] [main/INFO]: [STDOUT]: reading set: gear_core:gear_core_sets/armor/darkknight.json
[18:45:37] [main/INFO]: [STDOUT]: reading set: gear_core:gear_core_sets/armor/plenty_of_armor/emerald_set.json
[18:45:37] [main/INFO]: [STDOUT]: reading set: gear_core:gear_core_sets/armor/plenty_of_armor/ender_set.json
[18:45:37] [main/INFO]: [STDOUT]: reading set: gear_core:gear_core_sets/armor/plenty_of_armor/endernetherite_set.json
[18:45:37] [main/INFO]: [STDOUT]: reading set: gear_core:gear_core_sets/armor/plenty_of_armor/frozen_set.json
[18:45:37] [main/INFO]: [STDOUT]: reading set: gear_core:gear_core_sets/armor/plenty_of_armor/phantom.json
[18:45:37] [main/INFO]: [STDOUT]: reading set: gear_core:gear_core_sets/armor/soulslikeweaponry/chaosset.json
[18:45:37] [main/INFO]: [STDOUT]: reading set: gear_core:gear_core_sets/weapon/dualwield/basicweapons/daggers/normal_daggers.json
[18:45:37] [main/INFO]: [STDOUT]: reading set: gear_core:gear_core_sets/weapon/dualwield/mcdw/mcdw_daggers/normal_daggers.json
[18:45:37] [main/INFO]: [STDOUT]: reading set: gear_core:gear_core_sets/weapon/dualwield/mcdw/mcdw_daggers/thebeginend.json
[18:45:37] [main/INFO]: [STDOUT]: reading set: gear_core:gear_core_sets/weapon/dualwield/mcdw/mcdw_fists/gauntlets.json
[18:45:37] [main/INFO]: [STDOUT]: reading set: gear_core:gear_core_sets/weapon/dualwield/simplyswords/dw_emberlash.json
[18:45:37] [main/INFO]: [STDOUT]: reading set: gear_core:gear_core_sets/weapon/dualwield/simplyswords/dw_tempest.json
[18:45:37] [main/INFO]: [STDOUT]: reading set: gear_core:gear_core_sets/weapon/soulsweapon/frostmourne.json
[18:45:37] [main/INFO]: [STDOUT]: reading set: gear_core:gear_core_sets/weapon/soulsweapon/nightfall.json
[18:45:37] [main/INFO]: [STDOUT]: reading set: gear_core:gear_core_sets/weapon/soulsweapon/scythe.json
[18:45:37] [main/INFO]: Parsing loot modifiers for:lootintegrations:dungeonloot_nether with loottable: lootintegrations:chests/nether
[18:45:37] [main/INFO]: Parsing loot modifiers for:lootintegrations:dungeonloot_hard with loottable: lootintegrations:chests/hard
[18:45:37] [main/INFO]: Parsing loot modifiers for:lootintegrations:dungeonloot_water with loottable: lootintegrations:chests/water
[18:45:37] [main/INFO]: Parsing loot modifiers for:lootintegrations:dungeonloot_medium with loottable: lootintegrations:chests/medium
[18:45:37] [main/INFO]: Parsing loot modifiers for:lootintegrations:villageloot_house with loottable: lootintegrations:chests/village
[18:45:37] [main/INFO]: Parsing loot modifiers for:lootintegrations:dungeonloot_easy with loottable: lootintegrations:chests/easy
[18:45:37] [main/INFO]: Parsing loot modifiers for:lootintegrations:dungeonloot_no_overflow with loottable: minecraft:chests/simple_dungeon
[18:45:37] [main/INFO]: Reloading Spawner Rune data...
[18:45:38] [main/WARN]: Invalid path in datapack: repurposed_structures:rs_pieces_spawn_counts_additions/village_mountains copy.json, ignoring
[18:45:38] [main/INFO]: [REI] OOOOOOOOOOOOOOOOOOOOOOOOOOOOOOOOOOOOOOOO
[18:45:38] [main/INFO]: [REI] REIPlugin starting main-reload for START.
[18:45:38] [main/INFO]: [REI] Plugins (4):
[18:45:38] [main/INFO]: [REI]  - (-100.00) DefaultPlugin of DefaultPlugin [roughlyenoughitems]
[18:45:38] [main/INFO]: [REI]  - (0.00) FabricFluidAPISupportPlugin
[18:45:38] [main/INFO]: [REI]  - (0.00) DefaultRuntimePlugin of DefaultRuntimePlugin [roughlyenoughitems]
[18:45:38] [main/INFO]: [REI]  - (0.00) AlloyForgeryCommonPlugin of AlloyForgeryCommonPlugin [alloy_forgery]
[18:45:38] [main/INFO]: [REI] OOOOOOOOOOOOOOOOOOOOOOOOOOOOOOOOOOOOOOOO
[18:45:38] [main/INFO]: [REI] ****************************************
[18:45:38] [main/INFO]: [REI] REIServerPlugin starting main-reload for START.
[18:45:38] [main/INFO]: [REI] Plugins (4):
[18:45:38] [main/INFO]: [REI]  - (-100.00) DefaultPlugin of DefaultPlugin [roughlyenoughitems]
[18:45:38] [main/INFO]: [REI]  - (0.00) FabricFluidAPISupportPlugin
[18:45:38] [main/INFO]: [REI]  - (0.00) DefaultRuntimePlugin of DefaultRuntimePlugin [roughlyenoughitems]
[18:45:38] [main/INFO]: [REI]  - (0.00) AlloyForgeryCommonPlugin of AlloyForgeryCommonPlugin [alloy_forgery]
[18:45:38] [main/INFO]: [REI] ****************************************
[18:45:38] [main/INFO]: [REI] REIPlugin finished post-reload for START in 2.741 ms, totaling 75.47 ms.
[18:45:38] [main/INFO]: [REI] REIServerPlugin finished post-reload for START in 1.169 ms, totaling 6.697 ms.
[18:45:38] [main/INFO]: [REI] ########################################
[18:45:38] [main/INFO]: [REI] REIPlugin starting main-reload for END.
[18:45:38] [main/INFO]: [REI] Plugins (4):
[18:45:38] [main/INFO]: [REI]  - (-100.00) DefaultPlugin of DefaultPlugin [roughlyenoughitems]
[18:45:38] [main/INFO]: [REI]  - (0.00) FabricFluidAPISupportPlugin
[18:45:38] [main/INFO]: [REI]  - (0.00) DefaultRuntimePlugin of DefaultRuntimePlugin [roughlyenoughitems]
[18:45:38] [main/INFO]: [REI]  - (0.00) AlloyForgeryCommonPlugin of AlloyForgeryCommonPlugin [alloy_forgery]
[18:45:38] [main/INFO]: [REI] ########################################
[18:45:38] [main/INFO]: [REI] ~~~~~~~~~~~~~~~~~~~~~~~~~~~~~~~~~~~~~~~~
[18:45:38] [main/INFO]: [REI] REIServerPlugin starting main-reload for END.
[18:45:38] [main/INFO]: [REI] Plugins (4):
[18:45:38] [main/INFO]: [REI]  - (-100.00) DefaultPlugin of DefaultPlugin [roughlyenoughitems]
[18:45:38] [main/INFO]: [REI]  - (0.00) FabricFluidAPISupportPlugin
[18:45:38] [main/INFO]: [REI]  - (0.00) DefaultRuntimePlugin of DefaultRuntimePlugin [roughlyenoughitems]
[18:45:38] [main/INFO]: [REI]  - (0.00) AlloyForgeryCommonPlugin of AlloyForgeryCommonPlugin [alloy_forgery]
[18:45:38] [main/INFO]: [REI] ~~~~~~~~~~~~~~~~~~~~~~~~~~~~~~~~~~~~~~~~
[18:45:38] [main/INFO]: [REI] REIPlugin finished post-reload for END in 1.194 ms, totaling 39.72 ms.
[18:45:38] [main/INFO]: [REI] REIServerPlugin finished post-reload for END in 939.7 μs, totaling 12.54 ms.
[18:45:38] [ForkJoinPool.commonPool-worker-3/INFO]: Loaded 118 translation keys
[18:45:38] [main/INFO]: Loaded 3 global temperature effects
[18:45:38] [main/INFO]: Loaded 12 type specific temperature effects
[18:45:38] [main/INFO]: Loaded 296 recipes
[18:45:38] [main/INFO]: Resource tiered:reforge_items/archerreforges1.json was not loaded cause archers:netherite_rapid_shortbow is not a valid item identifier
[18:45:38] [main/INFO]: Resource tiered:reforge_items/archerreforges1.json was not loaded cause archers:netherite_heavy_shortbow is not a valid item identifier
[18:45:38] [main/INFO]: Resource tiered:reforge_items/crossbow.json was not loaded cause archers:mechanical_shortbow is not a valid item identifier
[18:45:38] [main/INFO]: Deserializing default trades of profession: villagersplus:alchemist
[18:45:38] [main/INFO]: Deserializing default trades of profession: villagersplus:horticulturist
[18:45:38] [main/INFO]: Deserializing default trades of profession: villagersplus:occultist
[18:45:38] [main/INFO]: Deserializing default trades of profession: villagersplus:oceanographer
[18:45:38] [main/INFO]: Reloading grave shape (server)
[18:45:38] [main/INFO]: Grave model and shape reload successful (server)
[18:45:38] [main/INFO]: Reloading YIGD graveyard data (server)
[18:45:38] [main/INFO]: Graveyard data successfully reloaded (server)
[18:45:38] [main/INFO]: Reloading YIGD grave area overrides (server)
[18:45:38] [main/INFO]: Grave area overrides successfully reloaded (server)
[18:45:38] [main/INFO]: Loaded 1 global power sets.
[18:45:38] [main/INFO]: Took 22.6797 ms to reload cauldron interactions
[18:45:38] [main/INFO]: Applied 12 data villager trades
[18:45:38] [main/ERROR]: [worlds_together] Unable to parse Version in jar:file:///workspaces/MSX/servidor_minecraft/mods/netherdepthsupgrade-fabric-3.1.6-1.20.jar
[18:45:38] [main/ERROR]: [worlds_together] Unable to parse Version in jar:file:///workspaces/MSX/servidor_minecraft/mods/TheOrcs-fabric-1.20.x-1.0.jar
[18:45:38] [main/ERROR]: [worlds_together] Unable to parse Version in jar:file:///workspaces/MSX/servidor_minecraft/mods/explorify-v1.4.0.jar
[18:45:38] [main/ERROR]: [worlds_together] Unable to parse Version in jar:file:///workspaces/MSX/servidor_minecraft/mods/dungeons-and-taverns-3.0.3.f%5BFabric%5D.jar
[18:45:38] [main/ERROR]: [worlds_together] Unable to parse Version in jar:file:///workspaces/MSX/servidor_minecraft/mods/xercapaint-fabric-1.20.1-1.0.0.jar
[18:45:38] [main/ERROR]: [worlds_together] Unable to parse Version in jar:file:///workspaces/MSX/servidor_minecraft/mods/Glasses-Fabric-1.20.1-1.2.5.jar
[18:45:38] [main/ERROR]: [worlds_together] Unable to parse Version in jar:file:///workspaces/MSX/servidor_minecraft/mods/Soaring-Structures-2-1.20.1-2.5.1-FABRIC.jar
[18:45:38] [main/INFO]: [bclib] Updating Pickers for BCLib - The End  BiomeSource (41aae8f2)
[18:45:38] [main/INFO]: [bclib] Updating Pickers for BCLib - Nether BiomeSource (5fba5131)
[18:45:39] [main/INFO]: Mixing server.MixinDedicatedServer from mixins/common/nochatreports.mixins.json into net.minecraft.class_3176
[18:45:39] [main/INFO]: Mixing server.MixinPlayerList from mixins/common/nochatreports.mixins.json into net.minecraft.class_3324
[18:45:40] [main/INFO]: Initialized TerraBlender biomes for level stem minecraft:overworld
[18:45:41] [main/INFO]: Applied 27422 biome modifications to 336 of 336 new biomes in 674.8 ms
[18:45:41] [Server thread/INFO]: Loading server config for easymagic
[18:45:41] [Thread-5/INFO]: Reloading server config for easymagic
[18:45:41] [Server thread/INFO]: Loading server config for illagerinvasion
[18:45:41] [Thread-5/INFO]: Reloading server config for illagerinvasion
[18:45:41] [Thread-5/INFO]: Reloading server config for illagerinvasion
[18:45:41] [Server thread/INFO]: Loading server config for mutantmonsters
[18:45:41] [Thread-5/INFO]: Reloading server config for mutantmonsters
[18:45:41] [Thread-5/INFO]: Reloading server config for mutantmonsters
[18:45:41] [Server thread/INFO]: loaded team data: 2 known players, 2 teams total
[18:45:41] [Server thread/INFO]: Registering Bounty Board Jigsaw Piece for Village Type: plains
[18:45:41] [Server thread/INFO]: Registering Bounty Board Jigsaw Piece for Village Type: savanna
[18:45:41] [Server thread/INFO]: Registering Bounty Board Jigsaw Piece for Village Type: snowy
[18:45:41] [Server thread/INFO]: Registering Bounty Board Jigsaw Piece for Village Type: taiga
[18:45:41] [Server thread/INFO]: Registering Bounty Board Jigsaw Piece for Village Type: desert
[18:45:41] [Server thread/INFO]: Registering compost heaps in village type of plains
[18:45:41] [Server thread/INFO]: Registering compost heaps in village type of savanna
[18:45:41] [Server thread/INFO]: Registering compost heaps in village type of snowy
[18:45:41] [Server thread/INFO]: Registering compost heaps in village type of taiga
[18:45:41] [Server thread/INFO]: Registering compost heaps in village type of desert
[18:45:41] [Server thread/INFO]: Loading server configs...
[18:45:41] [Server thread/INFO]: Adding waystone fwaystones:village_waystone to village kaisyn:village/sparse_jungle_polynesian/houses
[18:45:41] [Server thread/INFO]: Adding waystone fwaystones:village_waystone to village kaisyn:village/flower_forest_japanese/houses
[18:45:41] [Server thread/INFO]: Adding waystone fwaystones:village_waystone to village kaisyn:village/swamp_boat/houses
[18:45:41] [Server thread/INFO]: Adding waystone fwaystones:village_waystone to village minecraft:village/savanna/houses
[18:45:41] [Server thread/INFO]: Adding waystone fwaystones:village_waystone to village minecraft:village/plains/houses
[18:45:41] [Server thread/INFO]: Adding waystone fwaystones:village_waystone to village kaisyn:village/badlands_pueblo/houses
[18:45:41] [Server thread/INFO]: Adding waystone fwaystones:village_waystone to village kaisyn:village/sunflower_plains_farm/side/farms
[18:45:41] [Server thread/INFO]: Adding waystone fwaystones:village_waystone to village kaisyn:village/exclusives/tudor/houses
[18:45:41] [Server thread/INFO]: Adding waystone fwaystones:village_waystone to village kaisyn:village/exclusives/mediterranean/houses/regular
[18:45:41] [Server thread/INFO]: Adding waystone fwaystones:village_waystone to village kaisyn:village/snowy_slopes_inn/decor
[18:45:41] [Server thread/INFO]: Adding waystone fwaystones:village_waystone to village kaisyn:village/grove_villager_outpost/decor
[18:45:41] [Server thread/INFO]: Adding waystone fwaystones:village_waystone to village minecraft:village/taiga/houses
[18:45:41] [Server thread/INFO]: Adding waystone fwaystones:village_waystone to village kaisyn:village/meadow_swiss/houses
[18:45:41] [Server thread/INFO]: Adding waystone fwaystones:village_waystone to village kaisyn:village/exclusives/iberian/houses
[18:45:41] [Server thread/INFO]: Adding waystone fwaystones:village_waystone to village kaisyn:village/snowy_taiga_viking/houses
[18:45:41] [Server thread/INFO]: Adding waystone fwaystones:village_waystone to village kaisyn:village/birch_forest_romanian/houses
[18:45:41] [Server thread/INFO]: Adding waystone fwaystones:village_waystone to village kaisyn:village/jungle_tribal/houses
[18:45:41] [Server thread/INFO]: Adding waystone fwaystones:village_waystone to village kaisyn:village/beach_lighthouse/side/cross
[18:45:41] [Server thread/INFO]: Adding waystone fwaystones:village_waystone to village minecraft:village/snowy/houses
[18:45:41] [Server thread/INFO]: Adding waystone fwaystones:village_waystone to village kaisyn:village/mushroom_fields_fantasy/houses
[18:45:41] [Server thread/INFO]: Adding waystone fwaystones:village_waystone to village kaisyn:village/old_growth_taiga_polish/houses
[18:45:41] [Server thread/INFO]: Adding waystone fwaystones:village_waystone to village kaisyn:village/exclusives/rustic/houses
[18:45:41] [Server thread/INFO]: Adding waystone fwaystones:desert_village_waystone to village minecraft:village/desert/houses
[18:45:41] [Server thread/INFO]: Adding waystone fwaystones:village_waystone to village kaisyn:village/exclusives/swedish/houses
[18:45:42] [Server thread/INFO]: [puffish_skills] Configuration loaded successfully!
[18:45:43] [Server thread/INFO]: [puffish_skills] Data pack `simplyskills` loaded successfully!
[18:45:43] [Server thread/INFO]: Injecting Carpenter Village Houses
[18:45:43] [Server thread/INFO]: Starting background profiler...
[18:45:44] [Server thread/INFO]: Initializing environment controller...
[18:45:44] [Server thread/INFO]: Starting minecraft server version 1.20.1
[18:45:44] [Server thread/INFO]: Loading properties
[18:45:44] [Server thread/INFO]: Default game type: SURVIVAL
[18:45:44] [Server thread/INFO]: Generating keypair
[18:45:44] [Server thread/INFO]: Starting Minecraft server on *:25565
[18:45:44] [Server thread/INFO]: Using epoll channel type
[18:45:45] [Server thread/WARN]: **** SERVER IS RUNNING IN OFFLINE/INSECURE MODE!
[18:45:45] [Server thread/WARN]: The server will make no attempt to authenticate usernames. Beware.
[18:45:45] [Server thread/WARN]: While this makes the game possible to play without internet access, it also opens up the ability for hackers to connect with any username they choose.
[18:45:45] [Server thread/WARN]: To change this, set "online-mode" to "true" in the server.properties file.
[18:45:45] [Server thread/INFO]: [betternether] Freeze Registry[ResourceKey[minecraft:root / worlds_together:worldgen/betterx/surface_rules] (Stable)]
[18:45:45] [Server thread/INFO]: Preparing level "world"
[18:45:45] [Server thread/INFO]: [bclib] 
Apply Modifications for graveyard:past
    class_4766 (659b87f3)
        biomes     = 53
        namespaces = minecraft(53)
[18:45:45] [Server thread/INFO]: [bclib] 
Apply Modifications for minecraft:the_end
    BCLib - The End  BiomeSource (41aae8f2)
        biomes     = 28
        namespaces = betterend(19), phantasm(1), minecraft(5), promenade(2), slayersbeasts(1)
        seed       = 3864400747225863746
        height     = 128
        deciders   = 0
        config     = BCLEndBiomeSourceConfig{mapVersion=hex, generatorVersion=vanilla, withVoidBiomes=true, innerVoidRadiusSquared=1048576, voidBiomesSize=256, centerBiomesSize=256, landBiomesSize=256, barrensBiomesSize=256}
[18:45:45] [Server thread/INFO]: [bclib] 
Apply Modifications for minecells:prison
    class_1992 (6f267e2f)
        biomes     = 1
        namespaces = minecells(1)
[18:45:45] [Server thread/INFO]: [bclib] 
Apply Modifications for minecells:ramparts
    class_1992 (17ec339b)
        biomes     = 1
        namespaces = minecells(1)
[18:45:45] [Server thread/INFO]: [bclib] 
Apply Modifications for slayersbeasts:sepulchra
    class_4766 (4032c175)
        biomes     = 16
        namespaces = minecraft(4), slayersbeasts(12)
[18:45:45] [Server thread/INFO]: [bclib] 
Apply Modifications for voidz:void
    class_1992 (6d81b50c)
        biomes     = 1
        namespaces = minecraft(1)
[18:45:45] [Server thread/INFO]: [bclib] 
Apply Modifications for slayersbeasts:crypt
    class_1992 (6f1d131e)
        biomes     = 1
        namespaces = slayersbeasts(1)
[18:45:45] [Server thread/INFO]: [bclib] 
Apply Modifications for minecells:promenade
    class_1992 (2d99495f)
        biomes     = 1
        namespaces = minecells(1)
[18:45:45] [Server thread/INFO]: [bclib] 
Apply Modifications for minecells:insufferable_crypt
    class_1992 (1e3cdc5)
        biomes     = 1
        namespaces = minecells(1)
[18:45:45] [Server thread/INFO]: [bclib] 
Apply Modifications for artifality:lunar_bazaar
    class_1992 (2eae5bc4)
        biomes     = 1
        namespaces = artifality(1)
[18:45:45] [Server thread/INFO]: [bclib] 
Apply Modifications for dungeonz:dungeon
    class_1992 (3a09077d)
        biomes     = 1
        namespaces = minecraft(1)
[18:45:45] [Server thread/INFO]: [bclib] 
Apply Modifications for minecraft:overworld
    class_4766 (7e27fd33)
        biomes     = 251
        namespaces = minecraft(53), terralith(94), promenade(4), galosphere(3), nyctophobia(5), regions_unexplored(66), slayersbeasts(26)
[18:45:45] [Server thread/INFO]: [bclib] 
Apply Modifications for deeperdarker:otherside
    class_4766 (72dd6083)
        biomes     = 3
        namespaces = deeperdarker(3)
[18:45:45] [Server thread/INFO]: [bclib] 
Apply Modifications for minecells:black_bridge
    class_1992 (4eb2c3be)
        biomes     = 1
        namespaces = minecells(1)
[18:45:45] [Server thread/INFO]: [bclib] 
Apply Modifications for spellbladenext:glassocean
    class_1992 (3aea27c9)
        biomes     = 1
        namespaces = spellbladenext(1)
[18:45:45] [Server thread/INFO]: [bclib] 
Apply Modifications for minecraft:the_nether
    BCLib - Nether BiomeSource (5fba5131)
        biomes     = 32
        namespaces = betternether(22), minecraft(5), regions_unexplored(5)
        seed       = 3864400747225863746
        height     = 256
        config     = BCLibNetherBiomeSourceConfig{mapVersion=hex, useVerticalBiomes=true, amplified=false, biomeSize=256, biomeSizeVertical=86}
[18:45:45] [Server thread/INFO]: [bclib] World Dimensions: 
 - graveyard:past: 
     net.minecraft.class_3754@658a53cd 
     class_4766 (659b87f3)
         biomes     = 53
         namespaces = minecraft(53)
 - minecraft:the_end: 
     BCLib - Chunk Generator (4cf8f4d1) 
     BCLib - The End  BiomeSource (41aae8f2)
         biomes     = 28
         namespaces = betterend(19), phantasm(1), minecraft(5), promenade(2), slayersbeasts(1)
         seed       = 3864400747225863746
         height     = 128
         deciders   = 0
         config     = BCLEndBiomeSourceConfig{mapVersion=hex, generatorVersion=vanilla, withVoidBiomes=true, innerVoidRadiusSquared=1048576, voidBiomesSize=256, centerBiomesSize=256, landBiomesSize=256, barrensBiomesSize=256}
 - minecells:prison: 
     net.minecraft.class_2897@367db275 
     class_1992 (6f267e2f)
         biomes     = 1
         namespaces = minecells(1)
 - minecells:ramparts: 
     net.minecraft.class_3754@1cb903cb 
     class_1992 (17ec339b)
         biomes     = 1
         namespaces = minecells(1)
 - slayersbeasts:sepulchra: 
     net.minecraft.class_3754@1b072d1c 
     class_4766 (4032c175)
         biomes     = 16
         namespaces = minecraft(4), slayersbeasts(12)
 - voidz:void: 
     net.voidz.dimension.VoidChunkGenerator@3972542c 
     class_1992 (6d81b50c)
         biomes     = 1
         namespaces = minecraft(1)
 - slayersbeasts:crypt: 
     net.minecraft.class_3754@4d50ac2c 
     class_1992 (6f1d131e)
         biomes     = 1
         namespaces = slayersbeasts(1)
 - minecells:promenade: 
     net.minecraft.class_3754@661abf4 
     class_1992 (2d99495f)
         biomes     = 1
         namespaces = minecells(1)
 - minecells:insufferable_crypt: 
     net.minecraft.class_2897@499a3019 
     class_1992 (1e3cdc5)
         biomes     = 1
         namespaces = minecells(1)
 - artifality:lunar_bazaar: 
     net.minecraft.class_2897@259b7bee 
     class_1992 (2eae5bc4)
         biomes     = 1
         namespaces = artifality(1)
 - dungeonz:dungeon: 
     net.dungeonz.dungeon.DungeonChunkGenerator@228bf2dd 
     class_1992 (3a09077d)
         biomes     = 1
         namespaces = minecraft(1)
 - minecraft:overworld: 
     net.minecraft.class_3754@1dad12 
     class_4766 (7e27fd33)
         biomes     = 251
         namespaces = minecraft(53), terralith(94), promenade(4), galosphere(3), nyctophobia(5), regions_unexplored(66), slayersbeasts(26)
 - deeperdarker:otherside: 
     net.minecraft.class_3754@fbd691f 
     class_4766 (72dd6083)
         biomes     = 3
         namespaces = deeperdarker(3)
 - minecells:black_bridge: 
     net.minecraft.class_2897@23aa9247 
     class_1992 (4eb2c3be)
         biomes     = 1
         namespaces = minecells(1)
 - spellbladenext:glassocean: 
     net.minecraft.class_2897@5efb441a 
     class_1992 (3aea27c9)
         biomes     = 1
         namespaces = spellbladenext(1)
 - minecraft:the_nether: 
     BCLib - Chunk Generator (793f7e37) 
     BCLib - Nether BiomeSource (5fba5131)
         biomes     = 32
         namespaces = betternether(22), minecraft(5), regions_unexplored(5)
         seed       = 3864400747225863746
         height     = 256
         config     = BCLibNetherBiomeSourceConfig{mapVersion=hex, useVerticalBiomes=true, amplified=false, biomeSize=256, biomeSizeVertical=86}
[18:45:45] [Server thread/INFO]: [bclib] Merged 19 additional Surface Rules for 
BCLib - The End  BiomeSource (41aae8f2)
    biomes     = 28
    namespaces = betterend(19), phantasm(1), minecraft(5), promenade(2), slayersbeasts(1)
    seed       = 3864400747225863746
    height     = 128
    deciders   = 0
    config     = BCLEndBiomeSourceConfig{mapVersion=hex, generatorVersion=vanilla, withVoidBiomes=true, innerVoidRadiusSquared=1048576, voidBiomesSize=256, centerBiomesSize=256, landBiomesSize=256, barrensBiomesSize=256} => 20
[18:45:45] [Server thread/INFO]: [bclib] Merged 22 additional Surface Rules for 
BCLib - Nether BiomeSource (5fba5131)
    biomes     = 32
    namespaces = betternether(22), minecraft(5), regions_unexplored(5)
    seed       = 3864400747225863746
    height     = 256
    config     = BCLibNetherBiomeSourceConfig{mapVersion=hex, useVerticalBiomes=true, amplified=false, biomeSize=256, biomeSizeVertical=86} => 74
[18:45:46] [Server thread/INFO]: Ignoring world 'graveyard:past'; unknown dimension type: graveyard:past
[18:45:46] [Server thread/INFO]: Ignoring world 'minecells:prison'; unknown dimension type: minecells:prison
[18:45:46] [Server thread/INFO]: Ignoring world 'minecells:ramparts'; unknown dimension type: minecells:ramparts
[18:45:46] [Server thread/INFO]: Ignoring world 'slayersbeasts:sepulchra'; unknown dimension type: slayersbeasts:sepulchra
[18:45:46] [Server thread/INFO]: Ignoring world 'voidz:void'; unknown dimension type: voidz:void_type
[18:45:46] [Server thread/INFO]: Ignoring world 'slayersbeasts:crypt'; unknown dimension type: slayersbeasts:crypt
[18:45:46] [Server thread/INFO]: Ignoring world 'minecells:promenade'; unknown dimension type: minecells:promenade
[18:45:46] [Server thread/INFO]: Ignoring world 'minecells:insufferable_crypt'; unknown dimension type: minecells:prison
[18:45:46] [Server thread/INFO]: Ignoring world 'artifality:lunar_bazaar'; unknown dimension type: artifality:lunar_bazaar
[18:45:46] [Server thread/INFO]: Ignoring world 'dungeonz:dungeon'; unknown dimension type: dungeonz:dungeon_type
[18:45:46] [Server thread/INFO]: Ignoring world 'deeperdarker:otherside'; unknown dimension type: deeperdarker:otherside
[18:45:46] [Server thread/INFO]: Ignoring world 'minecells:black_bridge'; unknown dimension type: minecells:black_bridge
[18:45:46] [Server thread/INFO]: Ignoring world 'spellbladenext:glassocean'; unknown dimension type: spellbladenext:glassocean
[18:45:46] [Server thread/INFO]: Successfully added Surface Rules for the End
[18:45:46] [Server thread/INFO]: Loading dimension "minecraft:the_nether" with biome source: "bclib:nether_biome_source".
[18:45:46] [Server thread/INFO]: Preparing start region for dimension minecraft:overworld
[18:45:46] [Server thread/WARN]: Method overwrite conflict for removeIf in modernfix-common.mixins.json:bugfix.paper_chunk_patches.SortedArraySetMixin from mod modernfix, previously written by me.jellysquid.mods.lithium.mixin.world.chunk_tickets.SortedArraySetMixin. Skipping method.
[18:45:49] [Server thread/INFO]: Preparing spawn area: 0%
[18:45:49] [Server thread/INFO]: Preparing spawn area: 0%
[18:45:49] [Server thread/INFO]: Preparing spawn area: 0%
[18:45:49] [Server thread/INFO]: Preparing spawn area: 0%
[18:45:49] [Server thread/INFO]: Preparing spawn area: 0%
[18:45:49] [Server thread/INFO]: Preparing spawn area: 0%
[18:45:49] [Server thread/INFO]: Preparing spawn area: 0%
[18:45:50] [Server thread/INFO]: Preparing spawn area: 20%
[18:45:50] [Server thread/WARN]: Method overwrite conflict for computeValue in spellbladenext.mixins.json:AttributeMixin from mod spellbladenext, previously written by com.extraspellattributes.mixin.AttributeMixin. Skipping method.
[18:45:50] [Server thread/WARN]: Method overwrite conflict for computeAdded in spellbladenext.mixins.json:AttributeMixin from mod spellbladenext, previously written by com.extraspellattributes.mixin.AttributeMixin. Skipping method.
[18:45:50] [Server thread/INFO]: Preparing spawn area: 43%
[18:45:51] [Server thread/INFO]: Loaded config for: brutalbosses.json
[18:45:51] [Server thread/INFO]: Preparing spawn area: 95%
[18:45:51] [Server thread/INFO]: Time elapsed: 4743 ms
[18:45:51] [Server thread/INFO]: Done (6.682s)! For help, type "help"
[18:45:51] [Server thread/WARN]: Dedicated server took 100.397 seconds to load
[18:45:51] [Server thread/ERROR]: Couldn't load server icon
java.lang.NullPointerException: Cannot invoke "java.awt.image.BufferedImage.getWidth()" because "$$1" is null
	at net.minecraft.server.MinecraftServer.method_49387(MinecraftServer.java:792) ~[server-intermediary.jar:?]
	at java.util.Optional.flatMap(Optional.java:289) ~[?:?]
	at net.minecraft.server.MinecraftServer.method_49384(MinecraftServer.java:789) ~[server-intermediary.jar:?]
	at net.minecraft.server.MinecraftServer.method_29741(MinecraftServer.java:649) ~[server-intermediary.jar:?]
	at net.minecraft.server.MinecraftServer.method_29739(MinecraftServer.java:265) ~[server-intermediary.jar:?]
	at java.lang.Thread.run(Thread.java:840) ~[?:?]
[18:45:51] [Server thread/INFO]: Loading quests from /workspaces/MSX/servidor_minecraft/config/ftbquests/quests
[18:45:52] [Server thread/INFO]: Loaded 7 chapter groups, 38 chapters, 567 quests, 7 reward tables
[18:45:52] [Server thread/INFO]: Loaded 3 ranks
[18:45:52] [Server thread/INFO]: Registered thread Server thread
[18:45:52] [Server thread/INFO]: Encoded Weapon Attribute registry size (with package overhead): 900885 bytes (in 91 string chunks with the size of 10000)
[18:45:52] [Server thread/INFO]: Loaded config for: farsight.json
[18:45:52] [Server thread/INFO]: Loaded config for: lootintegrations.json
[18:45:52] [Server thread/INFO]: Loaded config for: respawningstructures.json
[18:45:52] [Server thread/INFO]: [STDOUT]: PREPARING FOR RELOAD
[18:45:52] [Server thread/INFO]: Start loading plugin from Global XP
[18:45:52] [Server thread/INFO]: Start loading plugin from Jade
[18:45:52] [Server thread/INFO]: Start loading plugin from Jade
[18:45:52] [Server thread/INFO]: Start loading plugin from Jade
[18:45:52] [Server thread/INFO]: Start loading plugin from Nameplate
[18:45:52] [Server thread/INFO]: Start loading plugin from Polymer (Core)
[18:45:52] [Server thread/INFO]: Start loading plugin from TravelersCompass
[18:45:52] [Server thread/INFO]: Start loading plugin from HT's TreeChop
[18:45:52] [Server thread/INFO]: [STDOUT]: null
[18:45:52] [Server thread/INFO]: [STDOUT]: net.spell_engine.api.spell.Spell@e9d64be
[18:45:52] [Server thread/INFO]: [STDOUT]: net.spell_engine.api.spell.Spell@48056cff
[18:45:52] [Server thread/INFO]: [STDOUT]: net.spell_engine.api.spell.Spell@492b5cb7
[18:45:52] [Server thread/INFO]: [STDOUT]: net.spell_engine.api.spell.Spell@290d4466
[18:45:52] [Server thread/INFO]: [STDOUT]: net.spell_engine.api.spell.Spell@4cd06d6d
[18:45:52] [Server thread/INFO]: [STDOUT]: net.spell_engine.api.spell.Spell@2f51929c
[18:45:52] [Server thread/INFO]: [STDOUT]: net.spell_engine.api.spell.Spell@3c8cad25
[18:45:52] [Server thread/INFO]: [STDOUT]: net.spell_engine.api.spell.Spell@7fe1e0a6
[18:45:52] [Server thread/INFO]: [STDOUT]: net.spell_engine.api.spell.Spell@30954132
[18:45:52] [Server thread/INFO]: [STDOUT]: net.spell_engine.api.spell.Spell@1373f0ce
[18:45:52] [Server thread/INFO]: [STDOUT]: net.spell_engine.api.spell.Spell@4a4f9200
[18:45:52] [Server thread/INFO]: [STDOUT]: net.spell_engine.api.spell.Spell@3a5bbf3f
[18:45:52] [Server thread/INFO]: [STDOUT]: net.spell_engine.api.spell.Spell@205df597
[18:45:52] [Server thread/INFO]: [STDOUT]: net.spell_engine.api.spell.Spell@2c2494d2
[18:45:52] [Server thread/INFO]: [STDOUT]: net.spell_engine.api.spell.Spell@1a4ddcc4
[18:45:52] [Server thread/INFO]: [STDOUT]: net.spell_engine.api.spell.Spell@7d082af5
[18:45:52] [Server thread/INFO]: [STDOUT]: net.spell_engine.api.spell.Spell@32b6998e
[18:45:52] [Server thread/INFO]: [STDOUT]: net.spell_engine.api.spell.Spell@3a3c190e
[18:45:52] [Server thread/INFO]: [STDOUT]: net.spell_engine.api.spell.Spell@4e634971
[18:45:52] [Server thread/INFO]: [STDOUT]: net.spell_engine.api.spell.Spell@72008dca
[18:45:52] [Server thread/INFO]: [STDOUT]: net.spell_engine.api.spell.Spell@74fc00ed
[18:45:52] [Server thread/INFO]: [STDOUT]: net.spell_engine.api.spell.Spell@2ed29315
[18:45:52] [Server thread/INFO]: [STDOUT]: net.spell_engine.api.spell.Spell@7a2e6f7f
[18:45:52] [Server thread/INFO]: [STDOUT]: net.spell_engine.api.spell.Spell@cb6d32d
[18:45:52] [Server thread/INFO]: [STDOUT]: net.spell_engine.api.spell.Spell@18d9513e
[18:45:52] [Server thread/INFO]: [STDOUT]: net.spell_engine.api.spell.Spell@22a9230b
[18:45:52] [Server thread/INFO]: [STDOUT]: net.spell_engine.api.spell.Spell@2bf5e5b6
[18:45:52] [Server thread/INFO]: [STDOUT]: net.spell_engine.api.spell.Spell@11e0745e
[18:45:52] [Server thread/INFO]: [STDOUT]: net.spell_engine.api.spell.Spell@436287fd
[18:45:52] [Server thread/INFO]: [STDOUT]: net.spell_engine.api.spell.Spell@28b855e1
[18:45:52] [Server thread/INFO]: [STDOUT]: net.spell_engine.api.spell.Spell@2ce4cd15
[18:45:52] [Server thread/INFO]: [STDOUT]: net.spell_engine.api.spell.Spell@3eb40e53
[18:45:52] [Server thread/INFO]: [STDOUT]: Encoded SpellRegistry size (with package overhead): 744266 bytes (in 75 string chunks with the size of 10000)
[18:45:52] [Server thread/INFO]: Loaded 0 items attribute modifier(s)
[18:45:52] [Server thread/INFO]: [betternether] Freeze Registry[ResourceKey[minecraft:root / worlds_together:worldgen/betterx/surface_rules] (Stable)]
[18:45:52] [Server thread/INFO]: [betternether] Freeze Registry[ResourceKey[minecraft:root / worlds_together:worldgen/betterx/surface_rules] (Stable)]
[18:45:52] [Server thread/INFO]: [betternether] Freeze Registry[ResourceKey[minecraft:root / worlds_together:worldgen/betterx/surface_rules] (Stable)]
[18:45:52] [Server thread/INFO]: [betternether] Freeze Registry[ResourceKey[minecraft:root / worlds_together:worldgen/betterx/surface_rules] (Stable)]
[18:45:52] [Server thread/INFO]: [betternether] Freeze Registry[ResourceKey[minecraft:root / worlds_together:worldgen/betterx/surface_rules] (Stable)]
[18:45:52] [Server thread/INFO]: [betternether] Freeze Registry[ResourceKey[minecraft:root / worlds_together:worldgen/betterx/surface_rules] (Stable)]
[18:45:52] [Server thread/INFO]: [betternether] Freeze Registry[ResourceKey[minecraft:root / worlds_together:worldgen/betterx/surface_rules] (Stable)]
[18:45:52] [Server thread/INFO]: [betternether] Freeze Registry[ResourceKey[minecraft:root / worlds_together:worldgen/betterx/surface_rules] (Stable)]
[18:45:52] [Server thread/INFO]: [betternether] Freeze Registry[ResourceKey[minecraft:root / worlds_together:worldgen/betterx/surface_rules] (Stable)]
[18:45:52] [Server thread/INFO]: [betternether] Freeze Registry[ResourceKey[minecraft:root / worlds_together:worldgen/betterx/surface_rules] (Stable)]
[18:45:52] [Server thread/INFO]: [betternether] Freeze Registry[ResourceKey[minecraft:root / worlds_together:worldgen/betterx/surface_rules] (Stable)]
[18:45:52] [Server thread/INFO]: [betternether] Freeze Registry[ResourceKey[minecraft:root / worlds_together:worldgen/betterx/surface_rules] (Stable)]
[18:45:52] [Server thread/INFO]: [betternether] Freeze Registry[ResourceKey[minecraft:root / worlds_together:worldgen/betterx/surface_rules] (Stable)]
[18:45:52] [Server thread/INFO]: [betternether] Freeze Registry[ResourceKey[minecraft:root / worlds_together:worldgen/betterx/surface_rules] (Stable)]
[18:45:53] [Server thread/INFO]: [betternether] Freeze Registry[ResourceKey[minecraft:root / worlds_together:worldgen/betterx/surface_rules] (Stable)]
[18:45:53] [Server thread/INFO]: [betternether] Freeze Registry[ResourceKey[minecraft:root / worlds_together:worldgen/betterx/surface_rules] (Stable)]
[18:45:53] [Server thread/INFO]: [betternether] Freeze Registry[ResourceKey[minecraft:root / worlds_together:worldgen/betterx/surface_rules] (Stable)]
[18:45:53] [Server thread/INFO]: [betternether] Freeze Registry[ResourceKey[minecraft:root / worlds_together:worldgen/betterx/surface_rules] (Stable)]
[18:45:53] [Server thread/INFO]: [betternether] Freeze Registry[ResourceKey[minecraft:root / worlds_together:worldgen/betterx/surface_rules] (Stable)]
[18:45:53] [Server thread/INFO]: [betternether] Freeze Registry[ResourceKey[minecraft:root / worlds_together:worldgen/betterx/surface_rules] (Stable)]
[18:45:53] [Server thread/INFO]: [betternether] Freeze Registry[ResourceKey[minecraft:root / worlds_together:worldgen/betterx/surface_rules] (Stable)]
[18:45:53] [Server thread/INFO]: [betternether] Freeze Registry[ResourceKey[minecraft:root / worlds_together:worldgen/betterx/surface_rules] (Stable)]
[18:45:53] [Server thread/INFO]: [betternether] Freeze Registry[ResourceKey[minecraft:root / worlds_together:worldgen/betterx/surface_rules] (Stable)]
[18:45:53] [Server thread/INFO]: [betternether] Freeze Registry[ResourceKey[minecraft:root / worlds_together:worldgen/betterx/surface_rules] (Stable)]
[18:45:53] [Server thread/INFO]: [betternether] Freeze Registry[ResourceKey[minecraft:root / worlds_together:worldgen/betterx/surface_rules] (Stable)]
[18:45:53] [Server thread/INFO]: [betternether] Freeze Registry[ResourceKey[minecraft:root / worlds_together:worldgen/betterx/surface_rules] (Stable)]
[18:45:53] [Server thread/INFO]: [betternether] Freeze Registry[ResourceKey[minecraft:root / worlds_together:worldgen/betterx/surface_rules] (Stable)]
[18:45:53] [Server thread/INFO]: [betternether] Freeze Registry[ResourceKey[minecraft:root / worlds_together:worldgen/betterx/surface_rules] (Stable)]
[18:45:53] [Server thread/INFO]: [betternether] Freeze Registry[ResourceKey[minecraft:root / worlds_together:worldgen/betterx/surface_rules] (Stable)]
[18:45:53] [Server thread/INFO]: [betternether] Freeze Registry[ResourceKey[minecraft:root / worlds_together:worldgen/betterx/surface_rules] (Stable)]
[18:45:53] [Server thread/INFO]: [betternether] Freeze Registry[ResourceKey[minecraft:root / worlds_together:worldgen/betterx/surface_rules] (Stable)]
[18:45:53] [Server thread/INFO]: [betternether] Freeze Registry[ResourceKey[minecraft:root / worlds_together:worldgen/betterx/surface_rules] (Stable)]
[18:45:53] [Server thread/INFO]: [betternether] Freeze Registry[ResourceKey[minecraft:root / worlds_together:worldgen/betterx/surface_rules] (Stable)]
[18:45:53] [Server thread/INFO]: [betternether] Freeze Registry[ResourceKey[minecraft:root / worlds_together:worldgen/betterx/surface_rules] (Stable)]
[18:45:53] [Server thread/INFO]: [betternether] Freeze Registry[ResourceKey[minecraft:root / worlds_together:worldgen/betterx/surface_rules] (Stable)]
[18:45:53] [Server thread/INFO]: [betternether] Freeze Registry[ResourceKey[minecraft:root / worlds_together:worldgen/betterx/surface_rules] (Stable)]
[18:45:53] [Server thread/INFO]: [betternether] Freeze Registry[ResourceKey[minecraft:root / worlds_together:worldgen/betterx/surface_rules] (Stable)]
[18:45:53] [Server thread/INFO]: [betternether] Freeze Registry[ResourceKey[minecraft:root / worlds_together:worldgen/betterx/surface_rules] (Stable)]
[18:45:53] [Server thread/INFO]: [betternether] Freeze Registry[ResourceKey[minecraft:root / worlds_together:worldgen/betterx/surface_rules] (Stable)]
[18:45:53] [Server thread/INFO]: [betternether] Freeze Registry[ResourceKey[minecraft:root / worlds_together:worldgen/betterx/surface_rules] (Stable)]
[18:45:53] [Server thread/INFO]: [betternether] Freeze Registry[ResourceKey[minecraft:root / worlds_together:worldgen/betterx/surface_rules] (Stable)]
[18:45:53] [Server thread/INFO]: [betternether] Freeze Registry[ResourceKey[minecraft:root / worlds_together:worldgen/betterx/surface_rules] (Stable)]
[18:45:53] [Server thread/INFO]: [betternether] Freeze Registry[ResourceKey[minecraft:root / worlds_together:worldgen/betterx/surface_rules] (Stable)]
[18:45:53] [Server thread/INFO]: [betternether] Freeze Registry[ResourceKey[minecraft:root / worlds_together:worldgen/betterx/surface_rules] (Stable)]
[18:45:53] [Server thread/INFO]: [betternether] Freeze Registry[ResourceKey[minecraft:root / worlds_together:worldgen/betterx/surface_rules] (Stable)]
[18:45:53] [Server thread/INFO]: [betternether] Freeze Registry[ResourceKey[minecraft:root / worlds_together:worldgen/betterx/surface_rules] (Stable)]
[18:45:53] [Server thread/INFO]: [betternether] Freeze Registry[ResourceKey[minecraft:root / worlds_together:worldgen/betterx/surface_rules] (Stable)]
[18:45:53] [Server thread/INFO]: [betternether] Freeze Registry[ResourceKey[minecraft:root / worlds_together:worldgen/betterx/surface_rules] (Stable)]
[18:45:53] [Server thread/INFO]: [betternether] Freeze Registry[ResourceKey[minecraft:root / worlds_together:worldgen/betterx/surface_rules] (Stable)]
[18:45:53] [Server thread/INFO]: [betternether] Freeze Registry[ResourceKey[minecraft:root / worlds_together:worldgen/betterx/surface_rules] (Stable)]
[18:45:53] [Server thread/INFO]: [betternether] Freeze Registry[ResourceKey[minecraft:root / worlds_together:worldgen/betterx/surface_rules] (Stable)]
[18:45:53] [Server thread/INFO]: [betternether] Freeze Registry[ResourceKey[minecraft:root / worlds_together:worldgen/betterx/surface_rules] (Stable)]
[18:45:53] [Server thread/INFO]: [betternether] Freeze Registry[ResourceKey[minecraft:root / worlds_together:worldgen/betterx/surface_rules] (Stable)]
[18:45:53] [Server thread/INFO]: [betternether] Freeze Registry[ResourceKey[minecraft:root / worlds_together:worldgen/betterx/surface_rules] (Stable)]
[18:45:53] [Server thread/INFO]: [betternether] Freeze Registry[ResourceKey[minecraft:root / worlds_together:worldgen/betterx/surface_rules] (Stable)]
[18:45:53] [Server thread/INFO]: [betternether] Freeze Registry[ResourceKey[minecraft:root / worlds_together:worldgen/betterx/surface_rules] (Stable)]
[18:45:53] [Server thread/INFO]: [betternether] Freeze Registry[ResourceKey[minecraft:root / worlds_together:worldgen/betterx/surface_rules] (Stable)]
[18:45:53] [Server thread/INFO]: [betternether] Freeze Registry[ResourceKey[minecraft:root / worlds_together:worldgen/betterx/surface_rules] (Stable)]
[18:45:53] [Server thread/INFO]: [betternether] Freeze Registry[ResourceKey[minecraft:root / worlds_together:worldgen/betterx/surface_rules] (Stable)]
[18:45:53] [Server thread/INFO]: [betternether] Freeze Registry[ResourceKey[minecraft:root / worlds_together:worldgen/betterx/surface_rules] (Stable)]
[18:45:53] [Server thread/INFO]: [betternether] Freeze Registry[ResourceKey[minecraft:root / worlds_together:worldgen/betterx/surface_rules] (Stable)]
[18:45:53] [Server thread/INFO]: [betternether] Freeze Registry[ResourceKey[minecraft:root / worlds_together:worldgen/betterx/surface_rules] (Stable)]
[18:45:53] [Server thread/INFO]: [betternether] Freeze Registry[ResourceKey[minecraft:root / worlds_together:worldgen/betterx/surface_rules] (Stable)]
[18:45:53] [Server thread/INFO]: [betternether] Freeze Registry[ResourceKey[minecraft:root / worlds_together:worldgen/betterx/surface_rules] (Stable)]
[18:45:53] [Server thread/INFO]: [betternether] Freeze Registry[ResourceKey[minecraft:root / worlds_together:worldgen/betterx/surface_rules] (Stable)]
[18:45:53] [Server thread/INFO]: [betternether] Freeze Registry[ResourceKey[minecraft:root / worlds_together:worldgen/betterx/surface_rules] (Stable)]
[18:45:53] [Server thread/INFO]: [betternether] Freeze Registry[ResourceKey[minecraft:root / worlds_together:worldgen/betterx/surface_rules] (Stable)]
[18:45:53] [Server thread/INFO]: [betternether] Freeze Registry[ResourceKey[minecraft:root / worlds_together:worldgen/betterx/surface_rules] (Stable)]
[18:45:53] [Server thread/INFO]: [betternether] Freeze Registry[ResourceKey[minecraft:root / worlds_together:worldgen/betterx/surface_rules] (Stable)]
[18:45:53] [Server thread/INFO]: [betternether] Freeze Registry[ResourceKey[minecraft:root / worlds_together:worldgen/betterx/surface_rules] (Stable)]
[18:45:53] [Server thread/INFO]: [betternether] Freeze Registry[ResourceKey[minecraft:root / worlds_together:worldgen/betterx/surface_rules] (Stable)]
[18:45:53] [Server thread/INFO]: [betternether] Freeze Registry[ResourceKey[minecraft:root / worlds_together:worldgen/betterx/surface_rules] (Stable)]
[18:45:53] [Server thread/INFO]: [betternether] Freeze Registry[ResourceKey[minecraft:root / worlds_together:worldgen/betterx/surface_rules] (Stable)]
[18:45:53] [Server thread/INFO]: [betternether] Freeze Registry[ResourceKey[minecraft:root / worlds_together:worldgen/betterx/surface_rules] (Stable)]
[18:45:53] [Server thread/INFO]: [betternether] Freeze Registry[ResourceKey[minecraft:root / worlds_together:worldgen/betterx/surface_rules] (Stable)]
[18:45:53] [Server thread/INFO]: [betternether] Freeze Registry[ResourceKey[minecraft:root / worlds_together:worldgen/betterx/surface_rules] (Stable)]
[18:45:53] [Server thread/INFO]: [betternether] Freeze Registry[ResourceKey[minecraft:root / worlds_together:worldgen/betterx/surface_rules] (Stable)]
[18:45:53] [Server thread/INFO]: [betternether] Freeze Registry[ResourceKey[minecraft:root / worlds_together:worldgen/betterx/surface_rules] (Stable)]
[18:45:53] [Server thread/INFO]: [betternether] Freeze Registry[ResourceKey[minecraft:root / worlds_together:worldgen/betterx/surface_rules] (Stable)]
[18:45:53] [Server thread/INFO]: [betternether] Freeze Registry[ResourceKey[minecraft:root / worlds_together:worldgen/betterx/surface_rules] (Stable)]
[18:45:53] [Server thread/INFO]: [betternether] Freeze Registry[ResourceKey[minecraft:root / worlds_together:worldgen/betterx/surface_rules] (Stable)]
[18:45:53] [Server thread/INFO]: [betternether] Freeze Registry[ResourceKey[minecraft:root / worlds_together:worldgen/betterx/surface_rules] (Stable)]
[18:45:53] [Server thread/INFO]: [betternether] Freeze Registry[ResourceKey[minecraft:root / worlds_together:worldgen/betterx/surface_rules] (Stable)]
[18:45:53] [Server thread/INFO]: [betternether] Freeze Registry[ResourceKey[minecraft:root / worlds_together:worldgen/betterx/surface_rules] (Stable)]
[18:45:53] [Server thread/INFO]: [betternether] Freeze Registry[ResourceKey[minecraft:root / worlds_together:worldgen/betterx/surface_rules] (Stable)]
[18:45:53] [Server thread/INFO]: [betternether] Freeze Registry[ResourceKey[minecraft:root / worlds_together:worldgen/betterx/surface_rules] (Stable)]
[18:45:53] [Server thread/INFO]: [betternether] Freeze Registry[ResourceKey[minecraft:root / worlds_together:worldgen/betterx/surface_rules] (Stable)]
[18:45:53] [Server thread/INFO]: [betternether] Freeze Registry[ResourceKey[minecraft:root / worlds_together:worldgen/betterx/surface_rules] (Stable)]
[18:45:53] [Server thread/INFO]: [betternether] Freeze Registry[ResourceKey[minecraft:root / worlds_together:worldgen/betterx/surface_rules] (Stable)]
[18:45:53] [Server thread/INFO]: [betternether] Freeze Registry[ResourceKey[minecraft:root / worlds_together:worldgen/betterx/surface_rules] (Stable)]
[18:45:53] [Server thread/INFO]: [betternether] Freeze Registry[ResourceKey[minecraft:root / worlds_together:worldgen/betterx/surface_rules] (Stable)]
[18:45:53] [Server thread/INFO]: [betternether] Freeze Registry[ResourceKey[minecraft:root / worlds_together:worldgen/betterx/surface_rules] (Stable)]
[18:45:53] [Server thread/INFO]: [betternether] Freeze Registry[ResourceKey[minecraft:root / worlds_together:worldgen/betterx/surface_rules] (Stable)]
[18:45:53] [Server thread/INFO]: [betternether] Freeze Registry[ResourceKey[minecraft:root / worlds_together:worldgen/betterx/surface_rules] (Stable)]
[18:45:53] [Server thread/INFO]: [betternether] Freeze Registry[ResourceKey[minecraft:root / worlds_together:worldgen/betterx/surface_rules] (Stable)]
[18:45:53] [Server thread/INFO]: [betternether] Freeze Registry[ResourceKey[minecraft:root / worlds_together:worldgen/betterx/surface_rules] (Stable)]
[18:45:53] [Server thread/INFO]: [betternether] Freeze Registry[ResourceKey[minecraft:root / worlds_together:worldgen/betterx/surface_rules] (Stable)]
[18:45:53] [Server thread/INFO]: [betternether] Freeze Registry[ResourceKey[minecraft:root / worlds_together:worldgen/betterx/surface_rules] (Stable)]
[18:45:53] [Server thread/INFO]: [betternether] Freeze Registry[ResourceKey[minecraft:root / worlds_together:worldgen/betterx/surface_rules] (Stable)]
[18:45:53] [Server thread/INFO]: [betternether] Freeze Registry[ResourceKey[minecraft:root / worlds_together:worldgen/betterx/surface_rules] (Stable)]
[18:45:53] [Server thread/INFO]: [betternether] Freeze Registry[ResourceKey[minecraft:root / worlds_together:worldgen/betterx/surface_rules] (Stable)]
[18:45:53] [Server thread/INFO]: [betternether] Freeze Registry[ResourceKey[minecraft:root / worlds_together:worldgen/betterx/surface_rules] (Stable)]
[18:45:53] [Server thread/INFO]: [betternether] Freeze Registry[ResourceKey[minecraft:root / worlds_together:worldgen/betterx/surface_rules] (Stable)]
[18:45:53] [Server thread/INFO]: [betternether] Freeze Registry[ResourceKey[minecraft:root / worlds_together:worldgen/betterx/surface_rules] (Stable)]
[18:45:53] [Server thread/INFO]: [betternether] Freeze Registry[ResourceKey[minecraft:root / worlds_together:worldgen/betterx/surface_rules] (Stable)]
[18:45:53] [Server thread/INFO]: [betternether] Freeze Registry[ResourceKey[minecraft:root / worlds_together:worldgen/betterx/surface_rules] (Stable)]
[18:45:53] [Server thread/INFO]: [betternether] Freeze Registry[ResourceKey[minecraft:root / worlds_together:worldgen/betterx/surface_rules] (Stable)]
[18:45:53] [Server thread/INFO]: [betternether] Freeze Registry[ResourceKey[minecraft:root / worlds_together:worldgen/betterx/surface_rules] (Stable)]
[18:45:53] [Server thread/INFO]: [betternether] Freeze Registry[ResourceKey[minecraft:root / worlds_together:worldgen/betterx/surface_rules] (Stable)]
[18:45:53] [Server thread/INFO]: [betternether] Freeze Registry[ResourceKey[minecraft:root / worlds_together:worldgen/betterx/surface_rules] (Stable)]
[18:45:53] [Server thread/INFO]: [betternether] Freeze Registry[ResourceKey[minecraft:root / worlds_together:worldgen/betterx/surface_rules] (Stable)]
[18:45:53] [Server thread/INFO]: [betternether] Freeze Registry[ResourceKey[minecraft:root / worlds_together:worldgen/betterx/surface_rules] (Stable)]
[18:45:53] [Server thread/INFO]: [betternether] Freeze Registry[ResourceKey[minecraft:root / worlds_together:worldgen/betterx/surface_rules] (Stable)]
[18:45:53] [Server thread/INFO]: [betternether] Freeze Registry[ResourceKey[minecraft:root / worlds_together:worldgen/betterx/surface_rules] (Stable)]
[18:45:53] [Server thread/INFO]: [betternether] Freeze Registry[ResourceKey[minecraft:root / worlds_together:worldgen/betterx/surface_rules] (Stable)]
[18:45:53] [Server thread/INFO]: [betternether] Freeze Registry[ResourceKey[minecraft:root / worlds_together:worldgen/betterx/surface_rules] (Stable)]
[18:45:53] [Server thread/INFO]: [betternether] Freeze Registry[ResourceKey[minecraft:root / worlds_together:worldgen/betterx/surface_rules] (Stable)]
[18:45:53] [Server thread/INFO]: [betternether] Freeze Registry[ResourceKey[minecraft:root / worlds_together:worldgen/betterx/surface_rules] (Stable)]
[18:45:53] [Server thread/INFO]: [betternether] Freeze Registry[ResourceKey[minecraft:root / worlds_together:worldgen/betterx/surface_rules] (Stable)]
[18:45:53] [Server thread/INFO]: [betternether] Freeze Registry[ResourceKey[minecraft:root / worlds_together:worldgen/betterx/surface_rules] (Stable)]
[18:45:53] [Server thread/INFO]: [betternether] Freeze Registry[ResourceKey[minecraft:root / worlds_together:worldgen/betterx/surface_rules] (Stable)]
[18:45:53] [Server thread/INFO]: [betternether] Freeze Registry[ResourceKey[minecraft:root / worlds_together:worldgen/betterx/surface_rules] (Stable)]
[18:45:53] [Server thread/INFO]: Loaded values for 142 compatible attributes.
[18:45:53] [Server thread/ERROR]: Attribute ID 'puffish_skills:player.ranged_damage' does not belong to a known attribute. This entry will be ignored.
[18:45:53] [Server thread/ERROR]: Attribute ID 'spellbladenext:converttofire' does not belong to a known attribute. This entry will be ignored.
[18:45:53] [Server thread/ERROR]: Attribute ID 'spellbladenext:converttoarcane' does not belong to a known attribute. This entry will be ignored.
[18:45:53] [Server thread/ERROR]: Attribute ID 'puffish_skills:player.fortune' does not belong to a known attribute. This entry will be ignored.
[18:45:53] [Server thread/ERROR]: Attribute ID 'spellbladenext:warding' does not belong to a known attribute. This entry will be ignored.
[18:45:53] [Server thread/ERROR]: Attribute ID 'puffish_skills:player.jump' does not belong to a known attribute. This entry will be ignored.
[18:45:53] [Server thread/ERROR]: Attribute ID 'additionalentityattributes:magic_protection' does not belong to a known attribute. This entry will be ignored.
[18:45:53] [Server thread/ERROR]: Attribute ID 'additionalentityattributes:bonus_loot_count_rolls' does not belong to a known attribute. This entry will be ignored.
[18:45:53] [Server thread/ERROR]: Attribute ID 'additionalentityattributes:lung_capacity' does not belong to a known attribute. This entry will be ignored.
[18:45:53] [Server thread/ERROR]: Attribute ID 'puffish_skills:player.resistance' does not belong to a known attribute. This entry will be ignored.
[18:45:53] [Server thread/ERROR]: Attribute ID 'spellbladenext:converttofrost' does not belong to a known attribute. This entry will be ignored.
[18:45:53] [Server thread/ERROR]: Attribute ID 'additionalentityattributes:dig_speed' does not belong to a known attribute. This entry will be ignored.
[18:45:53] [Server thread/ERROR]: Attribute ID 'additionalentityattributes:water_visibility' does not belong to a known attribute. This entry will be ignored.
[18:45:53] [Server thread/ERROR]: Attribute ID 'spellbladenext:convertfromfrost' does not belong to a known attribute. This entry will be ignored.
[18:45:53] [Server thread/ERROR]: Attribute ID 'puffish_skills:player.stamina' does not belong to a known attribute. This entry will be ignored.
[18:45:53] [Server thread/ERROR]: Attribute ID 'additionalentityattributes:critical_bonus_damage' does not belong to a known attribute. This entry will be ignored.
[18:45:53] [Server thread/ERROR]: Attribute ID 'puffish_skills:player.healing' does not belong to a known attribute. This entry will be ignored.
[18:45:53] [Server thread/ERROR]: Attribute ID 'spellbladenext:convertfromarcane' does not belong to a known attribute. This entry will be ignored.
[18:45:53] [Server thread/ERROR]: Attribute ID 'spellbladenext:convertfromfire' does not belong to a known attribute. This entry will be ignored.
[18:45:53] [Server thread/ERROR]: Attribute ID 'puffish_skills:player.sprinting_speed' does not belong to a known attribute. This entry will be ignored.
[18:45:53] [Server thread/ERROR]: Attribute ID 'puffish_skills:player.knockback' does not belong to a known attribute. This entry will be ignored.
[18:45:53] [Server thread/ERROR]: Attribute ID 'additionalentityattributes:dropped_experience' does not belong to a known attribute. This entry will be ignored.
[18:45:53] [Server thread/ERROR]: Attribute ID 'puffish_skills:player.melee_damage' does not belong to a known attribute. This entry will be ignored.
[18:45:53] [Server thread/ERROR]: Attribute ID 'more_rpg_classes:incoming_damage_reduction' does not belong to a known attribute. This entry will be ignored.
[18:45:53] [Server thread/ERROR]: Attribute ID 'additionalentityattributes:lava_visibility' does not belong to a known attribute. This entry will be ignored.
[18:45:53] [Server thread/ERROR]: Attribute ID 'spellbladenext:converttoheal' does not belong to a known attribute. This entry will be ignored.
[18:45:53] [Server thread/ERROR]: Attribute ID 'reabsorption:reabsorption' does not belong to a known attribute. This entry will be ignored.
[18:45:53] [Server thread/ERROR]: Attribute ID 'more_rpg_classes:incoming_damage_modifier' does not belong to a known attribute. This entry will be ignored.
[18:45:53] [Server thread/ERROR]: Attribute ID 'puffish_skills:player.mining_speed' does not belong to a known attribute. This entry will be ignored.
[18:45:53] [Server thread/ERROR]: Attribute ID 'additionalentityattributes:water_speed' does not belong to a known attribute. This entry will be ignored.
[18:45:53] [Server thread/ERROR]: Attribute ID 'additionalentityattributes:lava_speed' does not belong to a known attribute. This entry will be ignored.
[18:45:53] [Server thread/ERROR]: Attribute ID 'additionalentityattributes:bonus_rare_loot_rolls' does not belong to a known attribute. This entry will be ignored.
[18:45:53] [Server thread/INFO]: Loaded 174 values from config.
[18:45:53] [Server thread/INFO]: Saving config file. 174 entries.
[18:45:53] [Server thread/INFO]: Applying changes for 174 attributes.
[18:45:53] [Server thread/INFO]: Registered synced player tracker system: ftb_teams
[18:45:53] [Server thread/INFO]: Registered synced player tracker system: ftb_teams
[18:45:53] [Server thread/INFO]: Mixing common.MixinServerStatus from mixins/common/nochatreports.mixins.json into net.minecraft.class_2926
[18:45:53] [Server thread/INFO]: Loading Xaero's Minimap - Stage 2/2 (Server)
[18:45:53] [Server thread/INFO]: Loading Xaero's World Map - Stage 2/2 (Server)
[18:45:53] [Server thread/INFO]: [STDOUT]: Caching sets
[18:45:54] [Server thread/WARN]: Can't keep up! Is the server overloaded? Running 2237ms or 44 ticks behind
[18:47:06] [Server thread/INFO]: There are 0 of a max of 10 players online: 
[18:47:09] [Netty Epoll Server IO #1/INFO]: Mixing server.MixinServerboundChatCommandPacket from mixins/common/nochatreports.mixins.json into net.minecraft.class_7472
[18:47:09] [Netty Epoll Server IO #1/INFO]: Mixing server.MixinServerboundChatPacket from mixins/common/nochatreports.mixins.json into net.minecraft.class_2797
[18:47:09] [Netty Epoll Server IO #1/INFO]: Mixing server.MixinServerboundChatSessionUpdatePacket from mixins/common/nochatreports.mixins.json into net.minecraft.class_7861
[18:47:13] [Server thread/INFO]: [Handshake] Sending channel query
[18:47:13] [Netty Epoll Server IO #2/INFO]: [Handshake] Receiving client channels
[18:47:13] [Netty Epoll Server IO #2/INFO]: [Handshake] Handshake completed successfully
[18:47:14] [Server thread/INFO]: Purificador25[/127.252.100.173:60005] logged in with entity id 186 at (-522.5815609051041, 122.0, 27.962743489394647)
[18:47:14] [Server thread/INFO]: Sending server config values to client
[18:47:14] [Server thread/INFO]: Syncing config to Purificador25 (603693bf-f23a-3539-adc6-228f3471e88d)
[18:47:14] [Netty Epoll Server IO #2/INFO]: [showmeyourskin] Client of Purificador25 accepted server config.
[18:47:14] [Netty Epoll Server IO #2/INFO]: Receiving client config
[18:47:15] [Server thread/INFO]: [betternether] Freeze Registry[ResourceKey[minecraft:root / worlds_together:worldgen/betterx/surface_rules] (Stable)]
[18:47:15] [Server thread/INFO]: Purificador25 joined the game
[18:47:15] [Server thread/INFO]: ARRP register - before user
[18:47:15] [Server thread/INFO]: [betternether] Freeze Registry[ResourceKey[minecraft:root / worlds_together:worldgen/betterx/surface_rules] (Stable)]
[18:47:15] [Server thread/INFO]: ARRP register - before vanilla
[18:47:15] [Server thread/INFO]: ARRP register - between vanilla and mods
[18:47:15] [Server thread/INFO]: ARRP register - between mods and user
[18:47:15] [Server thread/INFO]: ARRP register - after vanilla
[18:47:15] [Server thread/INFO]: Adding serverside commands..
[18:47:15] [Server thread/INFO]: Command '/livingthings' registered
[18:47:15] [Server thread/INFO]: Loading command nodes...
[18:47:15] [Server thread/INFO]: Loaded 3586 command nodes
[18:47:16] [Worker-ResourceReload-2/ERROR]: Couldn't load tag amethyst_core:tier_two_spell_scepters as it is missing following references: #amethyst_core:tier_three_spell_scepters (from fabric)
[18:47:16] [Worker-ResourceReload-2/ERROR]: Couldn't load tag amethyst_core:tier_one_spell_scepters as it is missing following references: #amethyst_core:tier_two_spell_scepters (from fabric), #amethyst_core:tier_three_spell_scepters (from fabric)
[18:47:16] [Worker-ResourceReload-2/ERROR]: Couldn't load tag pack_it_up:magic_items as it is missing following references: #amethyst_core:tier_one_spell_scepters (from fabric)
[18:47:16] [Worker-ResourceReload-2/ERROR]: Couldn't load tag kevstags:basicweapons_daggers as it is missing following references: basicweapons:wooden_dagger (from fabric), basicweapons:stone_dagger (from fabric), basicweapons:iron_dagger (from fabric), basicweapons:golden_dagger (from fabric), basicweapons:diamond_dagger (from fabric), basicweapons:netherite_dagger (from fabric)
[18:47:16] [Worker-ResourceReload-2/ERROR]: Couldn't load tag frozenlib:dont_emit_use_game_events as it is missing following references: deeperdarker:transmitter (from fabric)
[18:47:16] [Netty Epoll Server IO #2/INFO]: Priority overwritten for player Purificador25. Claiming: GRAVE / Robbing: INVENTORY
[18:47:16] [Server thread/INFO]: [betternether] Freeze Registry[ResourceKey[minecraft:root / worlds_together:worldgen/betterx/surface_rules] (Stable)]
[18:47:16] [Server thread/INFO]: [bclib] Received Hello from Client. (server=3.0.14, client=3.0.14)
[18:47:16] [Server thread/INFO]: [bclib] Sending Hello to Client. (server=3.0.14)
[18:47:17] [Server thread/INFO]: [bclib] 	- Listing Mod bclib v3.0.14 (size: 2.2 MiB, download=true)
[18:47:17] [Server thread/INFO]: [bclib] 	- Listing Mod betternether v9.0.10 (size: 21.9 MiB, download=true)
[18:47:17] [Server thread/INFO]: [bclib] 	- Offering Config bclib.CONFIG_betternether.main
[18:47:17] [Server thread/INFO]: [bclib] 	- Offering Config bclib.CONFIG_betternether.generator
[18:47:17] [Server thread/INFO]: [bclib] 	- Offering Config bclib.CONFIG_betternether.blocks
[18:47:17] [Server thread/INFO]: [bclib] 	- Offering Config bclib.CONFIG_betternether.items
[18:47:17] [Server thread/INFO]: [bclib] 	- Offering Config bclib.CONFIG_betternether.biomes
[18:47:17] [Server thread/INFO]: [bclib] 	- Offering Config bclib.CONFIG_betternether.mobs
[18:47:17] [Server thread/INFO]: [bclib] 	- Offering Config bclib.CONFIG_bclib.generator
[18:47:17] [Server thread/INFO]: [bclib] 	- Offering Config bclib.CONFIG_bclib.main
[18:47:17] [Server thread/INFO]: [bclib] 	- Offering Config bclib.CONFIG_bclib.biomes
[18:47:17] [Server thread/INFO]: [bclib] 	- Offering Config bclib.CONFIG_betterend.entities
[18:47:17] [Server thread/INFO]: [bclib] 	- Offering Config bclib.CONFIG_betterend.blocks
[18:47:17] [Server thread/INFO]: [bclib] 	- Offering Config bclib.CONFIG_betterend.items
[18:47:17] [Server thread/INFO]: [bclib] 	- Offering Config bclib.CONFIG_betterend.enchantments
[18:47:17] [Server thread/INFO]: [bclib] 	- Offering Folder /workspaces/MSX/servidor_minecraft/bclib-sync (allowDelete=true)
[18:47:17] [Worker-ResourceReload-2/ERROR]: Error while parsing loot table decoration entry. Found jungle_temple. Defaulting to MANSION
[18:47:17] [Worker-ResourceReload-2/ERROR]: Couldn't parse element loot_tables:ctov:chests/village/village_forager
com.google.gson.JsonSyntaxException: Missing expand, expected to find a Boolean
	at net.minecraft.class_3518.method_15270(class_3518.java:181) ~[server-intermediary.jar:?]
	at net.minecraft.class_91$class_92.method_450(class_91.java:86) ~[server-intermediary.jar:?]
	at net.minecraft.class_91$class_92.method_443(class_91.java:72) ~[server-intermediary.jar:?]
	at net.minecraft.class_85$class_90.method_441(class_85.java:151) ~[server-intermediary.jar:?]
	at net.minecraft.class_85$class_90.method_424(class_85.java:129) ~[server-intermediary.jar:?]
	at net.minecraft.class_79$class_5337.method_29319(class_79.java:86) ~[server-intermediary.jar:?]
	at net.minecraft.class_79$class_5337.method_517(class_79.java:74) ~[server-intermediary.jar:?]
	at net.minecraft.class_5330$class_5333.deserialize(class_5330.java:102) ~[server-intermediary.jar:?]
	at com.google.gson.internal.bind.TreeTypeAdapter.read(TreeTypeAdapter.java:76) ~[gson-2.10.jar:?]
	at com.google.gson.internal.bind.TypeAdapterRuntimeTypeWrapper.read(TypeAdapterRuntimeTypeWrapper.java:40) ~[gson-2.10.jar:?]
	at com.google.gson.internal.bind.ArrayTypeAdapter.read(ArrayTypeAdapter.java:72) ~[gson-2.10.jar:?]
	at com.google.gson.Gson.fromJson(Gson.java:1214) ~[gson-2.10.jar:?]
	at com.google.gson.Gson.fromJson(Gson.java:1319) ~[gson-2.10.jar:?]
	at com.google.gson.Gson.fromJson(Gson.java:1290) ~[gson-2.10.jar:?]
	at com.google.gson.internal.bind.TreeTypeAdapter$GsonContextImpl.deserialize(TreeTypeAdapter.java:179) ~[gson-2.10.jar:?]
	at net.minecraft.class_3518.method_15291(class_3518.java:463) ~[server-intermediary.jar:?]
	at net.minecraft.class_3518.method_15272(class_3518.java:471) ~[server-intermediary.jar:?]
	at net.minecraft.class_55$class_57.method_358(class_55.java:173) ~[server-intermediary.jar:?]
	at net.minecraft.class_55$class_57.deserialize(class_55.java:169) ~[server-intermediary.jar:?]
	at com.google.gson.internal.bind.TreeTypeAdapter.read(TreeTypeAdapter.java:76) ~[gson-2.10.jar:?]
	at com.google.gson.internal.bind.TypeAdapterRuntimeTypeWrapper.read(TypeAdapterRuntimeTypeWrapper.java:40) ~[gson-2.10.jar:?]
	at com.google.gson.internal.bind.ArrayTypeAdapter.read(ArrayTypeAdapter.java:72) ~[gson-2.10.jar:?]
	at com.google.gson.Gson.fromJson(Gson.java:1214) ~[gson-2.10.jar:?]
	at com.google.gson.Gson.fromJson(Gson.java:1319) ~[gson-2.10.jar:?]
	at com.google.gson.Gson.fromJson(Gson.java:1290) ~[gson-2.10.jar:?]
	at com.google.gson.internal.bind.TreeTypeAdapter$GsonContextImpl.deserialize(TreeTypeAdapter.java:179) ~[gson-2.10.jar:?]
	at net.minecraft.class_3518.method_15291(class_3518.java:463) ~[server-intermediary.jar:?]
	at net.minecraft.class_3518.method_15283(class_3518.java:481) ~[server-intermediary.jar:?]
	at net.minecraft.class_52$class_54.method_340(class_52.java:250) ~[server-intermediary.jar:?]
	at net.minecraft.class_52$class_54.deserialize(class_52.java:246) ~[server-intermediary.jar:?]
	at com.google.gson.internal.bind.TreeTypeAdapter.read(TreeTypeAdapter.java:76) ~[gson-2.10.jar:?]
	at com.google.gson.Gson.fromJson(Gson.java:1214) ~[gson-2.10.jar:?]
	at com.google.gson.Gson.fromJson(Gson.java:1319) ~[gson-2.10.jar:?]
	at com.google.gson.Gson.fromJson(Gson.java:1261) ~[gson-2.10.jar:?]
	at net.minecraft.class_8490.method_51205(class_8490.java:64) ~[server-intermediary.jar:?]
	at net.minecraft.class_8490.method_51204(class_8490.java:48) ~[server-intermediary.jar:?]
	at net.minecraft.class_60.method_51195(class_60.java:55) ~[server-intermediary.jar:?]
	at java.util.HashMap.forEach(HashMap.java:1421) ~[?:?]
	at net.minecraft.class_60.method_51189(class_60.java:55) ~[server-intermediary.jar:?]
	at java.util.concurrent.CompletableFuture$AsyncRun.run(CompletableFuture.java:1804) ~[?:?]
	at java.util.concurrent.CompletableFuture$AsyncRun.exec(CompletableFuture.java:1796) ~[?:?]
	at java.util.concurrent.ForkJoinTask.doExec(ForkJoinTask.java:373) ~[?:?]
	at java.util.concurrent.ForkJoinPool$WorkQueue.topLevelExec(ForkJoinPool.java:1182) ~[?:?]
	at java.util.concurrent.ForkJoinPool.scan(ForkJoinPool.java:1655) ~[?:?]
	at java.util.concurrent.ForkJoinPool.runWorker(ForkJoinPool.java:1622) ~[?:?]
	at java.util.concurrent.ForkJoinWorkerThread.run(ForkJoinWorkerThread.java:165) ~[?:?]
[18:47:17] [Worker-ResourceReload-2/ERROR]: Error while parsing loot table decoration entry. Found jungle_temple. Defaulting to MANSION
[18:47:17] [Server thread/INFO]: Intercepted tag results
[18:47:17] [Server thread/WARN]: Found loot table element validation problem in {loot_tables:phantasm:blocks/vivid_nihilium}.pools[0].entries[0].entry[1]: Empty children list
[18:47:17] [Server thread/WARN]: Found loot table element validation problem in {loot_tables:phantasm:blocks/hanging_pream_leaves}.pools[0].entries[0].entry[1]: Empty children list
[18:47:23] [Server thread/INFO]: [bclib] Disabling Recipe: bclib:test_star
[18:47:23] [Server thread/ERROR]: Parsing error loading recipe knavesneeds:betternether/cincinnasite_diamond/twinblade
com.google.gson.JsonSyntaxException: Unknown item 'betterend:cincinnasite_diamond_upgrade_smithing_template'
	at net.minecraft.class_1869.method_17878(class_1869.java:272) ~[server-intermediary.jar:?]
	at java.util.Optional.orElseThrow(Optional.java:403) ~[?:?]
	at net.minecraft.class_1869.method_8155(class_1869.java:272) ~[server-intermediary.jar:?]
	at net.minecraft.class_1856.method_8107(class_1856.java:160) ~[server-intermediary.jar:?]
	at net.minecraft.class_1856.method_8102(class_1856.java:143) ~[server-intermediary.jar:?]
	at net.minecraft.class_1856.method_52177(class_1856.java:135) ~[server-intermediary.jar:?]
	at net.minecraft.class_8060$class_8061.method_48455(class_8060.java:87) ~[server-intermediary.jar:?]
	at net.minecraft.class_8060$class_8061.method_8121(class_8060.java:84) ~[server-intermediary.jar:?]
	at net.minecraft.class_1863.method_17720(class_1863.java:135) ~[server-intermediary.jar:?]
	at net.minecraft.class_1863.method_20705(class_1863.java:56) ~[server-intermediary.jar:?]
	at net.minecraft.class_1863.method_18788(class_1863.java:35) ~[server-intermediary.jar:?]
	at net.minecraft.class_4080.method_18790(class_4080.java:13) ~[server-intermediary.jar:?]
	at java.util.concurrent.CompletableFuture$UniAccept.tryFire(CompletableFuture.java:718) ~[?:?]
	at java.util.concurrent.CompletableFuture$Completion.run(CompletableFuture.java:482) ~[?:?]
	at net.minecraft.class_4014.method_18365(class_4014.java:69) ~[server-intermediary.jar:?]
	at net.minecraft.class_3738.run(class_3738.java:18) ~[server-intermediary.jar:?]
	at net.minecraft.class_1255.method_18859(class_1255.java:156) ~[server-intermediary.jar:?]
	at net.minecraft.class_4093.method_18859(class_4093.java:23) ~[server-intermediary.jar:?]
	at net.minecraft.server.MinecraftServer.method_24306(MinecraftServer.java:782) ~[server-intermediary.jar:?]
	at net.minecraft.server.MinecraftServer.method_18859(MinecraftServer.java:164) ~[server-intermediary.jar:?]
	at net.minecraft.class_1255.method_16075(class_1255.java:130) ~[server-intermediary.jar:?]
	at net.minecraft.server.MinecraftServer.method_20415(MinecraftServer.java:764) ~[server-intermediary.jar:?]
	at net.minecraft.server.MinecraftServer.method_16075(MinecraftServer.java:758) ~[server-intermediary.jar:?]
	at net.minecraft.class_1255.method_18857(class_1255.java:139) ~[server-intermediary.jar:?]
	at net.minecraft.server.MinecraftServer.method_29439(MinecraftServer.java:1345) ~[server-intermediary.jar:?]
	at net.minecraft.class_3097.method_29480(class_3097.java:22) ~[server-intermediary.jar:?]
	at net.minecraft.class_3097.method_13530(class_3097.java:53) ~[server-intermediary.jar:?]
	at com.mojang.brigadier.CommandDispatcher.execute(CommandDispatcher.java:264) ~[brigadier-1.1.8.jar:?]
	at net.minecraft.class_2158$class_2160.method_36318(class_2158.java:96) ~[server-intermediary.jar:?]
	at net.minecraft.class_2158$class_2160.method_9198(class_2158.java:90) ~[server-intermediary.jar:?]
	at net.minecraft.class_2991$class_2992.method_12914(class_2991.java:135) ~[server-intermediary.jar:?]
	at net.minecraft.class_2991$class_6345.method_36346(class_2991.java:210) ~[server-intermediary.jar:?]
	at net.minecraft.class_2991.method_36341(class_2991.java:85) ~[server-intermediary.jar:?]
	at net.minecraft.class_2991.method_12904(class_2991.java:69) ~[server-intermediary.jar:?]
	at net.minecraft.class_3062.method_13381(class_3062.java:46) ~[server-intermediary.jar:?]
	at net.minecraft.class_3062.method_13383(class_3062.java:35) ~[server-intermediary.jar:?]
	at com.mojang.brigadier.CommandDispatcher.execute(CommandDispatcher.java:264) ~[brigadier-1.1.8.jar:?]
	at net.minecraft.class_2170.redirect$zia000$architectury$performCommand(class_2170.java:1045) ~[server-intermediary.jar:?]
	at net.minecraft.class_2170.method_9249(class_2170.java:287) ~[server-intermediary.jar:?]
	at net.minecraft.class_2170.method_44252(class_2170.java:280) ~[server-intermediary.jar:?]
	at dev.ftb.mods.ftbquests.quest.reward.CommandReward.claim(CommandReward.java:104) ~[ftb-quests-fabric-2001.4.5.jar:?]
	at dev.ftb.mods.ftbquests.quest.TeamData.claimReward(TeamData.java:538) ~[ftb-quests-fabric-2001.4.5.jar:?]
	at dev.ftb.mods.ftbquests.quest.TeamData.checkAutoCompletion(TeamData.java:568) ~[ftb-quests-fabric-2001.4.5.jar:?]
	at dev.ftb.mods.ftbquests.quest.Quest.onCompleted(Quest.java:544) ~[ftb-quests-fabric-2001.4.5.jar:?]
	at dev.ftb.mods.ftbquests.quest.ServerQuestFile.lambda$playerLoggedIn$4(ServerQuestFile.java:185) ~[ftb-quests-fabric-2001.4.5.jar:?]
	at java.util.ArrayList.forEach(ArrayList.java:1511) ~[?:?]
	at java.util.Collections$UnmodifiableCollection.forEach(Collections.java:1092) ~[?:?]
	at dev.ftb.mods.ftbquests.quest.BaseQuestFile.lambda$forAllQuests$48(BaseQuestFile.java:1402) ~[ftb-quests-fabric-2001.4.5.jar:?]
	at java.util.ArrayList.forEach(ArrayList.java:1511) ~[?:?]
	at java.util.Collections$UnmodifiableCollection.forEach(Collections.java:1092) ~[?:?]
	at dev.ftb.mods.ftbquests.quest.BaseQuestFile.lambda$forAllChapters$47(BaseQuestFile.java:1397) ~[ftb-quests-fabric-2001.4.5.jar:?]
	at java.util.ArrayList.forEach(ArrayList.java:1511) ~[?:?]
	at dev.ftb.mods.ftbquests.quest.BaseQuestFile.forAllChapterGroups(BaseQuestFile.java:1392) ~[ftb-quests-fabric-2001.4.5.jar:?]
	at dev.ftb.mods.ftbquests.quest.BaseQuestFile.forAllChapters(BaseQuestFile.java:1397) ~[ftb-quests-fabric-2001.4.5.jar:?]
	at dev.ftb.mods.ftbquests.quest.BaseQuestFile.forAllQuests(BaseQuestFile.java:1402) ~[ftb-quests-fabric-2001.4.5.jar:?]
	at dev.ftb.mods.ftbquests.quest.ServerQuestFile.lambda$playerLoggedIn$5(ServerQuestFile.java:179) ~[ftb-quests-fabric-2001.4.5.jar:?]
	at dev.ftb.mods.ftbquests.quest.ServerQuestFile.withPlayerContext(ServerQuestFile.java:159) ~[ftb-quests-fabric-2001.4.5.jar:?]
	at dev.ftb.mods.ftbquests.quest.ServerQuestFile.playerLoggedIn(ServerQuestFile.java:179) ~[ftb-quests-fabric-2001.4.5.jar:?]
	at dev.ftb.mods.ftbquests.FTBQuestsEventHandler.playerLoggedIn(FTBQuestsEventHandler.java:104) ~[ftb-quests-fabric-2001.4.5.jar:?]
	at java.lang.invoke.MethodHandle.invokeWithArguments(MethodHandle.java:732) ~[?:?]
	at dev.architectury.event.EventFactory.invokeMethod(EventFactory.java:53) ~[architectury-9.2.14-fabric.jar:?]
	at dev.architectury.event.EventFactory$4.handleInvocation(EventFactory.java:125) ~[architectury-9.2.14-fabric.jar:?]
	at com.google.common.reflect.AbstractInvocationHandler.invoke(AbstractInvocationHandler.java:87) ~[guava-31.1-jre.jar:?]
	at jdk.proxy2.$Proxy127.accept(Unknown Source) ~[?:?]
	at dev.ftb.mods.ftbteams.data.TeamManagerImpl.playerLoggedIn(TeamManagerImpl.java:319) ~[ftb-teams-fabric-2001.3.0.jar:?]
	at dev.ftb.mods.ftbteams.FTBTeams.playerLoggedIn(FTBTeams.java:77) ~[ftb-teams-fabric-2001.3.0.jar:?]
	at java.lang.invoke.MethodHandle.invokeWithArguments(MethodHandle.java:732) ~[?:?]
	at dev.architectury.event.EventFactory.invokeMethod(EventFactory.java:53) ~[architectury-9.2.14-fabric.jar:?]
	at dev.architectury.event.EventFactory$1.handleInvocation(EventFactory.java:62) ~[architectury-9.2.14-fabric.jar:?]
	at com.google.common.reflect.AbstractInvocationHandler.invoke(AbstractInvocationHandler.java:87) ~[guava-31.1-jre.jar:?]
	at jdk.proxy2.$Proxy198.join(Unknown Source) ~[?:?]
	at net.minecraft.class_3324.handler$zjc000$architectury$placeNewPlayer(class_3324.java:2520) ~[server-intermediary.jar:?]
	at net.minecraft.class_3324.method_14570(class_3324.java:307) ~[server-intermediary.jar:?]
	at net.minecraft.class_3248.method_33800(class_3248.java:131) ~[server-intermediary.jar:?]
	at net.minecraft.class_3248.md1e683e$polymer-networking$lambda$polymerNet$prePlayHandshakeHackfest$0$0(class_3248.java:549) ~[server-intermediary.jar:?]
	at eu.pb4.polymer.networking.impl.EarlyConnectionMagic.lambda$handle$0(EarlyConnectionMagic.java:32) ~[polymer-networking-0.5.15+1.20.1-dc18d44a422d3193.jar:?]
	at eu.pb4.polymer.networking.api.EarlyPlayNetworkHandler.lambda$onKeepAlive$0(EarlyPlayNetworkHandler.java:108) ~[polymer-networking-0.5.15+1.20.1-dc18d44a422d3193.jar:?]
	at net.minecraft.class_3738.run(class_3738.java:18) ~[server-intermediary.jar:?]
	at net.minecraft.class_1255.method_18859(class_1255.java:156) ~[server-intermediary.jar:?]
	at net.minecraft.class_4093.method_18859(class_4093.java:23) ~[server-intermediary.jar:?]
	at net.minecraft.server.MinecraftServer.method_24306(MinecraftServer.java:782) ~[server-intermediary.jar:?]
	at net.minecraft.server.MinecraftServer.method_18859(MinecraftServer.java:164) ~[server-intermediary.jar:?]
	at net.minecraft.class_1255.method_16075(class_1255.java:130) ~[server-intermediary.jar:?]
	at net.minecraft.server.MinecraftServer.method_20415(MinecraftServer.java:764) ~[server-intermediary.jar:?]
	at net.minecraft.server.MinecraftServer.method_16075(MinecraftServer.java:758) ~[server-intermediary.jar:?]
	at net.minecraft.class_1255.method_18857(class_1255.java:139) ~[server-intermediary.jar:?]
	at net.minecraft.server.MinecraftServer.method_16208(MinecraftServer.java:743) ~[server-intermediary.jar:?]
	at net.minecraft.server.MinecraftServer.method_29741(MinecraftServer.java:675) ~[server-intermediary.jar:?]
	at net.minecraft.server.MinecraftServer.method_29739(MinecraftServer.java:265) ~[server-intermediary.jar:?]
	at java.lang.Thread.run(Thread.java:840) ~[?:?]
[18:47:23] [Server thread/ERROR]: Parsing error loading recipe amethyst_core:thrifty_imbuing
com.google.gson.JsonSyntaxException: Invalid or unsupported recipe type 'amethyst_imbuement:imbuing'
	at net.minecraft.class_1863.method_17875(class_1863.java:134) ~[server-intermediary.jar:?]
	at java.util.Optional.orElseThrow(Optional.java:403) ~[?:?]
	at net.minecraft.class_1863.method_17720(class_1863.java:134) ~[server-intermediary.jar:?]
	at net.minecraft.class_1863.method_20705(class_1863.java:56) ~[server-intermediary.jar:?]
	at net.minecraft.class_1863.method_18788(class_1863.java:35) ~[server-intermediary.jar:?]
	at net.minecraft.class_4080.method_18790(class_4080.java:13) ~[server-intermediary.jar:?]
	at java.util.concurrent.CompletableFuture$UniAccept.tryFire(CompletableFuture.java:718) ~[?:?]
	at java.util.concurrent.CompletableFuture$Completion.run(CompletableFuture.java:482) ~[?:?]
	at net.minecraft.class_4014.method_18365(class_4014.java:69) ~[server-intermediary.jar:?]
	at net.minecraft.class_3738.run(class_3738.java:18) ~[server-intermediary.jar:?]
	at net.minecraft.class_1255.method_18859(class_1255.java:156) ~[server-intermediary.jar:?]
	at net.minecraft.class_4093.method_18859(class_4093.java:23) ~[server-intermediary.jar:?]
	at net.minecraft.server.MinecraftServer.method_24306(MinecraftServer.java:782) ~[server-intermediary.jar:?]
	at net.minecraft.server.MinecraftServer.method_18859(MinecraftServer.java:164) ~[server-intermediary.jar:?]
	at net.minecraft.class_1255.method_16075(class_1255.java:130) ~[server-intermediary.jar:?]
	at net.minecraft.server.MinecraftServer.method_20415(MinecraftServer.java:764) ~[server-intermediary.jar:?]
	at net.minecraft.server.MinecraftServer.method_16075(MinecraftServer.java:758) ~[server-intermediary.jar:?]
	at net.minecraft.class_1255.method_18857(class_1255.java:139) ~[server-intermediary.jar:?]
	at net.minecraft.server.MinecraftServer.method_29439(MinecraftServer.java:1345) ~[server-intermediary.jar:?]
	at net.minecraft.class_3097.method_29480(class_3097.java:22) ~[server-intermediary.jar:?]
	at net.minecraft.class_3097.method_13530(class_3097.java:53) ~[server-intermediary.jar:?]
	at com.mojang.brigadier.CommandDispatcher.execute(CommandDispatcher.java:264) ~[brigadier-1.1.8.jar:?]
	at net.minecraft.class_2158$class_2160.method_36318(class_2158.java:96) ~[server-intermediary.jar:?]
	at net.minecraft.class_2158$class_2160.method_9198(class_2158.java:90) ~[server-intermediary.jar:?]
	at net.minecraft.class_2991$class_2992.method_12914(class_2991.java:135) ~[server-intermediary.jar:?]
	at net.minecraft.class_2991$class_6345.method_36346(class_2991.java:210) ~[server-intermediary.jar:?]
	at net.minecraft.class_2991.method_36341(class_2991.java:85) ~[server-intermediary.jar:?]
	at net.minecraft.class_2991.method_12904(class_2991.java:69) ~[server-intermediary.jar:?]
	at net.minecraft.class_3062.method_13381(class_3062.java:46) ~[server-intermediary.jar:?]
	at net.minecraft.class_3062.method_13383(class_3062.java:35) ~[server-intermediary.jar:?]
	at com.mojang.brigadier.CommandDispatcher.execute(CommandDispatcher.java:264) ~[brigadier-1.1.8.jar:?]
	at net.minecraft.class_2170.redirect$zia000$architectury$performCommand(class_2170.java:1045) ~[server-intermediary.jar:?]
	at net.minecraft.class_2170.method_9249(class_2170.java:287) ~[server-intermediary.jar:?]
	at net.minecraft.class_2170.method_44252(class_2170.java:280) ~[server-intermediary.jar:?]
	at dev.ftb.mods.ftbquests.quest.reward.CommandReward.claim(CommandReward.java:104) ~[ftb-quests-fabric-2001.4.5.jar:?]
	at dev.ftb.mods.ftbquests.quest.TeamData.claimReward(TeamData.java:538) ~[ftb-quests-fabric-2001.4.5.jar:?]
	at dev.ftb.mods.ftbquests.quest.TeamData.checkAutoCompletion(TeamData.java:568) ~[ftb-quests-fabric-2001.4.5.jar:?]
	at dev.ftb.mods.ftbquests.quest.Quest.onCompleted(Quest.java:544) ~[ftb-quests-fabric-2001.4.5.jar:?]
	at dev.ftb.mods.ftbquests.quest.ServerQuestFile.lambda$playerLoggedIn$4(ServerQuestFile.java:185) ~[ftb-quests-fabric-2001.4.5.jar:?]
	at java.util.ArrayList.forEach(ArrayList.java:1511) ~[?:?]
	at java.util.Collections$UnmodifiableCollection.forEach(Collections.java:1092) ~[?:?]
	at dev.ftb.mods.ftbquests.quest.BaseQuestFile.lambda$forAllQuests$48(BaseQuestFile.java:1402) ~[ftb-quests-fabric-2001.4.5.jar:?]
	at java.util.ArrayList.forEach(ArrayList.java:1511) ~[?:?]
	at java.util.Collections$UnmodifiableCollection.forEach(Collections.java:1092) ~[?:?]
	at dev.ftb.mods.ftbquests.quest.BaseQuestFile.lambda$forAllChapters$47(BaseQuestFile.java:1397) ~[ftb-quests-fabric-2001.4.5.jar:?]
	at java.util.ArrayList.forEach(ArrayList.java:1511) ~[?:?]
	at dev.ftb.mods.ftbquests.quest.BaseQuestFile.forAllChapterGroups(BaseQuestFile.java:1392) ~[ftb-quests-fabric-2001.4.5.jar:?]
	at dev.ftb.mods.ftbquests.quest.BaseQuestFile.forAllChapters(BaseQuestFile.java:1397) ~[ftb-quests-fabric-2001.4.5.jar:?]
	at dev.ftb.mods.ftbquests.quest.BaseQuestFile.forAllQuests(BaseQuestFile.java:1402) ~[ftb-quests-fabric-2001.4.5.jar:?]
	at dev.ftb.mods.ftbquests.quest.ServerQuestFile.lambda$playerLoggedIn$5(ServerQuestFile.java:179) ~[ftb-quests-fabric-2001.4.5.jar:?]
	at dev.ftb.mods.ftbquests.quest.ServerQuestFile.withPlayerContext(ServerQuestFile.java:159) ~[ftb-quests-fabric-2001.4.5.jar:?]
	at dev.ftb.mods.ftbquests.quest.ServerQuestFile.playerLoggedIn(ServerQuestFile.java:179) ~[ftb-quests-fabric-2001.4.5.jar:?]
	at dev.ftb.mods.ftbquests.FTBQuestsEventHandler.playerLoggedIn(FTBQuestsEventHandler.java:104) ~[ftb-quests-fabric-2001.4.5.jar:?]
	at java.lang.invoke.MethodHandle.invokeWithArguments(MethodHandle.java:732) ~[?:?]
	at dev.architectury.event.EventFactory.invokeMethod(EventFactory.java:53) ~[architectury-9.2.14-fabric.jar:?]
	at dev.architectury.event.EventFactory$4.handleInvocation(EventFactory.java:125) ~[architectury-9.2.14-fabric.jar:?]
	at com.google.common.reflect.AbstractInvocationHandler.invoke(AbstractInvocationHandler.java:87) ~[guava-31.1-jre.jar:?]
	at jdk.proxy2.$Proxy127.accept(Unknown Source) ~[?:?]
	at dev.ftb.mods.ftbteams.data.TeamManagerImpl.playerLoggedIn(TeamManagerImpl.java:319) ~[ftb-teams-fabric-2001.3.0.jar:?]
	at dev.ftb.mods.ftbteams.FTBTeams.playerLoggedIn(FTBTeams.java:77) ~[ftb-teams-fabric-2001.3.0.jar:?]
	at java.lang.invoke.MethodHandle.invokeWithArguments(MethodHandle.java:732) ~[?:?]
	at dev.architectury.event.EventFactory.invokeMethod(EventFactory.java:53) ~[architectury-9.2.14-fabric.jar:?]
	at dev.architectury.event.EventFactory$1.handleInvocation(EventFactory.java:62) ~[architectury-9.2.14-fabric.jar:?]
	at com.google.common.reflect.AbstractInvocationHandler.invoke(AbstractInvocationHandler.java:87) ~[guava-31.1-jre.jar:?]
	at jdk.proxy2.$Proxy198.join(Unknown Source) ~[?:?]
	at net.minecraft.class_3324.handler$zjc000$architectury$placeNewPlayer(class_3324.java:2520) ~[server-intermediary.jar:?]
	at net.minecraft.class_3324.method_14570(class_3324.java:307) ~[server-intermediary.jar:?]
	at net.minecraft.class_3248.method_33800(class_3248.java:131) ~[server-intermediary.jar:?]
	at net.minecraft.class_3248.md1e683e$polymer-networking$lambda$polymerNet$prePlayHandshakeHackfest$0$0(class_3248.java:549) ~[server-intermediary.jar:?]
	at eu.pb4.polymer.networking.impl.EarlyConnectionMagic.lambda$handle$0(EarlyConnectionMagic.java:32) ~[polymer-networking-0.5.15+1.20.1-dc18d44a422d3193.jar:?]
	at eu.pb4.polymer.networking.api.EarlyPlayNetworkHandler.lambda$onKeepAlive$0(EarlyPlayNetworkHandler.java:108) ~[polymer-networking-0.5.15+1.20.1-dc18d44a422d3193.jar:?]
	at net.minecraft.class_3738.run(class_3738.java:18) ~[server-intermediary.jar:?]
	at net.minecraft.class_1255.method_18859(class_1255.java:156) ~[server-intermediary.jar:?]
	at net.minecraft.class_4093.method_18859(class_4093.java:23) ~[server-intermediary.jar:?]
	at net.minecraft.server.MinecraftServer.method_24306(MinecraftServer.java:782) ~[server-intermediary.jar:?]
	at net.minecraft.server.MinecraftServer.method_18859(MinecraftServer.java:164) ~[server-intermediary.jar:?]
	at net.minecraft.class_1255.method_16075(class_1255.java:130) ~[server-intermediary.jar:?]
	at net.minecraft.server.MinecraftServer.method_20415(MinecraftServer.java:764) ~[server-intermediary.jar:?]
	at net.minecraft.server.MinecraftServer.method_16075(MinecraftServer.java:758) ~[server-intermediary.jar:?]
	at net.minecraft.class_1255.method_18857(class_1255.java:139) ~[server-intermediary.jar:?]
	at net.minecraft.server.MinecraftServer.method_16208(MinecraftServer.java:743) ~[server-intermediary.jar:?]
	at net.minecraft.server.MinecraftServer.method_29741(MinecraftServer.java:675) ~[server-intermediary.jar:?]
	at net.minecraft.server.MinecraftServer.method_29739(MinecraftServer.java:265) ~[server-intermediary.jar:?]
	at java.lang.Thread.run(Thread.java:840) ~[?:?]
[18:47:23] [Server thread/ERROR]: Parsing error loading recipe smallships:bamboo_drakkar
com.google.gson.JsonSyntaxException: Unknown item 'minecraft:bamboo_boat'
	at net.minecraft.class_1869.method_17878(class_1869.java:272) ~[server-intermediary.jar:?]
	at java.util.Optional.orElseThrow(Optional.java:403) ~[?:?]
	at net.minecraft.class_1869.method_8155(class_1869.java:272) ~[server-intermediary.jar:?]
	at net.minecraft.class_1856.method_8107(class_1856.java:160) ~[server-intermediary.jar:?]
	at net.minecraft.class_1856.method_8102(class_1856.java:143) ~[server-intermediary.jar:?]
	at net.minecraft.class_1869.method_8157(class_1869.java:252) ~[server-intermediary.jar:?]
	at net.minecraft.class_1869$class_1870.method_8164(class_1869.java:285) ~[server-intermediary.jar:?]
	at net.minecraft.class_1869$class_1870.method_8121(class_1869.java:279) ~[server-intermediary.jar:?]
	at net.minecraft.class_1863.method_17720(class_1863.java:135) ~[server-intermediary.jar:?]
	at net.minecraft.class_1863.method_20705(class_1863.java:56) ~[server-intermediary.jar:?]
	at net.minecraft.class_1863.method_18788(class_1863.java:35) ~[server-intermediary.jar:?]
	at net.minecraft.class_4080.method_18790(class_4080.java:13) ~[server-intermediary.jar:?]
	at java.util.concurrent.CompletableFuture$UniAccept.tryFire(CompletableFuture.java:718) ~[?:?]
	at java.util.concurrent.CompletableFuture$Completion.run(CompletableFuture.java:482) ~[?:?]
	at net.minecraft.class_4014.method_18365(class_4014.java:69) ~[server-intermediary.jar:?]
	at net.minecraft.class_3738.run(class_3738.java:18) ~[server-intermediary.jar:?]
	at net.minecraft.class_1255.method_18859(class_1255.java:156) ~[server-intermediary.jar:?]
	at net.minecraft.class_4093.method_18859(class_4093.java:23) ~[server-intermediary.jar:?]
	at net.minecraft.server.MinecraftServer.method_24306(MinecraftServer.java:782) ~[server-intermediary.jar:?]
	at net.minecraft.server.MinecraftServer.method_18859(MinecraftServer.java:164) ~[server-intermediary.jar:?]
	at net.minecraft.class_1255.method_16075(class_1255.java:130) ~[server-intermediary.jar:?]
	at net.minecraft.server.MinecraftServer.method_20415(MinecraftServer.java:764) ~[server-intermediary.jar:?]
	at net.minecraft.server.MinecraftServer.method_16075(MinecraftServer.java:758) ~[server-intermediary.jar:?]
	at net.minecraft.class_1255.method_18857(class_1255.java:139) ~[server-intermediary.jar:?]
	at net.minecraft.server.MinecraftServer.method_29439(MinecraftServer.java:1345) ~[server-intermediary.jar:?]
	at net.minecraft.class_3097.method_29480(class_3097.java:22) ~[server-intermediary.jar:?]
	at net.minecraft.class_3097.method_13530(class_3097.java:53) ~[server-intermediary.jar:?]
	at com.mojang.brigadier.CommandDispatcher.execute(CommandDispatcher.java:264) ~[brigadier-1.1.8.jar:?]
	at net.minecraft.class_2158$class_2160.method_36318(class_2158.java:96) ~[server-intermediary.jar:?]
	at net.minecraft.class_2158$class_2160.method_9198(class_2158.java:90) ~[server-intermediary.jar:?]
	at net.minecraft.class_2991$class_2992.method_12914(class_2991.java:135) ~[server-intermediary.jar:?]
	at net.minecraft.class_2991$class_6345.method_36346(class_2991.java:210) ~[server-intermediary.jar:?]
	at net.minecraft.class_2991.method_36341(class_2991.java:85) ~[server-intermediary.jar:?]
	at net.minecraft.class_2991.method_12904(class_2991.java:69) ~[server-intermediary.jar:?]
	at net.minecraft.class_3062.method_13381(class_3062.java:46) ~[server-intermediary.jar:?]
	at net.minecraft.class_3062.method_13383(class_3062.java:35) ~[server-intermediary.jar:?]
	at com.mojang.brigadier.CommandDispatcher.execute(CommandDispatcher.java:264) ~[brigadier-1.1.8.jar:?]
	at net.minecraft.class_2170.redirect$zia000$architectury$performCommand(class_2170.java:1045) ~[server-intermediary.jar:?]
	at net.minecraft.class_2170.method_9249(class_2170.java:287) ~[server-intermediary.jar:?]
	at net.minecraft.class_2170.method_44252(class_2170.java:280) ~[server-intermediary.jar:?]
	at dev.ftb.mods.ftbquests.quest.reward.CommandReward.claim(CommandReward.java:104) ~[ftb-quests-fabric-2001.4.5.jar:?]
	at dev.ftb.mods.ftbquests.quest.TeamData.claimReward(TeamData.java:538) ~[ftb-quests-fabric-2001.4.5.jar:?]
	at dev.ftb.mods.ftbquests.quest.TeamData.checkAutoCompletion(TeamData.java:568) ~[ftb-quests-fabric-2001.4.5.jar:?]
	at dev.ftb.mods.ftbquests.quest.Quest.onCompleted(Quest.java:544) ~[ftb-quests-fabric-2001.4.5.jar:?]
	at dev.ftb.mods.ftbquests.quest.ServerQuestFile.lambda$playerLoggedIn$4(ServerQuestFile.java:185) ~[ftb-quests-fabric-2001.4.5.jar:?]
	at java.util.ArrayList.forEach(ArrayList.java:1511) ~[?:?]
	at java.util.Collections$UnmodifiableCollection.forEach(Collections.java:1092) ~[?:?]
	at dev.ftb.mods.ftbquests.quest.BaseQuestFile.lambda$forAllQuests$48(BaseQuestFile.java:1402) ~[ftb-quests-fabric-2001.4.5.jar:?]
	at java.util.ArrayList.forEach(ArrayList.java:1511) ~[?:?]
	at java.util.Collections$UnmodifiableCollection.forEach(Collections.java:1092) ~[?:?]
	at dev.ftb.mods.ftbquests.quest.BaseQuestFile.lambda$forAllChapters$47(BaseQuestFile.java:1397) ~[ftb-quests-fabric-2001.4.5.jar:?]
	at java.util.ArrayList.forEach(ArrayList.java:1511) ~[?:?]
	at dev.ftb.mods.ftbquests.quest.BaseQuestFile.forAllChapterGroups(BaseQuestFile.java:1392) ~[ftb-quests-fabric-2001.4.5.jar:?]
	at dev.ftb.mods.ftbquests.quest.BaseQuestFile.forAllChapters(BaseQuestFile.java:1397) ~[ftb-quests-fabric-2001.4.5.jar:?]
	at dev.ftb.mods.ftbquests.quest.BaseQuestFile.forAllQuests(BaseQuestFile.java:1402) ~[ftb-quests-fabric-2001.4.5.jar:?]
	at dev.ftb.mods.ftbquests.quest.ServerQuestFile.lambda$playerLoggedIn$5(ServerQuestFile.java:179) ~[ftb-quests-fabric-2001.4.5.jar:?]
	at dev.ftb.mods.ftbquests.quest.ServerQuestFile.withPlayerContext(ServerQuestFile.java:159) ~[ftb-quests-fabric-2001.4.5.jar:?]
	at dev.ftb.mods.ftbquests.quest.ServerQuestFile.playerLoggedIn(ServerQuestFile.java:179) ~[ftb-quests-fabric-2001.4.5.jar:?]
	at dev.ftb.mods.ftbquests.FTBQuestsEventHandler.playerLoggedIn(FTBQuestsEventHandler.java:104) ~[ftb-quests-fabric-2001.4.5.jar:?]
	at java.lang.invoke.MethodHandle.invokeWithArguments(MethodHandle.java:732) ~[?:?]
	at dev.architectury.event.EventFactory.invokeMethod(EventFactory.java:53) ~[architectury-9.2.14-fabric.jar:?]
	at dev.architectury.event.EventFactory$4.handleInvocation(EventFactory.java:125) ~[architectury-9.2.14-fabric.jar:?]
	at com.google.common.reflect.AbstractInvocationHandler.invoke(AbstractInvocationHandler.java:87) ~[guava-31.1-jre.jar:?]
	at jdk.proxy2.$Proxy127.accept(Unknown Source) ~[?:?]
	at dev.ftb.mods.ftbteams.data.TeamManagerImpl.playerLoggedIn(TeamManagerImpl.java:319) ~[ftb-teams-fabric-2001.3.0.jar:?]
	at dev.ftb.mods.ftbteams.FTBTeams.playerLoggedIn(FTBTeams.java:77) ~[ftb-teams-fabric-2001.3.0.jar:?]
	at java.lang.invoke.MethodHandle.invokeWithArguments(MethodHandle.java:732) ~[?:?]
	at dev.architectury.event.EventFactory.invokeMethod(EventFactory.java:53) ~[architectury-9.2.14-fabric.jar:?]
	at dev.architectury.event.EventFactory$1.handleInvocation(EventFactory.java:62) ~[architectury-9.2.14-fabric.jar:?]
	at com.google.common.reflect.AbstractInvocationHandler.invoke(AbstractInvocationHandler.java:87) ~[guava-31.1-jre.jar:?]
	at jdk.proxy2.$Proxy198.join(Unknown Source) ~[?:?]
	at net.minecraft.class_3324.handler$zjc000$architectury$placeNewPlayer(class_3324.java:2520) ~[server-intermediary.jar:?]
	at net.minecraft.class_3324.method_14570(class_3324.java:307) ~[server-intermediary.jar:?]
	at net.minecraft.class_3248.method_33800(class_3248.java:131) ~[server-intermediary.jar:?]
	at net.minecraft.class_3248.md1e683e$polymer-networking$lambda$polymerNet$prePlayHandshakeHackfest$0$0(class_3248.java:549) ~[server-intermediary.jar:?]
	at eu.pb4.polymer.networking.impl.EarlyConnectionMagic.lambda$handle$0(EarlyConnectionMagic.java:32) ~[polymer-networking-0.5.15+1.20.1-dc18d44a422d3193.jar:?]
	at eu.pb4.polymer.networking.api.EarlyPlayNetworkHandler.lambda$onKeepAlive$0(EarlyPlayNetworkHandler.java:108) ~[polymer-networking-0.5.15+1.20.1-dc18d44a422d3193.jar:?]
	at net.minecraft.class_3738.run(class_3738.java:18) ~[server-intermediary.jar:?]
	at net.minecraft.class_1255.method_18859(class_1255.java:156) ~[server-intermediary.jar:?]
	at net.minecraft.class_4093.method_18859(class_4093.java:23) ~[server-intermediary.jar:?]
	at net.minecraft.server.MinecraftServer.method_24306(MinecraftServer.java:782) ~[server-intermediary.jar:?]
	at net.minecraft.server.MinecraftServer.method_18859(MinecraftServer.java:164) ~[server-intermediary.jar:?]
	at net.minecraft.class_1255.method_16075(class_1255.java:130) ~[server-intermediary.jar:?]
	at net.minecraft.server.MinecraftServer.method_20415(MinecraftServer.java:764) ~[server-intermediary.jar:?]
	at net.minecraft.server.MinecraftServer.method_16075(MinecraftServer.java:758) ~[server-intermediary.jar:?]
	at net.minecraft.class_1255.method_18857(class_1255.java:139) ~[server-intermediary.jar:?]
	at net.minecraft.server.MinecraftServer.method_16208(MinecraftServer.java:743) ~[server-intermediary.jar:?]
	at net.minecraft.server.MinecraftServer.method_29741(MinecraftServer.java:675) ~[server-intermediary.jar:?]
	at net.minecraft.server.MinecraftServer.method_29739(MinecraftServer.java:265) ~[server-intermediary.jar:?]
	at java.lang.Thread.run(Thread.java:840) ~[?:?]
[18:47:23] [Server thread/ERROR]: Parsing error loading recipe dramaticdoors:tall_promenade_cherry_oak_door
com.google.gson.JsonSyntaxException: Unknown item 'promenade:cherry_oak_door'
	at net.minecraft.class_1869.method_17878(class_1869.java:272) ~[server-intermediary.jar:?]
	at java.util.Optional.orElseThrow(Optional.java:403) ~[?:?]
	at net.minecraft.class_1869.method_8155(class_1869.java:272) ~[server-intermediary.jar:?]
	at net.minecraft.class_1856.method_8107(class_1856.java:160) ~[server-intermediary.jar:?]
	at net.minecraft.class_1856.method_8102(class_1856.java:143) ~[server-intermediary.jar:?]
	at net.minecraft.class_1869.method_8157(class_1869.java:252) ~[server-intermediary.jar:?]
	at net.minecraft.class_1869$class_1870.method_8164(class_1869.java:285) ~[server-intermediary.jar:?]
	at net.minecraft.class_1869$class_1870.method_8121(class_1869.java:279) ~[server-intermediary.jar:?]
	at net.minecraft.class_1863.method_17720(class_1863.java:135) ~[server-intermediary.jar:?]
	at net.minecraft.class_1863.method_20705(class_1863.java:56) ~[server-intermediary.jar:?]
	at net.minecraft.class_1863.method_18788(class_1863.java:35) ~[server-intermediary.jar:?]
	at net.minecraft.class_4080.method_18790(class_4080.java:13) ~[server-intermediary.jar:?]
	at java.util.concurrent.CompletableFuture$UniAccept.tryFire(CompletableFuture.java:718) ~[?:?]
	at java.util.concurrent.CompletableFuture$Completion.run(CompletableFuture.java:482) ~[?:?]
	at net.minecraft.class_4014.method_18365(class_4014.java:69) ~[server-intermediary.jar:?]
	at net.minecraft.class_3738.run(class_3738.java:18) ~[server-intermediary.jar:?]
	at net.minecraft.class_1255.method_18859(class_1255.java:156) ~[server-intermediary.jar:?]
	at net.minecraft.class_4093.method_18859(class_4093.java:23) ~[server-intermediary.jar:?]
	at net.minecraft.server.MinecraftServer.method_24306(MinecraftServer.java:782) ~[server-intermediary.jar:?]
	at net.minecraft.server.MinecraftServer.method_18859(MinecraftServer.java:164) ~[server-intermediary.jar:?]
	at net.minecraft.class_1255.method_16075(class_1255.java:130) ~[server-intermediary.jar:?]
	at net.minecraft.server.MinecraftServer.method_20415(MinecraftServer.java:764) ~[server-intermediary.jar:?]
	at net.minecraft.server.MinecraftServer.method_16075(MinecraftServer.java:758) ~[server-intermediary.jar:?]
	at net.minecraft.class_1255.method_18857(class_1255.java:139) ~[server-intermediary.jar:?]
	at net.minecraft.server.MinecraftServer.method_29439(MinecraftServer.java:1345) ~[server-intermediary.jar:?]
	at net.minecraft.class_3097.method_29480(class_3097.java:22) ~[server-intermediary.jar:?]
	at net.minecraft.class_3097.method_13530(class_3097.java:53) ~[server-intermediary.jar:?]
	at com.mojang.brigadier.CommandDispatcher.execute(CommandDispatcher.java:264) ~[brigadier-1.1.8.jar:?]
	at net.minecraft.class_2158$class_2160.method_36318(class_2158.java:96) ~[server-intermediary.jar:?]
	at net.minecraft.class_2158$class_2160.method_9198(class_2158.java:90) ~[server-intermediary.jar:?]
	at net.minecraft.class_2991$class_2992.method_12914(class_2991.java:135) ~[server-intermediary.jar:?]
	at net.minecraft.class_2991$class_6345.method_36346(class_2991.java:210) ~[server-intermediary.jar:?]
	at net.minecraft.class_2991.method_36341(class_2991.java:85) ~[server-intermediary.jar:?]
	at net.minecraft.class_2991.method_12904(class_2991.java:69) ~[server-intermediary.jar:?]
	at net.minecraft.class_3062.method_13381(class_3062.java:46) ~[server-intermediary.jar:?]
	at net.minecraft.class_3062.method_13383(class_3062.java:35) ~[server-intermediary.jar:?]
	at com.mojang.brigadier.CommandDispatcher.execute(CommandDispatcher.java:264) ~[brigadier-1.1.8.jar:?]
	at net.minecraft.class_2170.redirect$zia000$architectury$performCommand(class_2170.java:1045) ~[server-intermediary.jar:?]
	at net.minecraft.class_2170.method_9249(class_2170.java:287) ~[server-intermediary.jar:?]
	at net.minecraft.class_2170.method_44252(class_2170.java:280) ~[server-intermediary.jar:?]
	at dev.ftb.mods.ftbquests.quest.reward.CommandReward.claim(CommandReward.java:104) ~[ftb-quests-fabric-2001.4.5.jar:?]
	at dev.ftb.mods.ftbquests.quest.TeamData.claimReward(TeamData.java:538) ~[ftb-quests-fabric-2001.4.5.jar:?]
	at dev.ftb.mods.ftbquests.quest.TeamData.checkAutoCompletion(TeamData.java:568) ~[ftb-quests-fabric-2001.4.5.jar:?]
	at dev.ftb.mods.ftbquests.quest.Quest.onCompleted(Quest.java:544) ~[ftb-quests-fabric-2001.4.5.jar:?]
	at dev.ftb.mods.ftbquests.quest.ServerQuestFile.lambda$playerLoggedIn$4(ServerQuestFile.java:185) ~[ftb-quests-fabric-2001.4.5.jar:?]
	at java.util.ArrayList.forEach(ArrayList.java:1511) ~[?:?]
	at java.util.Collections$UnmodifiableCollection.forEach(Collections.java:1092) ~[?:?]
	at dev.ftb.mods.ftbquests.quest.BaseQuestFile.lambda$forAllQuests$48(BaseQuestFile.java:1402) ~[ftb-quests-fabric-2001.4.5.jar:?]
	at java.util.ArrayList.forEach(ArrayList.java:1511) ~[?:?]
	at java.util.Collections$UnmodifiableCollection.forEach(Collections.java:1092) ~[?:?]
	at dev.ftb.mods.ftbquests.quest.BaseQuestFile.lambda$forAllChapters$47(BaseQuestFile.java:1397) ~[ftb-quests-fabric-2001.4.5.jar:?]
	at java.util.ArrayList.forEach(ArrayList.java:1511) ~[?:?]
	at dev.ftb.mods.ftbquests.quest.BaseQuestFile.forAllChapterGroups(BaseQuestFile.java:1392) ~[ftb-quests-fabric-2001.4.5.jar:?]
	at dev.ftb.mods.ftbquests.quest.BaseQuestFile.forAllChapters(BaseQuestFile.java:1397) ~[ftb-quests-fabric-2001.4.5.jar:?]
	at dev.ftb.mods.ftbquests.quest.BaseQuestFile.forAllQuests(BaseQuestFile.java:1402) ~[ftb-quests-fabric-2001.4.5.jar:?]
	at dev.ftb.mods.ftbquests.quest.ServerQuestFile.lambda$playerLoggedIn$5(ServerQuestFile.java:179) ~[ftb-quests-fabric-2001.4.5.jar:?]
	at dev.ftb.mods.ftbquests.quest.ServerQuestFile.withPlayerContext(ServerQuestFile.java:159) ~[ftb-quests-fabric-2001.4.5.jar:?]
	at dev.ftb.mods.ftbquests.quest.ServerQuestFile.playerLoggedIn(ServerQuestFile.java:179) ~[ftb-quests-fabric-2001.4.5.jar:?]
	at dev.ftb.mods.ftbquests.FTBQuestsEventHandler.playerLoggedIn(FTBQuestsEventHandler.java:104) ~[ftb-quests-fabric-2001.4.5.jar:?]
	at java.lang.invoke.MethodHandle.invokeWithArguments(MethodHandle.java:732) ~[?:?]
	at dev.architectury.event.EventFactory.invokeMethod(EventFactory.java:53) ~[architectury-9.2.14-fabric.jar:?]
	at dev.architectury.event.EventFactory$4.handleInvocation(EventFactory.java:125) ~[architectury-9.2.14-fabric.jar:?]
	at com.google.common.reflect.AbstractInvocationHandler.invoke(AbstractInvocationHandler.java:87) ~[guava-31.1-jre.jar:?]
	at jdk.proxy2.$Proxy127.accept(Unknown Source) ~[?:?]
	at dev.ftb.mods.ftbteams.data.TeamManagerImpl.playerLoggedIn(TeamManagerImpl.java:319) ~[ftb-teams-fabric-2001.3.0.jar:?]
	at dev.ftb.mods.ftbteams.FTBTeams.playerLoggedIn(FTBTeams.java:77) ~[ftb-teams-fabric-2001.3.0.jar:?]
	at java.lang.invoke.MethodHandle.invokeWithArguments(MethodHandle.java:732) ~[?:?]
	at dev.architectury.event.EventFactory.invokeMethod(EventFactory.java:53) ~[architectury-9.2.14-fabric.jar:?]
	at dev.architectury.event.EventFactory$1.handleInvocation(EventFactory.java:62) ~[architectury-9.2.14-fabric.jar:?]
	at com.google.common.reflect.AbstractInvocationHandler.invoke(AbstractInvocationHandler.java:87) ~[guava-31.1-jre.jar:?]
	at jdk.proxy2.$Proxy198.join(Unknown Source) ~[?:?]
	at net.minecraft.class_3324.handler$zjc000$architectury$placeNewPlayer(class_3324.java:2520) ~[server-intermediary.jar:?]
	at net.minecraft.class_3324.method_14570(class_3324.java:307) ~[server-intermediary.jar:?]
	at net.minecraft.class_3248.method_33800(class_3248.java:131) ~[server-intermediary.jar:?]
	at net.minecraft.class_3248.md1e683e$polymer-networking$lambda$polymerNet$prePlayHandshakeHackfest$0$0(class_3248.java:549) ~[server-intermediary.jar:?]
	at eu.pb4.polymer.networking.impl.EarlyConnectionMagic.lambda$handle$0(EarlyConnectionMagic.java:32) ~[polymer-networking-0.5.15+1.20.1-dc18d44a422d3193.jar:?]
	at eu.pb4.polymer.networking.api.EarlyPlayNetworkHandler.lambda$onKeepAlive$0(EarlyPlayNetworkHandler.java:108) ~[polymer-networking-0.5.15+1.20.1-dc18d44a422d3193.jar:?]
	at net.minecraft.class_3738.run(class_3738.java:18) ~[server-intermediary.jar:?]
	at net.minecraft.class_1255.method_18859(class_1255.java:156) ~[server-intermediary.jar:?]
	at net.minecraft.class_4093.method_18859(class_4093.java:23) ~[server-intermediary.jar:?]
	at net.minecraft.server.MinecraftServer.method_24306(MinecraftServer.java:782) ~[server-intermediary.jar:?]
	at net.minecraft.server.MinecraftServer.method_18859(MinecraftServer.java:164) ~[server-intermediary.jar:?]
	at net.minecraft.class_1255.method_16075(class_1255.java:130) ~[server-intermediary.jar:?]
	at net.minecraft.server.MinecraftServer.method_20415(MinecraftServer.java:764) ~[server-intermediary.jar:?]
	at net.minecraft.server.MinecraftServer.method_16075(MinecraftServer.java:758) ~[server-intermediary.jar:?]
	at net.minecraft.class_1255.method_18857(class_1255.java:139) ~[server-intermediary.jar:?]
	at net.minecraft.server.MinecraftServer.method_16208(MinecraftServer.java:743) ~[server-intermediary.jar:?]
	at net.minecraft.server.MinecraftServer.method_29741(MinecraftServer.java:675) ~[server-intermediary.jar:?]
	at net.minecraft.server.MinecraftServer.method_29739(MinecraftServer.java:265) ~[server-intermediary.jar:?]
	at java.lang.Thread.run(Thread.java:840) ~[?:?]
[18:47:23] [Server thread/ERROR]: Parsing error loading recipe knavesneeds:betternether/cincinnasite_diamond/spear
com.google.gson.JsonSyntaxException: Unknown item 'betterend:cincinnasite_diamond_upgrade_smithing_template'
	at net.minecraft.class_1869.method_17878(class_1869.java:272) ~[server-intermediary.jar:?]
	at java.util.Optional.orElseThrow(Optional.java:403) ~[?:?]
	at net.minecraft.class_1869.method_8155(class_1869.java:272) ~[server-intermediary.jar:?]
	at net.minecraft.class_1856.method_8107(class_1856.java:160) ~[server-intermediary.jar:?]
	at net.minecraft.class_1856.method_8102(class_1856.java:143) ~[server-intermediary.jar:?]
	at net.minecraft.class_1856.method_52177(class_1856.java:135) ~[server-intermediary.jar:?]
	at net.minecraft.class_8060$class_8061.method_48455(class_8060.java:87) ~[server-intermediary.jar:?]
	at net.minecraft.class_8060$class_8061.method_8121(class_8060.java:84) ~[server-intermediary.jar:?]
	at net.minecraft.class_1863.method_17720(class_1863.java:135) ~[server-intermediary.jar:?]
	at net.minecraft.class_1863.method_20705(class_1863.java:56) ~[server-intermediary.jar:?]
	at net.minecraft.class_1863.method_18788(class_1863.java:35) ~[server-intermediary.jar:?]
	at net.minecraft.class_4080.method_18790(class_4080.java:13) ~[server-intermediary.jar:?]
	at java.util.concurrent.CompletableFuture$UniAccept.tryFire(CompletableFuture.java:718) ~[?:?]
	at java.util.concurrent.CompletableFuture$Completion.run(CompletableFuture.java:482) ~[?:?]
	at net.minecraft.class_4014.method_18365(class_4014.java:69) ~[server-intermediary.jar:?]
	at net.minecraft.class_3738.run(class_3738.java:18) ~[server-intermediary.jar:?]
	at net.minecraft.class_1255.method_18859(class_1255.java:156) ~[server-intermediary.jar:?]
	at net.minecraft.class_4093.method_18859(class_4093.java:23) ~[server-intermediary.jar:?]
	at net.minecraft.server.MinecraftServer.method_24306(MinecraftServer.java:782) ~[server-intermediary.jar:?]
	at net.minecraft.server.MinecraftServer.method_18859(MinecraftServer.java:164) ~[server-intermediary.jar:?]
	at net.minecraft.class_1255.method_16075(class_1255.java:130) ~[server-intermediary.jar:?]
	at net.minecraft.server.MinecraftServer.method_20415(MinecraftServer.java:764) ~[server-intermediary.jar:?]
	at net.minecraft.server.MinecraftServer.method_16075(MinecraftServer.java:758) ~[server-intermediary.jar:?]
	at net.minecraft.class_1255.method_18857(class_1255.java:139) ~[server-intermediary.jar:?]
	at net.minecraft.server.MinecraftServer.method_29439(MinecraftServer.java:1345) ~[server-intermediary.jar:?]
	at net.minecraft.class_3097.method_29480(class_3097.java:22) ~[server-intermediary.jar:?]
	at net.minecraft.class_3097.method_13530(class_3097.java:53) ~[server-intermediary.jar:?]
	at com.mojang.brigadier.CommandDispatcher.execute(CommandDispatcher.java:264) ~[brigadier-1.1.8.jar:?]
	at net.minecraft.class_2158$class_2160.method_36318(class_2158.java:96) ~[server-intermediary.jar:?]
	at net.minecraft.class_2158$class_2160.method_9198(class_2158.java:90) ~[server-intermediary.jar:?]
	at net.minecraft.class_2991$class_2992.method_12914(class_2991.java:135) ~[server-intermediary.jar:?]
	at net.minecraft.class_2991$class_6345.method_36346(class_2991.java:210) ~[server-intermediary.jar:?]
	at net.minecraft.class_2991.method_36341(class_2991.java:85) ~[server-intermediary.jar:?]
	at net.minecraft.class_2991.method_12904(class_2991.java:69) ~[server-intermediary.jar:?]
	at net.minecraft.class_3062.method_13381(class_3062.java:46) ~[server-intermediary.jar:?]
	at net.minecraft.class_3062.method_13383(class_3062.java:35) ~[server-intermediary.jar:?]
	at com.mojang.brigadier.CommandDispatcher.execute(CommandDispatcher.java:264) ~[brigadier-1.1.8.jar:?]
	at net.minecraft.class_2170.redirect$zia000$architectury$performCommand(class_2170.java:1045) ~[server-intermediary.jar:?]
	at net.minecraft.class_2170.method_9249(class_2170.java:287) ~[server-intermediary.jar:?]
	at net.minecraft.class_2170.method_44252(class_2170.java:280) ~[server-intermediary.jar:?]
	at dev.ftb.mods.ftbquests.quest.reward.CommandReward.claim(CommandReward.java:104) ~[ftb-quests-fabric-2001.4.5.jar:?]
	at dev.ftb.mods.ftbquests.quest.TeamData.claimReward(TeamData.java:538) ~[ftb-quests-fabric-2001.4.5.jar:?]
	at dev.ftb.mods.ftbquests.quest.TeamData.checkAutoCompletion(TeamData.java:568) ~[ftb-quests-fabric-2001.4.5.jar:?]
	at dev.ftb.mods.ftbquests.quest.Quest.onCompleted(Quest.java:544) ~[ftb-quests-fabric-2001.4.5.jar:?]
	at dev.ftb.mods.ftbquests.quest.ServerQuestFile.lambda$playerLoggedIn$4(ServerQuestFile.java:185) ~[ftb-quests-fabric-2001.4.5.jar:?]
	at java.util.ArrayList.forEach(ArrayList.java:1511) ~[?:?]
	at java.util.Collections$UnmodifiableCollection.forEach(Collections.java:1092) ~[?:?]
	at dev.ftb.mods.ftbquests.quest.BaseQuestFile.lambda$forAllQuests$48(BaseQuestFile.java:1402) ~[ftb-quests-fabric-2001.4.5.jar:?]
	at java.util.ArrayList.forEach(ArrayList.java:1511) ~[?:?]
	at java.util.Collections$UnmodifiableCollection.forEach(Collections.java:1092) ~[?:?]
	at dev.ftb.mods.ftbquests.quest.BaseQuestFile.lambda$forAllChapters$47(BaseQuestFile.java:1397) ~[ftb-quests-fabric-2001.4.5.jar:?]
	at java.util.ArrayList.forEach(ArrayList.java:1511) ~[?:?]
	at dev.ftb.mods.ftbquests.quest.BaseQuestFile.forAllChapterGroups(BaseQuestFile.java:1392) ~[ftb-quests-fabric-2001.4.5.jar:?]
	at dev.ftb.mods.ftbquests.quest.BaseQuestFile.forAllChapters(BaseQuestFile.java:1397) ~[ftb-quests-fabric-2001.4.5.jar:?]
	at dev.ftb.mods.ftbquests.quest.BaseQuestFile.forAllQuests(BaseQuestFile.java:1402) ~[ftb-quests-fabric-2001.4.5.jar:?]
	at dev.ftb.mods.ftbquests.quest.ServerQuestFile.lambda$playerLoggedIn$5(ServerQuestFile.java:179) ~[ftb-quests-fabric-2001.4.5.jar:?]
	at dev.ftb.mods.ftbquests.quest.ServerQuestFile.withPlayerContext(ServerQuestFile.java:159) ~[ftb-quests-fabric-2001.4.5.jar:?]
	at dev.ftb.mods.ftbquests.quest.ServerQuestFile.playerLoggedIn(ServerQuestFile.java:179) ~[ftb-quests-fabric-2001.4.5.jar:?]
	at dev.ftb.mods.ftbquests.FTBQuestsEventHandler.playerLoggedIn(FTBQuestsEventHandler.java:104) ~[ftb-quests-fabric-2001.4.5.jar:?]
	at java.lang.invoke.MethodHandle.invokeWithArguments(MethodHandle.java:732) ~[?:?]
	at dev.architectury.event.EventFactory.invokeMethod(EventFactory.java:53) ~[architectury-9.2.14-fabric.jar:?]
	at dev.architectury.event.EventFactory$4.handleInvocation(EventFactory.java:125) ~[architectury-9.2.14-fabric.jar:?]
	at com.google.common.reflect.AbstractInvocationHandler.invoke(AbstractInvocationHandler.java:87) ~[guava-31.1-jre.jar:?]
	at jdk.proxy2.$Proxy127.accept(Unknown Source) ~[?:?]
	at dev.ftb.mods.ftbteams.data.TeamManagerImpl.playerLoggedIn(TeamManagerImpl.java:319) ~[ftb-teams-fabric-2001.3.0.jar:?]
	at dev.ftb.mods.ftbteams.FTBTeams.playerLoggedIn(FTBTeams.java:77) ~[ftb-teams-fabric-2001.3.0.jar:?]
	at java.lang.invoke.MethodHandle.invokeWithArguments(MethodHandle.java:732) ~[?:?]
	at dev.architectury.event.EventFactory.invokeMethod(EventFactory.java:53) ~[architectury-9.2.14-fabric.jar:?]
	at dev.architectury.event.EventFactory$1.handleInvocation(EventFactory.java:62) ~[architectury-9.2.14-fabric.jar:?]
	at com.google.common.reflect.AbstractInvocationHandler.invoke(AbstractInvocationHandler.java:87) ~[guava-31.1-jre.jar:?]
	at jdk.proxy2.$Proxy198.join(Unknown Source) ~[?:?]
	at net.minecraft.class_3324.handler$zjc000$architectury$placeNewPlayer(class_3324.java:2520) ~[server-intermediary.jar:?]
	at net.minecraft.class_3324.method_14570(class_3324.java:307) ~[server-intermediary.jar:?]
	at net.minecraft.class_3248.method_33800(class_3248.java:131) ~[server-intermediary.jar:?]
	at net.minecraft.class_3248.md1e683e$polymer-networking$lambda$polymerNet$prePlayHandshakeHackfest$0$0(class_3248.java:549) ~[server-intermediary.jar:?]
	at eu.pb4.polymer.networking.impl.EarlyConnectionMagic.lambda$handle$0(EarlyConnectionMagic.java:32) ~[polymer-networking-0.5.15+1.20.1-dc18d44a422d3193.jar:?]
	at eu.pb4.polymer.networking.api.EarlyPlayNetworkHandler.lambda$onKeepAlive$0(EarlyPlayNetworkHandler.java:108) ~[polymer-networking-0.5.15+1.20.1-dc18d44a422d3193.jar:?]
	at net.minecraft.class_3738.run(class_3738.java:18) ~[server-intermediary.jar:?]
	at net.minecraft.class_1255.method_18859(class_1255.java:156) ~[server-intermediary.jar:?]
	at net.minecraft.class_4093.method_18859(class_4093.java:23) ~[server-intermediary.jar:?]
	at net.minecraft.server.MinecraftServer.method_24306(MinecraftServer.java:782) ~[server-intermediary.jar:?]
	at net.minecraft.server.MinecraftServer.method_18859(MinecraftServer.java:164) ~[server-intermediary.jar:?]
	at net.minecraft.class_1255.method_16075(class_1255.java:130) ~[server-intermediary.jar:?]
	at net.minecraft.server.MinecraftServer.method_20415(MinecraftServer.java:764) ~[server-intermediary.jar:?]
	at net.minecraft.server.MinecraftServer.method_16075(MinecraftServer.java:758) ~[server-intermediary.jar:?]
	at net.minecraft.class_1255.method_18857(class_1255.java:139) ~[server-intermediary.jar:?]
	at net.minecraft.server.MinecraftServer.method_16208(MinecraftServer.java:743) ~[server-intermediary.jar:?]
	at net.minecraft.server.MinecraftServer.method_29741(MinecraftServer.java:675) ~[server-intermediary.jar:?]
	at net.minecraft.server.MinecraftServer.method_29739(MinecraftServer.java:265) ~[server-intermediary.jar:?]
	at java.lang.Thread.run(Thread.java:840) ~[?:?]
[18:47:23] [Server thread/ERROR]: Parsing error loading recipe knavesneeds:betternether/cincinnasite_diamond/longsword
com.google.gson.JsonSyntaxException: Unknown item 'betterend:cincinnasite_diamond_upgrade_smithing_template'
	at net.minecraft.class_1869.method_17878(class_1869.java:272) ~[server-intermediary.jar:?]
	at java.util.Optional.orElseThrow(Optional.java:403) ~[?:?]
	at net.minecraft.class_1869.method_8155(class_1869.java:272) ~[server-intermediary.jar:?]
	at net.minecraft.class_1856.method_8107(class_1856.java:160) ~[server-intermediary.jar:?]
	at net.minecraft.class_1856.method_8102(class_1856.java:143) ~[server-intermediary.jar:?]
	at net.minecraft.class_1856.method_52177(class_1856.java:135) ~[server-intermediary.jar:?]
	at net.minecraft.class_8060$class_8061.method_48455(class_8060.java:87) ~[server-intermediary.jar:?]
	at net.minecraft.class_8060$class_8061.method_8121(class_8060.java:84) ~[server-intermediary.jar:?]
	at net.minecraft.class_1863.method_17720(class_1863.java:135) ~[server-intermediary.jar:?]
	at net.minecraft.class_1863.method_20705(class_1863.java:56) ~[server-intermediary.jar:?]
	at net.minecraft.class_1863.method_18788(class_1863.java:35) ~[server-intermediary.jar:?]
	at net.minecraft.class_4080.method_18790(class_4080.java:13) ~[server-intermediary.jar:?]
	at java.util.concurrent.CompletableFuture$UniAccept.tryFire(CompletableFuture.java:718) ~[?:?]
	at java.util.concurrent.CompletableFuture$Completion.run(CompletableFuture.java:482) ~[?:?]
	at net.minecraft.class_4014.method_18365(class_4014.java:69) ~[server-intermediary.jar:?]
	at net.minecraft.class_3738.run(class_3738.java:18) ~[server-intermediary.jar:?]
	at net.minecraft.class_1255.method_18859(class_1255.java:156) ~[server-intermediary.jar:?]
	at net.minecraft.class_4093.method_18859(class_4093.java:23) ~[server-intermediary.jar:?]
	at net.minecraft.server.MinecraftServer.method_24306(MinecraftServer.java:782) ~[server-intermediary.jar:?]
	at net.minecraft.server.MinecraftServer.method_18859(MinecraftServer.java:164) ~[server-intermediary.jar:?]
	at net.minecraft.class_1255.method_16075(class_1255.java:130) ~[server-intermediary.jar:?]
	at net.minecraft.server.MinecraftServer.method_20415(MinecraftServer.java:764) ~[server-intermediary.jar:?]
	at net.minecraft.server.MinecraftServer.method_16075(MinecraftServer.java:758) ~[server-intermediary.jar:?]
	at net.minecraft.class_1255.method_18857(class_1255.java:139) ~[server-intermediary.jar:?]
	at net.minecraft.server.MinecraftServer.method_29439(MinecraftServer.java:1345) ~[server-intermediary.jar:?]
	at net.minecraft.class_3097.method_29480(class_3097.java:22) ~[server-intermediary.jar:?]
	at net.minecraft.class_3097.method_13530(class_3097.java:53) ~[server-intermediary.jar:?]
	at com.mojang.brigadier.CommandDispatcher.execute(CommandDispatcher.java:264) ~[brigadier-1.1.8.jar:?]
	at net.minecraft.class_2158$class_2160.method_36318(class_2158.java:96) ~[server-intermediary.jar:?]
	at net.minecraft.class_2158$class_2160.method_9198(class_2158.java:90) ~[server-intermediary.jar:?]
	at net.minecraft.class_2991$class_2992.method_12914(class_2991.java:135) ~[server-intermediary.jar:?]
	at net.minecraft.class_2991$class_6345.method_36346(class_2991.java:210) ~[server-intermediary.jar:?]
	at net.minecraft.class_2991.method_36341(class_2991.java:85) ~[server-intermediary.jar:?]
	at net.minecraft.class_2991.method_12904(class_2991.java:69) ~[server-intermediary.jar:?]
	at net.minecraft.class_3062.method_13381(class_3062.java:46) ~[server-intermediary.jar:?]
	at net.minecraft.class_3062.method_13383(class_3062.java:35) ~[server-intermediary.jar:?]
	at com.mojang.brigadier.CommandDispatcher.execute(CommandDispatcher.java:264) ~[brigadier-1.1.8.jar:?]
	at net.minecraft.class_2170.redirect$zia000$architectury$performCommand(class_2170.java:1045) ~[server-intermediary.jar:?]
	at net.minecraft.class_2170.method_9249(class_2170.java:287) ~[server-intermediary.jar:?]
	at net.minecraft.class_2170.method_44252(class_2170.java:280) ~[server-intermediary.jar:?]
	at dev.ftb.mods.ftbquests.quest.reward.CommandReward.claim(CommandReward.java:104) ~[ftb-quests-fabric-2001.4.5.jar:?]
	at dev.ftb.mods.ftbquests.quest.TeamData.claimReward(TeamData.java:538) ~[ftb-quests-fabric-2001.4.5.jar:?]
	at dev.ftb.mods.ftbquests.quest.TeamData.checkAutoCompletion(TeamData.java:568) ~[ftb-quests-fabric-2001.4.5.jar:?]
	at dev.ftb.mods.ftbquests.quest.Quest.onCompleted(Quest.java:544) ~[ftb-quests-fabric-2001.4.5.jar:?]
	at dev.ftb.mods.ftbquests.quest.ServerQuestFile.lambda$playerLoggedIn$4(ServerQuestFile.java:185) ~[ftb-quests-fabric-2001.4.5.jar:?]
	at java.util.ArrayList.forEach(ArrayList.java:1511) ~[?:?]
	at java.util.Collections$UnmodifiableCollection.forEach(Collections.java:1092) ~[?:?]
	at dev.ftb.mods.ftbquests.quest.BaseQuestFile.lambda$forAllQuests$48(BaseQuestFile.java:1402) ~[ftb-quests-fabric-2001.4.5.jar:?]
	at java.util.ArrayList.forEach(ArrayList.java:1511) ~[?:?]
	at java.util.Collections$UnmodifiableCollection.forEach(Collections.java:1092) ~[?:?]
	at dev.ftb.mods.ftbquests.quest.BaseQuestFile.lambda$forAllChapters$47(BaseQuestFile.java:1397) ~[ftb-quests-fabric-2001.4.5.jar:?]
	at java.util.ArrayList.forEach(ArrayList.java:1511) ~[?:?]
	at dev.ftb.mods.ftbquests.quest.BaseQuestFile.forAllChapterGroups(BaseQuestFile.java:1392) ~[ftb-quests-fabric-2001.4.5.jar:?]
	at dev.ftb.mods.ftbquests.quest.BaseQuestFile.forAllChapters(BaseQuestFile.java:1397) ~[ftb-quests-fabric-2001.4.5.jar:?]
	at dev.ftb.mods.ftbquests.quest.BaseQuestFile.forAllQuests(BaseQuestFile.java:1402) ~[ftb-quests-fabric-2001.4.5.jar:?]
	at dev.ftb.mods.ftbquests.quest.ServerQuestFile.lambda$playerLoggedIn$5(ServerQuestFile.java:179) ~[ftb-quests-fabric-2001.4.5.jar:?]
	at dev.ftb.mods.ftbquests.quest.ServerQuestFile.withPlayerContext(ServerQuestFile.java:159) ~[ftb-quests-fabric-2001.4.5.jar:?]
	at dev.ftb.mods.ftbquests.quest.ServerQuestFile.playerLoggedIn(ServerQuestFile.java:179) ~[ftb-quests-fabric-2001.4.5.jar:?]
	at dev.ftb.mods.ftbquests.FTBQuestsEventHandler.playerLoggedIn(FTBQuestsEventHandler.java:104) ~[ftb-quests-fabric-2001.4.5.jar:?]
	at java.lang.invoke.MethodHandle.invokeWithArguments(MethodHandle.java:732) ~[?:?]
	at dev.architectury.event.EventFactory.invokeMethod(EventFactory.java:53) ~[architectury-9.2.14-fabric.jar:?]
	at dev.architectury.event.EventFactory$4.handleInvocation(EventFactory.java:125) ~[architectury-9.2.14-fabric.jar:?]
	at com.google.common.reflect.AbstractInvocationHandler.invoke(AbstractInvocationHandler.java:87) ~[guava-31.1-jre.jar:?]
	at jdk.proxy2.$Proxy127.accept(Unknown Source) ~[?:?]
	at dev.ftb.mods.ftbteams.data.TeamManagerImpl.playerLoggedIn(TeamManagerImpl.java:319) ~[ftb-teams-fabric-2001.3.0.jar:?]
	at dev.ftb.mods.ftbteams.FTBTeams.playerLoggedIn(FTBTeams.java:77) ~[ftb-teams-fabric-2001.3.0.jar:?]
	at java.lang.invoke.MethodHandle.invokeWithArguments(MethodHandle.java:732) ~[?:?]
	at dev.architectury.event.EventFactory.invokeMethod(EventFactory.java:53) ~[architectury-9.2.14-fabric.jar:?]
	at dev.architectury.event.EventFactory$1.handleInvocation(EventFactory.java:62) ~[architectury-9.2.14-fabric.jar:?]
	at com.google.common.reflect.AbstractInvocationHandler.invoke(AbstractInvocationHandler.java:87) ~[guava-31.1-jre.jar:?]
	at jdk.proxy2.$Proxy198.join(Unknown Source) ~[?:?]
	at net.minecraft.class_3324.handler$zjc000$architectury$placeNewPlayer(class_3324.java:2520) ~[server-intermediary.jar:?]
	at net.minecraft.class_3324.method_14570(class_3324.java:307) ~[server-intermediary.jar:?]
	at net.minecraft.class_3248.method_33800(class_3248.java:131) ~[server-intermediary.jar:?]
	at net.minecraft.class_3248.md1e683e$polymer-networking$lambda$polymerNet$prePlayHandshakeHackfest$0$0(class_3248.java:549) ~[server-intermediary.jar:?]
	at eu.pb4.polymer.networking.impl.EarlyConnectionMagic.lambda$handle$0(EarlyConnectionMagic.java:32) ~[polymer-networking-0.5.15+1.20.1-dc18d44a422d3193.jar:?]
	at eu.pb4.polymer.networking.api.EarlyPlayNetworkHandler.lambda$onKeepAlive$0(EarlyPlayNetworkHandler.java:108) ~[polymer-networking-0.5.15+1.20.1-dc18d44a422d3193.jar:?]
	at net.minecraft.class_3738.run(class_3738.java:18) ~[server-intermediary.jar:?]
	at net.minecraft.class_1255.method_18859(class_1255.java:156) ~[server-intermediary.jar:?]
	at net.minecraft.class_4093.method_18859(class_4093.java:23) ~[server-intermediary.jar:?]
	at net.minecraft.server.MinecraftServer.method_24306(MinecraftServer.java:782) ~[server-intermediary.jar:?]
	at net.minecraft.server.MinecraftServer.method_18859(MinecraftServer.java:164) ~[server-intermediary.jar:?]
	at net.minecraft.class_1255.method_16075(class_1255.java:130) ~[server-intermediary.jar:?]
	at net.minecraft.server.MinecraftServer.method_20415(MinecraftServer.java:764) ~[server-intermediary.jar:?]
	at net.minecraft.server.MinecraftServer.method_16075(MinecraftServer.java:758) ~[server-intermediary.jar:?]
	at net.minecraft.class_1255.method_18857(class_1255.java:139) ~[server-intermediary.jar:?]
	at net.minecraft.server.MinecraftServer.method_16208(MinecraftServer.java:743) ~[server-intermediary.jar:?]
	at net.minecraft.server.MinecraftServer.method_29741(MinecraftServer.java:675) ~[server-intermediary.jar:?]
	at net.minecraft.server.MinecraftServer.method_29739(MinecraftServer.java:265) ~[server-intermediary.jar:?]
	at java.lang.Thread.run(Thread.java:840) ~[?:?]
[18:47:23] [Server thread/ERROR]: Parsing error loading recipe knavesneeds:betternether/cincinnasite_diamond/warglaive
com.google.gson.JsonSyntaxException: Unknown item 'betterend:cincinnasite_diamond_upgrade_smithing_template'
	at net.minecraft.class_1869.method_17878(class_1869.java:272) ~[server-intermediary.jar:?]
	at java.util.Optional.orElseThrow(Optional.java:403) ~[?:?]
	at net.minecraft.class_1869.method_8155(class_1869.java:272) ~[server-intermediary.jar:?]
	at net.minecraft.class_1856.method_8107(class_1856.java:160) ~[server-intermediary.jar:?]
	at net.minecraft.class_1856.method_8102(class_1856.java:143) ~[server-intermediary.jar:?]
	at net.minecraft.class_1856.method_52177(class_1856.java:135) ~[server-intermediary.jar:?]
	at net.minecraft.class_8060$class_8061.method_48455(class_8060.java:87) ~[server-intermediary.jar:?]
	at net.minecraft.class_8060$class_8061.method_8121(class_8060.java:84) ~[server-intermediary.jar:?]
	at net.minecraft.class_1863.method_17720(class_1863.java:135) ~[server-intermediary.jar:?]
	at net.minecraft.class_1863.method_20705(class_1863.java:56) ~[server-intermediary.jar:?]
	at net.minecraft.class_1863.method_18788(class_1863.java:35) ~[server-intermediary.jar:?]
	at net.minecraft.class_4080.method_18790(class_4080.java:13) ~[server-intermediary.jar:?]
	at java.util.concurrent.CompletableFuture$UniAccept.tryFire(CompletableFuture.java:718) ~[?:?]
	at java.util.concurrent.CompletableFuture$Completion.run(CompletableFuture.java:482) ~[?:?]
	at net.minecraft.class_4014.method_18365(class_4014.java:69) ~[server-intermediary.jar:?]
	at net.minecraft.class_3738.run(class_3738.java:18) ~[server-intermediary.jar:?]
	at net.minecraft.class_1255.method_18859(class_1255.java:156) ~[server-intermediary.jar:?]
	at net.minecraft.class_4093.method_18859(class_4093.java:23) ~[server-intermediary.jar:?]
	at net.minecraft.server.MinecraftServer.method_24306(MinecraftServer.java:782) ~[server-intermediary.jar:?]
	at net.minecraft.server.MinecraftServer.method_18859(MinecraftServer.java:164) ~[server-intermediary.jar:?]
	at net.minecraft.class_1255.method_16075(class_1255.java:130) ~[server-intermediary.jar:?]
	at net.minecraft.server.MinecraftServer.method_20415(MinecraftServer.java:764) ~[server-intermediary.jar:?]
	at net.minecraft.server.MinecraftServer.method_16075(MinecraftServer.java:758) ~[server-intermediary.jar:?]
	at net.minecraft.class_1255.method_18857(class_1255.java:139) ~[server-intermediary.jar:?]
	at net.minecraft.server.MinecraftServer.method_29439(MinecraftServer.java:1345) ~[server-intermediary.jar:?]
	at net.minecraft.class_3097.method_29480(class_3097.java:22) ~[server-intermediary.jar:?]
	at net.minecraft.class_3097.method_13530(class_3097.java:53) ~[server-intermediary.jar:?]
	at com.mojang.brigadier.CommandDispatcher.execute(CommandDispatcher.java:264) ~[brigadier-1.1.8.jar:?]
	at net.minecraft.class_2158$class_2160.method_36318(class_2158.java:96) ~[server-intermediary.jar:?]
	at net.minecraft.class_2158$class_2160.method_9198(class_2158.java:90) ~[server-intermediary.jar:?]
	at net.minecraft.class_2991$class_2992.method_12914(class_2991.java:135) ~[server-intermediary.jar:?]
	at net.minecraft.class_2991$class_6345.method_36346(class_2991.java:210) ~[server-intermediary.jar:?]
	at net.minecraft.class_2991.method_36341(class_2991.java:85) ~[server-intermediary.jar:?]
	at net.minecraft.class_2991.method_12904(class_2991.java:69) ~[server-intermediary.jar:?]
	at net.minecraft.class_3062.method_13381(class_3062.java:46) ~[server-intermediary.jar:?]
	at net.minecraft.class_3062.method_13383(class_3062.java:35) ~[server-intermediary.jar:?]
	at com.mojang.brigadier.CommandDispatcher.execute(CommandDispatcher.java:264) ~[brigadier-1.1.8.jar:?]
	at net.minecraft.class_2170.redirect$zia000$architectury$performCommand(class_2170.java:1045) ~[server-intermediary.jar:?]
	at net.minecraft.class_2170.method_9249(class_2170.java:287) ~[server-intermediary.jar:?]
	at net.minecraft.class_2170.method_44252(class_2170.java:280) ~[server-intermediary.jar:?]
	at dev.ftb.mods.ftbquests.quest.reward.CommandReward.claim(CommandReward.java:104) ~[ftb-quests-fabric-2001.4.5.jar:?]
	at dev.ftb.mods.ftbquests.quest.TeamData.claimReward(TeamData.java:538) ~[ftb-quests-fabric-2001.4.5.jar:?]
	at dev.ftb.mods.ftbquests.quest.TeamData.checkAutoCompletion(TeamData.java:568) ~[ftb-quests-fabric-2001.4.5.jar:?]
	at dev.ftb.mods.ftbquests.quest.Quest.onCompleted(Quest.java:544) ~[ftb-quests-fabric-2001.4.5.jar:?]
	at dev.ftb.mods.ftbquests.quest.ServerQuestFile.lambda$playerLoggedIn$4(ServerQuestFile.java:185) ~[ftb-quests-fabric-2001.4.5.jar:?]
	at java.util.ArrayList.forEach(ArrayList.java:1511) ~[?:?]
	at java.util.Collections$UnmodifiableCollection.forEach(Collections.java:1092) ~[?:?]
	at dev.ftb.mods.ftbquests.quest.BaseQuestFile.lambda$forAllQuests$48(BaseQuestFile.java:1402) ~[ftb-quests-fabric-2001.4.5.jar:?]
	at java.util.ArrayList.forEach(ArrayList.java:1511) ~[?:?]
	at java.util.Collections$UnmodifiableCollection.forEach(Collections.java:1092) ~[?:?]
	at dev.ftb.mods.ftbquests.quest.BaseQuestFile.lambda$forAllChapters$47(BaseQuestFile.java:1397) ~[ftb-quests-fabric-2001.4.5.jar:?]
	at java.util.ArrayList.forEach(ArrayList.java:1511) ~[?:?]
	at dev.ftb.mods.ftbquests.quest.BaseQuestFile.forAllChapterGroups(BaseQuestFile.java:1392) ~[ftb-quests-fabric-2001.4.5.jar:?]
	at dev.ftb.mods.ftbquests.quest.BaseQuestFile.forAllChapters(BaseQuestFile.java:1397) ~[ftb-quests-fabric-2001.4.5.jar:?]
	at dev.ftb.mods.ftbquests.quest.BaseQuestFile.forAllQuests(BaseQuestFile.java:1402) ~[ftb-quests-fabric-2001.4.5.jar:?]
	at dev.ftb.mods.ftbquests.quest.ServerQuestFile.lambda$playerLoggedIn$5(ServerQuestFile.java:179) ~[ftb-quests-fabric-2001.4.5.jar:?]
	at dev.ftb.mods.ftbquests.quest.ServerQuestFile.withPlayerContext(ServerQuestFile.java:159) ~[ftb-quests-fabric-2001.4.5.jar:?]
	at dev.ftb.mods.ftbquests.quest.ServerQuestFile.playerLoggedIn(ServerQuestFile.java:179) ~[ftb-quests-fabric-2001.4.5.jar:?]
	at dev.ftb.mods.ftbquests.FTBQuestsEventHandler.playerLoggedIn(FTBQuestsEventHandler.java:104) ~[ftb-quests-fabric-2001.4.5.jar:?]
	at java.lang.invoke.MethodHandle.invokeWithArguments(MethodHandle.java:732) ~[?:?]
	at dev.architectury.event.EventFactory.invokeMethod(EventFactory.java:53) ~[architectury-9.2.14-fabric.jar:?]
	at dev.architectury.event.EventFactory$4.handleInvocation(EventFactory.java:125) ~[architectury-9.2.14-fabric.jar:?]
	at com.google.common.reflect.AbstractInvocationHandler.invoke(AbstractInvocationHandler.java:87) ~[guava-31.1-jre.jar:?]
	at jdk.proxy2.$Proxy127.accept(Unknown Source) ~[?:?]
	at dev.ftb.mods.ftbteams.data.TeamManagerImpl.playerLoggedIn(TeamManagerImpl.java:319) ~[ftb-teams-fabric-2001.3.0.jar:?]
	at dev.ftb.mods.ftbteams.FTBTeams.playerLoggedIn(FTBTeams.java:77) ~[ftb-teams-fabric-2001.3.0.jar:?]
	at java.lang.invoke.MethodHandle.invokeWithArguments(MethodHandle.java:732) ~[?:?]
	at dev.architectury.event.EventFactory.invokeMethod(EventFactory.java:53) ~[architectury-9.2.14-fabric.jar:?]
	at dev.architectury.event.EventFactory$1.handleInvocation(EventFactory.java:62) ~[architectury-9.2.14-fabric.jar:?]
	at com.google.common.reflect.AbstractInvocationHandler.invoke(AbstractInvocationHandler.java:87) ~[guava-31.1-jre.jar:?]
	at jdk.proxy2.$Proxy198.join(Unknown Source) ~[?:?]
	at net.minecraft.class_3324.handler$zjc000$architectury$placeNewPlayer(class_3324.java:2520) ~[server-intermediary.jar:?]
	at net.minecraft.class_3324.method_14570(class_3324.java:307) ~[server-intermediary.jar:?]
	at net.minecraft.class_3248.method_33800(class_3248.java:131) ~[server-intermediary.jar:?]
	at net.minecraft.class_3248.md1e683e$polymer-networking$lambda$polymerNet$prePlayHandshakeHackfest$0$0(class_3248.java:549) ~[server-intermediary.jar:?]
	at eu.pb4.polymer.networking.impl.EarlyConnectionMagic.lambda$handle$0(EarlyConnectionMagic.java:32) ~[polymer-networking-0.5.15+1.20.1-dc18d44a422d3193.jar:?]
	at eu.pb4.polymer.networking.api.EarlyPlayNetworkHandler.lambda$onKeepAlive$0(EarlyPlayNetworkHandler.java:108) ~[polymer-networking-0.5.15+1.20.1-dc18d44a422d3193.jar:?]
	at net.minecraft.class_3738.run(class_3738.java:18) ~[server-intermediary.jar:?]
	at net.minecraft.class_1255.method_18859(class_1255.java:156) ~[server-intermediary.jar:?]
	at net.minecraft.class_4093.method_18859(class_4093.java:23) ~[server-intermediary.jar:?]
	at net.minecraft.server.MinecraftServer.method_24306(MinecraftServer.java:782) ~[server-intermediary.jar:?]
	at net.minecraft.server.MinecraftServer.method_18859(MinecraftServer.java:164) ~[server-intermediary.jar:?]
	at net.minecraft.class_1255.method_16075(class_1255.java:130) ~[server-intermediary.jar:?]
	at net.minecraft.server.MinecraftServer.method_20415(MinecraftServer.java:764) ~[server-intermediary.jar:?]
	at net.minecraft.server.MinecraftServer.method_16075(MinecraftServer.java:758) ~[server-intermediary.jar:?]
	at net.minecraft.class_1255.method_18857(class_1255.java:139) ~[server-intermediary.jar:?]
	at net.minecraft.server.MinecraftServer.method_16208(MinecraftServer.java:743) ~[server-intermediary.jar:?]
	at net.minecraft.server.MinecraftServer.method_29741(MinecraftServer.java:675) ~[server-intermediary.jar:?]
	at net.minecraft.server.MinecraftServer.method_29739(MinecraftServer.java:265) ~[server-intermediary.jar:?]
	at java.lang.Thread.run(Thread.java:840) ~[?:?]
[18:47:23] [Server thread/ERROR]: Parsing error loading recipe knavesneeds:betternether/cincinnasite_diamond/claymore
com.google.gson.JsonSyntaxException: Unknown item 'betterend:cincinnasite_diamond_upgrade_smithing_template'
	at net.minecraft.class_1869.method_17878(class_1869.java:272) ~[server-intermediary.jar:?]
	at java.util.Optional.orElseThrow(Optional.java:403) ~[?:?]
	at net.minecraft.class_1869.method_8155(class_1869.java:272) ~[server-intermediary.jar:?]
	at net.minecraft.class_1856.method_8107(class_1856.java:160) ~[server-intermediary.jar:?]
	at net.minecraft.class_1856.method_8102(class_1856.java:143) ~[server-intermediary.jar:?]
	at net.minecraft.class_1856.method_52177(class_1856.java:135) ~[server-intermediary.jar:?]
	at net.minecraft.class_8060$class_8061.method_48455(class_8060.java:87) ~[server-intermediary.jar:?]
	at net.minecraft.class_8060$class_8061.method_8121(class_8060.java:84) ~[server-intermediary.jar:?]
	at net.minecraft.class_1863.method_17720(class_1863.java:135) ~[server-intermediary.jar:?]
	at net.minecraft.class_1863.method_20705(class_1863.java:56) ~[server-intermediary.jar:?]
	at net.minecraft.class_1863.method_18788(class_1863.java:35) ~[server-intermediary.jar:?]
	at net.minecraft.class_4080.method_18790(class_4080.java:13) ~[server-intermediary.jar:?]
	at java.util.concurrent.CompletableFuture$UniAccept.tryFire(CompletableFuture.java:718) ~[?:?]
	at java.util.concurrent.CompletableFuture$Completion.run(CompletableFuture.java:482) ~[?:?]
	at net.minecraft.class_4014.method_18365(class_4014.java:69) ~[server-intermediary.jar:?]
	at net.minecraft.class_3738.run(class_3738.java:18) ~[server-intermediary.jar:?]
	at net.minecraft.class_1255.method_18859(class_1255.java:156) ~[server-intermediary.jar:?]
	at net.minecraft.class_4093.method_18859(class_4093.java:23) ~[server-intermediary.jar:?]
	at net.minecraft.server.MinecraftServer.method_24306(MinecraftServer.java:782) ~[server-intermediary.jar:?]
	at net.minecraft.server.MinecraftServer.method_18859(MinecraftServer.java:164) ~[server-intermediary.jar:?]
	at net.minecraft.class_1255.method_16075(class_1255.java:130) ~[server-intermediary.jar:?]
	at net.minecraft.server.MinecraftServer.method_20415(MinecraftServer.java:764) ~[server-intermediary.jar:?]
	at net.minecraft.server.MinecraftServer.method_16075(MinecraftServer.java:758) ~[server-intermediary.jar:?]
	at net.minecraft.class_1255.method_18857(class_1255.java:139) ~[server-intermediary.jar:?]
	at net.minecraft.server.MinecraftServer.method_29439(MinecraftServer.java:1345) ~[server-intermediary.jar:?]
	at net.minecraft.class_3097.method_29480(class_3097.java:22) ~[server-intermediary.jar:?]
	at net.minecraft.class_3097.method_13530(class_3097.java:53) ~[server-intermediary.jar:?]
	at com.mojang.brigadier.CommandDispatcher.execute(CommandDispatcher.java:264) ~[brigadier-1.1.8.jar:?]
	at net.minecraft.class_2158$class_2160.method_36318(class_2158.java:96) ~[server-intermediary.jar:?]
	at net.minecraft.class_2158$class_2160.method_9198(class_2158.java:90) ~[server-intermediary.jar:?]
	at net.minecraft.class_2991$class_2992.method_12914(class_2991.java:135) ~[server-intermediary.jar:?]
	at net.minecraft.class_2991$class_6345.method_36346(class_2991.java:210) ~[server-intermediary.jar:?]
	at net.minecraft.class_2991.method_36341(class_2991.java:85) ~[server-intermediary.jar:?]
	at net.minecraft.class_2991.method_12904(class_2991.java:69) ~[server-intermediary.jar:?]
	at net.minecraft.class_3062.method_13381(class_3062.java:46) ~[server-intermediary.jar:?]
	at net.minecraft.class_3062.method_13383(class_3062.java:35) ~[server-intermediary.jar:?]
	at com.mojang.brigadier.CommandDispatcher.execute(CommandDispatcher.java:264) ~[brigadier-1.1.8.jar:?]
	at net.minecraft.class_2170.redirect$zia000$architectury$performCommand(class_2170.java:1045) ~[server-intermediary.jar:?]
	at net.minecraft.class_2170.method_9249(class_2170.java:287) ~[server-intermediary.jar:?]
	at net.minecraft.class_2170.method_44252(class_2170.java:280) ~[server-intermediary.jar:?]
	at dev.ftb.mods.ftbquests.quest.reward.CommandReward.claim(CommandReward.java:104) ~[ftb-quests-fabric-2001.4.5.jar:?]
	at dev.ftb.mods.ftbquests.quest.TeamData.claimReward(TeamData.java:538) ~[ftb-quests-fabric-2001.4.5.jar:?]
	at dev.ftb.mods.ftbquests.quest.TeamData.checkAutoCompletion(TeamData.java:568) ~[ftb-quests-fabric-2001.4.5.jar:?]
	at dev.ftb.mods.ftbquests.quest.Quest.onCompleted(Quest.java:544) ~[ftb-quests-fabric-2001.4.5.jar:?]
	at dev.ftb.mods.ftbquests.quest.ServerQuestFile.lambda$playerLoggedIn$4(ServerQuestFile.java:185) ~[ftb-quests-fabric-2001.4.5.jar:?]
	at java.util.ArrayList.forEach(ArrayList.java:1511) ~[?:?]
	at java.util.Collections$UnmodifiableCollection.forEach(Collections.java:1092) ~[?:?]
	at dev.ftb.mods.ftbquests.quest.BaseQuestFile.lambda$forAllQuests$48(BaseQuestFile.java:1402) ~[ftb-quests-fabric-2001.4.5.jar:?]
	at java.util.ArrayList.forEach(ArrayList.java:1511) ~[?:?]
	at java.util.Collections$UnmodifiableCollection.forEach(Collections.java:1092) ~[?:?]
	at dev.ftb.mods.ftbquests.quest.BaseQuestFile.lambda$forAllChapters$47(BaseQuestFile.java:1397) ~[ftb-quests-fabric-2001.4.5.jar:?]
	at java.util.ArrayList.forEach(ArrayList.java:1511) ~[?:?]
	at dev.ftb.mods.ftbquests.quest.BaseQuestFile.forAllChapterGroups(BaseQuestFile.java:1392) ~[ftb-quests-fabric-2001.4.5.jar:?]
	at dev.ftb.mods.ftbquests.quest.BaseQuestFile.forAllChapters(BaseQuestFile.java:1397) ~[ftb-quests-fabric-2001.4.5.jar:?]
	at dev.ftb.mods.ftbquests.quest.BaseQuestFile.forAllQuests(BaseQuestFile.java:1402) ~[ftb-quests-fabric-2001.4.5.jar:?]
	at dev.ftb.mods.ftbquests.quest.ServerQuestFile.lambda$playerLoggedIn$5(ServerQuestFile.java:179) ~[ftb-quests-fabric-2001.4.5.jar:?]
	at dev.ftb.mods.ftbquests.quest.ServerQuestFile.withPlayerContext(ServerQuestFile.java:159) ~[ftb-quests-fabric-2001.4.5.jar:?]
	at dev.ftb.mods.ftbquests.quest.ServerQuestFile.playerLoggedIn(ServerQuestFile.java:179) ~[ftb-quests-fabric-2001.4.5.jar:?]
	at dev.ftb.mods.ftbquests.FTBQuestsEventHandler.playerLoggedIn(FTBQuestsEventHandler.java:104) ~[ftb-quests-fabric-2001.4.5.jar:?]
	at java.lang.invoke.MethodHandle.invokeWithArguments(MethodHandle.java:732) ~[?:?]
	at dev.architectury.event.EventFactory.invokeMethod(EventFactory.java:53) ~[architectury-9.2.14-fabric.jar:?]
	at dev.architectury.event.EventFactory$4.handleInvocation(EventFactory.java:125) ~[architectury-9.2.14-fabric.jar:?]
	at com.google.common.reflect.AbstractInvocationHandler.invoke(AbstractInvocationHandler.java:87) ~[guava-31.1-jre.jar:?]
	at jdk.proxy2.$Proxy127.accept(Unknown Source) ~[?:?]
	at dev.ftb.mods.ftbteams.data.TeamManagerImpl.playerLoggedIn(TeamManagerImpl.java:319) ~[ftb-teams-fabric-2001.3.0.jar:?]
	at dev.ftb.mods.ftbteams.FTBTeams.playerLoggedIn(FTBTeams.java:77) ~[ftb-teams-fabric-2001.3.0.jar:?]
	at java.lang.invoke.MethodHandle.invokeWithArguments(MethodHandle.java:732) ~[?:?]
	at dev.architectury.event.EventFactory.invokeMethod(EventFactory.java:53) ~[architectury-9.2.14-fabric.jar:?]
	at dev.architectury.event.EventFactory$1.handleInvocation(EventFactory.java:62) ~[architectury-9.2.14-fabric.jar:?]
	at com.google.common.reflect.AbstractInvocationHandler.invoke(AbstractInvocationHandler.java:87) ~[guava-31.1-jre.jar:?]
	at jdk.proxy2.$Proxy198.join(Unknown Source) ~[?:?]
	at net.minecraft.class_3324.handler$zjc000$architectury$placeNewPlayer(class_3324.java:2520) ~[server-intermediary.jar:?]
	at net.minecraft.class_3324.method_14570(class_3324.java:307) ~[server-intermediary.jar:?]
	at net.minecraft.class_3248.method_33800(class_3248.java:131) ~[server-intermediary.jar:?]
	at net.minecraft.class_3248.md1e683e$polymer-networking$lambda$polymerNet$prePlayHandshakeHackfest$0$0(class_3248.java:549) ~[server-intermediary.jar:?]
	at eu.pb4.polymer.networking.impl.EarlyConnectionMagic.lambda$handle$0(EarlyConnectionMagic.java:32) ~[polymer-networking-0.5.15+1.20.1-dc18d44a422d3193.jar:?]
	at eu.pb4.polymer.networking.api.EarlyPlayNetworkHandler.lambda$onKeepAlive$0(EarlyPlayNetworkHandler.java:108) ~[polymer-networking-0.5.15+1.20.1-dc18d44a422d3193.jar:?]
	at net.minecraft.class_3738.run(class_3738.java:18) ~[server-intermediary.jar:?]
	at net.minecraft.class_1255.method_18859(class_1255.java:156) ~[server-intermediary.jar:?]
	at net.minecraft.class_4093.method_18859(class_4093.java:23) ~[server-intermediary.jar:?]
	at net.minecraft.server.MinecraftServer.method_24306(MinecraftServer.java:782) ~[server-intermediary.jar:?]
	at net.minecraft.server.MinecraftServer.method_18859(MinecraftServer.java:164) ~[server-intermediary.jar:?]
	at net.minecraft.class_1255.method_16075(class_1255.java:130) ~[server-intermediary.jar:?]
	at net.minecraft.server.MinecraftServer.method_20415(MinecraftServer.java:764) ~[server-intermediary.jar:?]
	at net.minecraft.server.MinecraftServer.method_16075(MinecraftServer.java:758) ~[server-intermediary.jar:?]
	at net.minecraft.class_1255.method_18857(class_1255.java:139) ~[server-intermediary.jar:?]
	at net.minecraft.server.MinecraftServer.method_16208(MinecraftServer.java:743) ~[server-intermediary.jar:?]
	at net.minecraft.server.MinecraftServer.method_29741(MinecraftServer.java:675) ~[server-intermediary.jar:?]
	at net.minecraft.server.MinecraftServer.method_29739(MinecraftServer.java:265) ~[server-intermediary.jar:?]
	at java.lang.Thread.run(Thread.java:840) ~[?:?]
[18:47:23] [Server thread/ERROR]: Parsing error loading recipe tiered:limestone_create
com.google.gson.JsonSyntaxException: Unknown item 'create:limestone'
	at net.minecraft.class_1869.method_17878(class_1869.java:272) ~[server-intermediary.jar:?]
	at java.util.Optional.orElseThrow(Optional.java:403) ~[?:?]
	at net.minecraft.class_1869.method_8155(class_1869.java:272) ~[server-intermediary.jar:?]
	at net.minecraft.class_1856.method_8107(class_1856.java:160) ~[server-intermediary.jar:?]
	at net.minecraft.class_1856.method_8102(class_1856.java:143) ~[server-intermediary.jar:?]
	at net.minecraft.class_3972$class_3973.method_17881(class_3972.java:91) ~[server-intermediary.jar:?]
	at net.minecraft.class_3972$class_3973.method_8121(class_3972.java:72) ~[server-intermediary.jar:?]
	at net.minecraft.class_1863.method_17720(class_1863.java:135) ~[server-intermediary.jar:?]
	at net.minecraft.class_1863.method_20705(class_1863.java:56) ~[server-intermediary.jar:?]
	at net.minecraft.class_1863.method_18788(class_1863.java:35) ~[server-intermediary.jar:?]
	at net.minecraft.class_4080.method_18790(class_4080.java:13) ~[server-intermediary.jar:?]
	at java.util.concurrent.CompletableFuture$UniAccept.tryFire(CompletableFuture.java:718) ~[?:?]
	at java.util.concurrent.CompletableFuture$Completion.run(CompletableFuture.java:482) ~[?:?]
	at net.minecraft.class_4014.method_18365(class_4014.java:69) ~[server-intermediary.jar:?]
	at net.minecraft.class_3738.run(class_3738.java:18) ~[server-intermediary.jar:?]
	at net.minecraft.class_1255.method_18859(class_1255.java:156) ~[server-intermediary.jar:?]
	at net.minecraft.class_4093.method_18859(class_4093.java:23) ~[server-intermediary.jar:?]
	at net.minecraft.server.MinecraftServer.method_24306(MinecraftServer.java:782) ~[server-intermediary.jar:?]
	at net.minecraft.server.MinecraftServer.method_18859(MinecraftServer.java:164) ~[server-intermediary.jar:?]
	at net.minecraft.class_1255.method_16075(class_1255.java:130) ~[server-intermediary.jar:?]
	at net.minecraft.server.MinecraftServer.method_20415(MinecraftServer.java:764) ~[server-intermediary.jar:?]
	at net.minecraft.server.MinecraftServer.method_16075(MinecraftServer.java:758) ~[server-intermediary.jar:?]
	at net.minecraft.class_1255.method_18857(class_1255.java:139) ~[server-intermediary.jar:?]
	at net.minecraft.server.MinecraftServer.method_29439(MinecraftServer.java:1345) ~[server-intermediary.jar:?]
	at net.minecraft.class_3097.method_29480(class_3097.java:22) ~[server-intermediary.jar:?]
	at net.minecraft.class_3097.method_13530(class_3097.java:53) ~[server-intermediary.jar:?]
	at com.mojang.brigadier.CommandDispatcher.execute(CommandDispatcher.java:264) ~[brigadier-1.1.8.jar:?]
	at net.minecraft.class_2158$class_2160.method_36318(class_2158.java:96) ~[server-intermediary.jar:?]
	at net.minecraft.class_2158$class_2160.method_9198(class_2158.java:90) ~[server-intermediary.jar:?]
	at net.minecraft.class_2991$class_2992.method_12914(class_2991.java:135) ~[server-intermediary.jar:?]
	at net.minecraft.class_2991$class_6345.method_36346(class_2991.java:210) ~[server-intermediary.jar:?]
	at net.minecraft.class_2991.method_36341(class_2991.java:85) ~[server-intermediary.jar:?]
	at net.minecraft.class_2991.method_12904(class_2991.java:69) ~[server-intermediary.jar:?]
	at net.minecraft.class_3062.method_13381(class_3062.java:46) ~[server-intermediary.jar:?]
	at net.minecraft.class_3062.method_13383(class_3062.java:35) ~[server-intermediary.jar:?]
	at com.mojang.brigadier.CommandDispatcher.execute(CommandDispatcher.java:264) ~[brigadier-1.1.8.jar:?]
	at net.minecraft.class_2170.redirect$zia000$architectury$performCommand(class_2170.java:1045) ~[server-intermediary.jar:?]
	at net.minecraft.class_2170.method_9249(class_2170.java:287) ~[server-intermediary.jar:?]
	at net.minecraft.class_2170.method_44252(class_2170.java:280) ~[server-intermediary.jar:?]
	at dev.ftb.mods.ftbquests.quest.reward.CommandReward.claim(CommandReward.java:104) ~[ftb-quests-fabric-2001.4.5.jar:?]
	at dev.ftb.mods.ftbquests.quest.TeamData.claimReward(TeamData.java:538) ~[ftb-quests-fabric-2001.4.5.jar:?]
	at dev.ftb.mods.ftbquests.quest.TeamData.checkAutoCompletion(TeamData.java:568) ~[ftb-quests-fabric-2001.4.5.jar:?]
	at dev.ftb.mods.ftbquests.quest.Quest.onCompleted(Quest.java:544) ~[ftb-quests-fabric-2001.4.5.jar:?]
	at dev.ftb.mods.ftbquests.quest.ServerQuestFile.lambda$playerLoggedIn$4(ServerQuestFile.java:185) ~[ftb-quests-fabric-2001.4.5.jar:?]
	at java.util.ArrayList.forEach(ArrayList.java:1511) ~[?:?]
	at java.util.Collections$UnmodifiableCollection.forEach(Collections.java:1092) ~[?:?]
	at dev.ftb.mods.ftbquests.quest.BaseQuestFile.lambda$forAllQuests$48(BaseQuestFile.java:1402) ~[ftb-quests-fabric-2001.4.5.jar:?]
	at java.util.ArrayList.forEach(ArrayList.java:1511) ~[?:?]
	at java.util.Collections$UnmodifiableCollection.forEach(Collections.java:1092) ~[?:?]
	at dev.ftb.mods.ftbquests.quest.BaseQuestFile.lambda$forAllChapters$47(BaseQuestFile.java:1397) ~[ftb-quests-fabric-2001.4.5.jar:?]
	at java.util.ArrayList.forEach(ArrayList.java:1511) ~[?:?]
	at dev.ftb.mods.ftbquests.quest.BaseQuestFile.forAllChapterGroups(BaseQuestFile.java:1392) ~[ftb-quests-fabric-2001.4.5.jar:?]
	at dev.ftb.mods.ftbquests.quest.BaseQuestFile.forAllChapters(BaseQuestFile.java:1397) ~[ftb-quests-fabric-2001.4.5.jar:?]
	at dev.ftb.mods.ftbquests.quest.BaseQuestFile.forAllQuests(BaseQuestFile.java:1402) ~[ftb-quests-fabric-2001.4.5.jar:?]
	at dev.ftb.mods.ftbquests.quest.ServerQuestFile.lambda$playerLoggedIn$5(ServerQuestFile.java:179) ~[ftb-quests-fabric-2001.4.5.jar:?]
	at dev.ftb.mods.ftbquests.quest.ServerQuestFile.withPlayerContext(ServerQuestFile.java:159) ~[ftb-quests-fabric-2001.4.5.jar:?]
	at dev.ftb.mods.ftbquests.quest.ServerQuestFile.playerLoggedIn(ServerQuestFile.java:179) ~[ftb-quests-fabric-2001.4.5.jar:?]
	at dev.ftb.mods.ftbquests.FTBQuestsEventHandler.playerLoggedIn(FTBQuestsEventHandler.java:104) ~[ftb-quests-fabric-2001.4.5.jar:?]
	at java.lang.invoke.MethodHandle.invokeWithArguments(MethodHandle.java:732) ~[?:?]
	at dev.architectury.event.EventFactory.invokeMethod(EventFactory.java:53) ~[architectury-9.2.14-fabric.jar:?]
	at dev.architectury.event.EventFactory$4.handleInvocation(EventFactory.java:125) ~[architectury-9.2.14-fabric.jar:?]
	at com.google.common.reflect.AbstractInvocationHandler.invoke(AbstractInvocationHandler.java:87) ~[guava-31.1-jre.jar:?]
	at jdk.proxy2.$Proxy127.accept(Unknown Source) ~[?:?]
	at dev.ftb.mods.ftbteams.data.TeamManagerImpl.playerLoggedIn(TeamManagerImpl.java:319) ~[ftb-teams-fabric-2001.3.0.jar:?]
	at dev.ftb.mods.ftbteams.FTBTeams.playerLoggedIn(FTBTeams.java:77) ~[ftb-teams-fabric-2001.3.0.jar:?]
	at java.lang.invoke.MethodHandle.invokeWithArguments(MethodHandle.java:732) ~[?:?]
	at dev.architectury.event.EventFactory.invokeMethod(EventFactory.java:53) ~[architectury-9.2.14-fabric.jar:?]
	at dev.architectury.event.EventFactory$1.handleInvocation(EventFactory.java:62) ~[architectury-9.2.14-fabric.jar:?]
	at com.google.common.reflect.AbstractInvocationHandler.invoke(AbstractInvocationHandler.java:87) ~[guava-31.1-jre.jar:?]
	at jdk.proxy2.$Proxy198.join(Unknown Source) ~[?:?]
	at net.minecraft.class_3324.handler$zjc000$architectury$placeNewPlayer(class_3324.java:2520) ~[server-intermediary.jar:?]
	at net.minecraft.class_3324.method_14570(class_3324.java:307) ~[server-intermediary.jar:?]
	at net.minecraft.class_3248.method_33800(class_3248.java:131) ~[server-intermediary.jar:?]
	at net.minecraft.class_3248.md1e683e$polymer-networking$lambda$polymerNet$prePlayHandshakeHackfest$0$0(class_3248.java:549) ~[server-intermediary.jar:?]
	at eu.pb4.polymer.networking.impl.EarlyConnectionMagic.lambda$handle$0(EarlyConnectionMagic.java:32) ~[polymer-networking-0.5.15+1.20.1-dc18d44a422d3193.jar:?]
	at eu.pb4.polymer.networking.api.EarlyPlayNetworkHandler.lambda$onKeepAlive$0(EarlyPlayNetworkHandler.java:108) ~[polymer-networking-0.5.15+1.20.1-dc18d44a422d3193.jar:?]
	at net.minecraft.class_3738.run(class_3738.java:18) ~[server-intermediary.jar:?]
	at net.minecraft.class_1255.method_18859(class_1255.java:156) ~[server-intermediary.jar:?]
	at net.minecraft.class_4093.method_18859(class_4093.java:23) ~[server-intermediary.jar:?]
	at net.minecraft.server.MinecraftServer.method_24306(MinecraftServer.java:782) ~[server-intermediary.jar:?]
	at net.minecraft.server.MinecraftServer.method_18859(MinecraftServer.java:164) ~[server-intermediary.jar:?]
	at net.minecraft.class_1255.method_16075(class_1255.java:130) ~[server-intermediary.jar:?]
	at net.minecraft.server.MinecraftServer.method_20415(MinecraftServer.java:764) ~[server-intermediary.jar:?]
	at net.minecraft.server.MinecraftServer.method_16075(MinecraftServer.java:758) ~[server-intermediary.jar:?]
	at net.minecraft.class_1255.method_18857(class_1255.java:139) ~[server-intermediary.jar:?]
	at net.minecraft.server.MinecraftServer.method_16208(MinecraftServer.java:743) ~[server-intermediary.jar:?]
	at net.minecraft.server.MinecraftServer.method_29741(MinecraftServer.java:675) ~[server-intermediary.jar:?]
	at net.minecraft.server.MinecraftServer.method_29739(MinecraftServer.java:265) ~[server-intermediary.jar:?]
	at java.lang.Thread.run(Thread.java:840) ~[?:?]
[18:47:23] [Server thread/ERROR]: Parsing error loading recipe digs_dnd_origins:leather_horns_helmet
com.google.gson.JsonSyntaxException: Invalid or unsupported recipe type 'minecraft:smithing'
	at net.minecraft.class_1863.method_17875(class_1863.java:134) ~[server-intermediary.jar:?]
	at java.util.Optional.orElseThrow(Optional.java:403) ~[?:?]
	at net.minecraft.class_1863.method_17720(class_1863.java:134) ~[server-intermediary.jar:?]
	at net.minecraft.class_1863.method_20705(class_1863.java:56) ~[server-intermediary.jar:?]
	at net.minecraft.class_1863.method_18788(class_1863.java:35) ~[server-intermediary.jar:?]
	at net.minecraft.class_4080.method_18790(class_4080.java:13) ~[server-intermediary.jar:?]
	at java.util.concurrent.CompletableFuture$UniAccept.tryFire(CompletableFuture.java:718) ~[?:?]
	at java.util.concurrent.CompletableFuture$Completion.run(CompletableFuture.java:482) ~[?:?]
	at net.minecraft.class_4014.method_18365(class_4014.java:69) ~[server-intermediary.jar:?]
	at net.minecraft.class_3738.run(class_3738.java:18) ~[server-intermediary.jar:?]
	at net.minecraft.class_1255.method_18859(class_1255.java:156) ~[server-intermediary.jar:?]
	at net.minecraft.class_4093.method_18859(class_4093.java:23) ~[server-intermediary.jar:?]
	at net.minecraft.server.MinecraftServer.method_24306(MinecraftServer.java:782) ~[server-intermediary.jar:?]
	at net.minecraft.server.MinecraftServer.method_18859(MinecraftServer.java:164) ~[server-intermediary.jar:?]
	at net.minecraft.class_1255.method_16075(class_1255.java:130) ~[server-intermediary.jar:?]
	at net.minecraft.server.MinecraftServer.method_20415(MinecraftServer.java:764) ~[server-intermediary.jar:?]
	at net.minecraft.server.MinecraftServer.method_16075(MinecraftServer.java:758) ~[server-intermediary.jar:?]
	at net.minecraft.class_1255.method_18857(class_1255.java:139) ~[server-intermediary.jar:?]
	at net.minecraft.server.MinecraftServer.method_29439(MinecraftServer.java:1345) ~[server-intermediary.jar:?]
	at net.minecraft.class_3097.method_29480(class_3097.java:22) ~[server-intermediary.jar:?]
	at net.minecraft.class_3097.method_13530(class_3097.java:53) ~[server-intermediary.jar:?]
	at com.mojang.brigadier.CommandDispatcher.execute(CommandDispatcher.java:264) ~[brigadier-1.1.8.jar:?]
	at net.minecraft.class_2158$class_2160.method_36318(class_2158.java:96) ~[server-intermediary.jar:?]
	at net.minecraft.class_2158$class_2160.method_9198(class_2158.java:90) ~[server-intermediary.jar:?]
	at net.minecraft.class_2991$class_2992.method_12914(class_2991.java:135) ~[server-intermediary.jar:?]
	at net.minecraft.class_2991$class_6345.method_36346(class_2991.java:210) ~[server-intermediary.jar:?]
	at net.minecraft.class_2991.method_36341(class_2991.java:85) ~[server-intermediary.jar:?]
	at net.minecraft.class_2991.method_12904(class_2991.java:69) ~[server-intermediary.jar:?]
	at net.minecraft.class_3062.method_13381(class_3062.java:46) ~[server-intermediary.jar:?]
	at net.minecraft.class_3062.method_13383(class_3062.java:35) ~[server-intermediary.jar:?]
	at com.mojang.brigadier.CommandDispatcher.execute(CommandDispatcher.java:264) ~[brigadier-1.1.8.jar:?]
	at net.minecraft.class_2170.redirect$zia000$architectury$performCommand(class_2170.java:1045) ~[server-intermediary.jar:?]
	at net.minecraft.class_2170.method_9249(class_2170.java:287) ~[server-intermediary.jar:?]
	at net.minecraft.class_2170.method_44252(class_2170.java:280) ~[server-intermediary.jar:?]
	at dev.ftb.mods.ftbquests.quest.reward.CommandReward.claim(CommandReward.java:104) ~[ftb-quests-fabric-2001.4.5.jar:?]
	at dev.ftb.mods.ftbquests.quest.TeamData.claimReward(TeamData.java:538) ~[ftb-quests-fabric-2001.4.5.jar:?]
	at dev.ftb.mods.ftbquests.quest.TeamData.checkAutoCompletion(TeamData.java:568) ~[ftb-quests-fabric-2001.4.5.jar:?]
	at dev.ftb.mods.ftbquests.quest.Quest.onCompleted(Quest.java:544) ~[ftb-quests-fabric-2001.4.5.jar:?]
	at dev.ftb.mods.ftbquests.quest.ServerQuestFile.lambda$playerLoggedIn$4(ServerQuestFile.java:185) ~[ftb-quests-fabric-2001.4.5.jar:?]
	at java.util.ArrayList.forEach(ArrayList.java:1511) ~[?:?]
	at java.util.Collections$UnmodifiableCollection.forEach(Collections.java:1092) ~[?:?]
	at dev.ftb.mods.ftbquests.quest.BaseQuestFile.lambda$forAllQuests$48(BaseQuestFile.java:1402) ~[ftb-quests-fabric-2001.4.5.jar:?]
	at java.util.ArrayList.forEach(ArrayList.java:1511) ~[?:?]
	at java.util.Collections$UnmodifiableCollection.forEach(Collections.java:1092) ~[?:?]
	at dev.ftb.mods.ftbquests.quest.BaseQuestFile.lambda$forAllChapters$47(BaseQuestFile.java:1397) ~[ftb-quests-fabric-2001.4.5.jar:?]
	at java.util.ArrayList.forEach(ArrayList.java:1511) ~[?:?]
	at dev.ftb.mods.ftbquests.quest.BaseQuestFile.forAllChapterGroups(BaseQuestFile.java:1392) ~[ftb-quests-fabric-2001.4.5.jar:?]
	at dev.ftb.mods.ftbquests.quest.BaseQuestFile.forAllChapters(BaseQuestFile.java:1397) ~[ftb-quests-fabric-2001.4.5.jar:?]
	at dev.ftb.mods.ftbquests.quest.BaseQuestFile.forAllQuests(BaseQuestFile.java:1402) ~[ftb-quests-fabric-2001.4.5.jar:?]
	at dev.ftb.mods.ftbquests.quest.ServerQuestFile.lambda$playerLoggedIn$5(ServerQuestFile.java:179) ~[ftb-quests-fabric-2001.4.5.jar:?]
	at dev.ftb.mods.ftbquests.quest.ServerQuestFile.withPlayerContext(ServerQuestFile.java:159) ~[ftb-quests-fabric-2001.4.5.jar:?]
	at dev.ftb.mods.ftbquests.quest.ServerQuestFile.playerLoggedIn(ServerQuestFile.java:179) ~[ftb-quests-fabric-2001.4.5.jar:?]
	at dev.ftb.mods.ftbquests.FTBQuestsEventHandler.playerLoggedIn(FTBQuestsEventHandler.java:104) ~[ftb-quests-fabric-2001.4.5.jar:?]
	at java.lang.invoke.MethodHandle.invokeWithArguments(MethodHandle.java:732) ~[?:?]
	at dev.architectury.event.EventFactory.invokeMethod(EventFactory.java:53) ~[architectury-9.2.14-fabric.jar:?]
	at dev.architectury.event.EventFactory$4.handleInvocation(EventFactory.java:125) ~[architectury-9.2.14-fabric.jar:?]
	at com.google.common.reflect.AbstractInvocationHandler.invoke(AbstractInvocationHandler.java:87) ~[guava-31.1-jre.jar:?]
	at jdk.proxy2.$Proxy127.accept(Unknown Source) ~[?:?]
	at dev.ftb.mods.ftbteams.data.TeamManagerImpl.playerLoggedIn(TeamManagerImpl.java:319) ~[ftb-teams-fabric-2001.3.0.jar:?]
	at dev.ftb.mods.ftbteams.FTBTeams.playerLoggedIn(FTBTeams.java:77) ~[ftb-teams-fabric-2001.3.0.jar:?]
	at java.lang.invoke.MethodHandle.invokeWithArguments(MethodHandle.java:732) ~[?:?]
	at dev.architectury.event.EventFactory.invokeMethod(EventFactory.java:53) ~[architectury-9.2.14-fabric.jar:?]
	at dev.architectury.event.EventFactory$1.handleInvocation(EventFactory.java:62) ~[architectury-9.2.14-fabric.jar:?]
	at com.google.common.reflect.AbstractInvocationHandler.invoke(AbstractInvocationHandler.java:87) ~[guava-31.1-jre.jar:?]
	at jdk.proxy2.$Proxy198.join(Unknown Source) ~[?:?]
	at net.minecraft.class_3324.handler$zjc000$architectury$placeNewPlayer(class_3324.java:2520) ~[server-intermediary.jar:?]
	at net.minecraft.class_3324.method_14570(class_3324.java:307) ~[server-intermediary.jar:?]
	at net.minecraft.class_3248.method_33800(class_3248.java:131) ~[server-intermediary.jar:?]
	at net.minecraft.class_3248.md1e683e$polymer-networking$lambda$polymerNet$prePlayHandshakeHackfest$0$0(class_3248.java:549) ~[server-intermediary.jar:?]
	at eu.pb4.polymer.networking.impl.EarlyConnectionMagic.lambda$handle$0(EarlyConnectionMagic.java:32) ~[polymer-networking-0.5.15+1.20.1-dc18d44a422d3193.jar:?]
	at eu.pb4.polymer.networking.api.EarlyPlayNetworkHandler.lambda$onKeepAlive$0(EarlyPlayNetworkHandler.java:108) ~[polymer-networking-0.5.15+1.20.1-dc18d44a422d3193.jar:?]
	at net.minecraft.class_3738.run(class_3738.java:18) ~[server-intermediary.jar:?]
	at net.minecraft.class_1255.method_18859(class_1255.java:156) ~[server-intermediary.jar:?]
	at net.minecraft.class_4093.method_18859(class_4093.java:23) ~[server-intermediary.jar:?]
	at net.minecraft.server.MinecraftServer.method_24306(MinecraftServer.java:782) ~[server-intermediary.jar:?]
	at net.minecraft.server.MinecraftServer.method_18859(MinecraftServer.java:164) ~[server-intermediary.jar:?]
	at net.minecraft.class_1255.method_16075(class_1255.java:130) ~[server-intermediary.jar:?]
	at net.minecraft.server.MinecraftServer.method_20415(MinecraftServer.java:764) ~[server-intermediary.jar:?]
	at net.minecraft.server.MinecraftServer.method_16075(MinecraftServer.java:758) ~[server-intermediary.jar:?]
	at net.minecraft.class_1255.method_18857(class_1255.java:139) ~[server-intermediary.jar:?]
	at net.minecraft.server.MinecraftServer.method_16208(MinecraftServer.java:743) ~[server-intermediary.jar:?]
	at net.minecraft.server.MinecraftServer.method_29741(MinecraftServer.java:675) ~[server-intermediary.jar:?]
	at net.minecraft.server.MinecraftServer.method_29739(MinecraftServer.java:265) ~[server-intermediary.jar:?]
	at java.lang.Thread.run(Thread.java:840) ~[?:?]
[18:47:23] [Server thread/ERROR]: Parsing error loading recipe digs_dnd_origins:iron_horns_helmet
com.google.gson.JsonSyntaxException: Invalid or unsupported recipe type 'minecraft:smithing'
	at net.minecraft.class_1863.method_17875(class_1863.java:134) ~[server-intermediary.jar:?]
	at java.util.Optional.orElseThrow(Optional.java:403) ~[?:?]
	at net.minecraft.class_1863.method_17720(class_1863.java:134) ~[server-intermediary.jar:?]
	at net.minecraft.class_1863.method_20705(class_1863.java:56) ~[server-intermediary.jar:?]
	at net.minecraft.class_1863.method_18788(class_1863.java:35) ~[server-intermediary.jar:?]
	at net.minecraft.class_4080.method_18790(class_4080.java:13) ~[server-intermediary.jar:?]
	at java.util.concurrent.CompletableFuture$UniAccept.tryFire(CompletableFuture.java:718) ~[?:?]
	at java.util.concurrent.CompletableFuture$Completion.run(CompletableFuture.java:482) ~[?:?]
	at net.minecraft.class_4014.method_18365(class_4014.java:69) ~[server-intermediary.jar:?]
	at net.minecraft.class_3738.run(class_3738.java:18) ~[server-intermediary.jar:?]
	at net.minecraft.class_1255.method_18859(class_1255.java:156) ~[server-intermediary.jar:?]
	at net.minecraft.class_4093.method_18859(class_4093.java:23) ~[server-intermediary.jar:?]
	at net.minecraft.server.MinecraftServer.method_24306(MinecraftServer.java:782) ~[server-intermediary.jar:?]
	at net.minecraft.server.MinecraftServer.method_18859(MinecraftServer.java:164) ~[server-intermediary.jar:?]
	at net.minecraft.class_1255.method_16075(class_1255.java:130) ~[server-intermediary.jar:?]
	at net.minecraft.server.MinecraftServer.method_20415(MinecraftServer.java:764) ~[server-intermediary.jar:?]
	at net.minecraft.server.MinecraftServer.method_16075(MinecraftServer.java:758) ~[server-intermediary.jar:?]
	at net.minecraft.class_1255.method_18857(class_1255.java:139) ~[server-intermediary.jar:?]
	at net.minecraft.server.MinecraftServer.method_29439(MinecraftServer.java:1345) ~[server-intermediary.jar:?]
	at net.minecraft.class_3097.method_29480(class_3097.java:22) ~[server-intermediary.jar:?]
	at net.minecraft.class_3097.method_13530(class_3097.java:53) ~[server-intermediary.jar:?]
	at com.mojang.brigadier.CommandDispatcher.execute(CommandDispatcher.java:264) ~[brigadier-1.1.8.jar:?]
	at net.minecraft.class_2158$class_2160.method_36318(class_2158.java:96) ~[server-intermediary.jar:?]
	at net.minecraft.class_2158$class_2160.method_9198(class_2158.java:90) ~[server-intermediary.jar:?]
	at net.minecraft.class_2991$class_2992.method_12914(class_2991.java:135) ~[server-intermediary.jar:?]
	at net.minecraft.class_2991$class_6345.method_36346(class_2991.java:210) ~[server-intermediary.jar:?]
	at net.minecraft.class_2991.method_36341(class_2991.java:85) ~[server-intermediary.jar:?]
	at net.minecraft.class_2991.method_12904(class_2991.java:69) ~[server-intermediary.jar:?]
	at net.minecraft.class_3062.method_13381(class_3062.java:46) ~[server-intermediary.jar:?]
	at net.minecraft.class_3062.method_13383(class_3062.java:35) ~[server-intermediary.jar:?]
	at com.mojang.brigadier.CommandDispatcher.execute(CommandDispatcher.java:264) ~[brigadier-1.1.8.jar:?]
	at net.minecraft.class_2170.redirect$zia000$architectury$performCommand(class_2170.java:1045) ~[server-intermediary.jar:?]
	at net.minecraft.class_2170.method_9249(class_2170.java:287) ~[server-intermediary.jar:?]
	at net.minecraft.class_2170.method_44252(class_2170.java:280) ~[server-intermediary.jar:?]
	at dev.ftb.mods.ftbquests.quest.reward.CommandReward.claim(CommandReward.java:104) ~[ftb-quests-fabric-2001.4.5.jar:?]
	at dev.ftb.mods.ftbquests.quest.TeamData.claimReward(TeamData.java:538) ~[ftb-quests-fabric-2001.4.5.jar:?]
	at dev.ftb.mods.ftbquests.quest.TeamData.checkAutoCompletion(TeamData.java:568) ~[ftb-quests-fabric-2001.4.5.jar:?]
	at dev.ftb.mods.ftbquests.quest.Quest.onCompleted(Quest.java:544) ~[ftb-quests-fabric-2001.4.5.jar:?]
	at dev.ftb.mods.ftbquests.quest.ServerQuestFile.lambda$playerLoggedIn$4(ServerQuestFile.java:185) ~[ftb-quests-fabric-2001.4.5.jar:?]
	at java.util.ArrayList.forEach(ArrayList.java:1511) ~[?:?]
	at java.util.Collections$UnmodifiableCollection.forEach(Collections.java:1092) ~[?:?]
	at dev.ftb.mods.ftbquests.quest.BaseQuestFile.lambda$forAllQuests$48(BaseQuestFile.java:1402) ~[ftb-quests-fabric-2001.4.5.jar:?]
	at java.util.ArrayList.forEach(ArrayList.java:1511) ~[?:?]
	at java.util.Collections$UnmodifiableCollection.forEach(Collections.java:1092) ~[?:?]
	at dev.ftb.mods.ftbquests.quest.BaseQuestFile.lambda$forAllChapters$47(BaseQuestFile.java:1397) ~[ftb-quests-fabric-2001.4.5.jar:?]
	at java.util.ArrayList.forEach(ArrayList.java:1511) ~[?:?]
	at dev.ftb.mods.ftbquests.quest.BaseQuestFile.forAllChapterGroups(BaseQuestFile.java:1392) ~[ftb-quests-fabric-2001.4.5.jar:?]
	at dev.ftb.mods.ftbquests.quest.BaseQuestFile.forAllChapters(BaseQuestFile.java:1397) ~[ftb-quests-fabric-2001.4.5.jar:?]
	at dev.ftb.mods.ftbquests.quest.BaseQuestFile.forAllQuests(BaseQuestFile.java:1402) ~[ftb-quests-fabric-2001.4.5.jar:?]
	at dev.ftb.mods.ftbquests.quest.ServerQuestFile.lambda$playerLoggedIn$5(ServerQuestFile.java:179) ~[ftb-quests-fabric-2001.4.5.jar:?]
	at dev.ftb.mods.ftbquests.quest.ServerQuestFile.withPlayerContext(ServerQuestFile.java:159) ~[ftb-quests-fabric-2001.4.5.jar:?]
	at dev.ftb.mods.ftbquests.quest.ServerQuestFile.playerLoggedIn(ServerQuestFile.java:179) ~[ftb-quests-fabric-2001.4.5.jar:?]
	at dev.ftb.mods.ftbquests.FTBQuestsEventHandler.playerLoggedIn(FTBQuestsEventHandler.java:104) ~[ftb-quests-fabric-2001.4.5.jar:?]
	at java.lang.invoke.MethodHandle.invokeWithArguments(MethodHandle.java:732) ~[?:?]
	at dev.architectury.event.EventFactory.invokeMethod(EventFactory.java:53) ~[architectury-9.2.14-fabric.jar:?]
	at dev.architectury.event.EventFactory$4.handleInvocation(EventFactory.java:125) ~[architectury-9.2.14-fabric.jar:?]
	at com.google.common.reflect.AbstractInvocationHandler.invoke(AbstractInvocationHandler.java:87) ~[guava-31.1-jre.jar:?]
	at jdk.proxy2.$Proxy127.accept(Unknown Source) ~[?:?]
	at dev.ftb.mods.ftbteams.data.TeamManagerImpl.playerLoggedIn(TeamManagerImpl.java:319) ~[ftb-teams-fabric-2001.3.0.jar:?]
	at dev.ftb.mods.ftbteams.FTBTeams.playerLoggedIn(FTBTeams.java:77) ~[ftb-teams-fabric-2001.3.0.jar:?]
	at java.lang.invoke.MethodHandle.invokeWithArguments(MethodHandle.java:732) ~[?:?]
	at dev.architectury.event.EventFactory.invokeMethod(EventFactory.java:53) ~[architectury-9.2.14-fabric.jar:?]
	at dev.architectury.event.EventFactory$1.handleInvocation(EventFactory.java:62) ~[architectury-9.2.14-fabric.jar:?]
	at com.google.common.reflect.AbstractInvocationHandler.invoke(AbstractInvocationHandler.java:87) ~[guava-31.1-jre.jar:?]
	at jdk.proxy2.$Proxy198.join(Unknown Source) ~[?:?]
	at net.minecraft.class_3324.handler$zjc000$architectury$placeNewPlayer(class_3324.java:2520) ~[server-intermediary.jar:?]
	at net.minecraft.class_3324.method_14570(class_3324.java:307) ~[server-intermediary.jar:?]
	at net.minecraft.class_3248.method_33800(class_3248.java:131) ~[server-intermediary.jar:?]
	at net.minecraft.class_3248.md1e683e$polymer-networking$lambda$polymerNet$prePlayHandshakeHackfest$0$0(class_3248.java:549) ~[server-intermediary.jar:?]
	at eu.pb4.polymer.networking.impl.EarlyConnectionMagic.lambda$handle$0(EarlyConnectionMagic.java:32) ~[polymer-networking-0.5.15+1.20.1-dc18d44a422d3193.jar:?]
	at eu.pb4.polymer.networking.api.EarlyPlayNetworkHandler.lambda$onKeepAlive$0(EarlyPlayNetworkHandler.java:108) ~[polymer-networking-0.5.15+1.20.1-dc18d44a422d3193.jar:?]
	at net.minecraft.class_3738.run(class_3738.java:18) ~[server-intermediary.jar:?]
	at net.minecraft.class_1255.method_18859(class_1255.java:156) ~[server-intermediary.jar:?]
	at net.minecraft.class_4093.method_18859(class_4093.java:23) ~[server-intermediary.jar:?]
	at net.minecraft.server.MinecraftServer.method_24306(MinecraftServer.java:782) ~[server-intermediary.jar:?]
	at net.minecraft.server.MinecraftServer.method_18859(MinecraftServer.java:164) ~[server-intermediary.jar:?]
	at net.minecraft.class_1255.method_16075(class_1255.java:130) ~[server-intermediary.jar:?]
	at net.minecraft.server.MinecraftServer.method_20415(MinecraftServer.java:764) ~[server-intermediary.jar:?]
	at net.minecraft.server.MinecraftServer.method_16075(MinecraftServer.java:758) ~[server-intermediary.jar:?]
	at net.minecraft.class_1255.method_18857(class_1255.java:139) ~[server-intermediary.jar:?]
	at net.minecraft.server.MinecraftServer.method_16208(MinecraftServer.java:743) ~[server-intermediary.jar:?]
	at net.minecraft.server.MinecraftServer.method_29741(MinecraftServer.java:675) ~[server-intermediary.jar:?]
	at net.minecraft.server.MinecraftServer.method_29739(MinecraftServer.java:265) ~[server-intermediary.jar:?]
	at java.lang.Thread.run(Thread.java:840) ~[?:?]
[18:47:23] [Server thread/ERROR]: Parsing error loading recipe knavesneeds:betternether/cincinnasite_diamond/rapier
com.google.gson.JsonSyntaxException: Unknown item 'betterend:cincinnasite_diamond_upgrade_smithing_template'
	at net.minecraft.class_1869.method_17878(class_1869.java:272) ~[server-intermediary.jar:?]
	at java.util.Optional.orElseThrow(Optional.java:403) ~[?:?]
	at net.minecraft.class_1869.method_8155(class_1869.java:272) ~[server-intermediary.jar:?]
	at net.minecraft.class_1856.method_8107(class_1856.java:160) ~[server-intermediary.jar:?]
	at net.minecraft.class_1856.method_8102(class_1856.java:143) ~[server-intermediary.jar:?]
	at net.minecraft.class_1856.method_52177(class_1856.java:135) ~[server-intermediary.jar:?]
	at net.minecraft.class_8060$class_8061.method_48455(class_8060.java:87) ~[server-intermediary.jar:?]
	at net.minecraft.class_8060$class_8061.method_8121(class_8060.java:84) ~[server-intermediary.jar:?]
	at net.minecraft.class_1863.method_17720(class_1863.java:135) ~[server-intermediary.jar:?]
	at net.minecraft.class_1863.method_20705(class_1863.java:56) ~[server-intermediary.jar:?]
	at net.minecraft.class_1863.method_18788(class_1863.java:35) ~[server-intermediary.jar:?]
	at net.minecraft.class_4080.method_18790(class_4080.java:13) ~[server-intermediary.jar:?]
	at java.util.concurrent.CompletableFuture$UniAccept.tryFire(CompletableFuture.java:718) ~[?:?]
	at java.util.concurrent.CompletableFuture$Completion.run(CompletableFuture.java:482) ~[?:?]
	at net.minecraft.class_4014.method_18365(class_4014.java:69) ~[server-intermediary.jar:?]
	at net.minecraft.class_3738.run(class_3738.java:18) ~[server-intermediary.jar:?]
	at net.minecraft.class_1255.method_18859(class_1255.java:156) ~[server-intermediary.jar:?]
	at net.minecraft.class_4093.method_18859(class_4093.java:23) ~[server-intermediary.jar:?]
	at net.minecraft.server.MinecraftServer.method_24306(MinecraftServer.java:782) ~[server-intermediary.jar:?]
	at net.minecraft.server.MinecraftServer.method_18859(MinecraftServer.java:164) ~[server-intermediary.jar:?]
	at net.minecraft.class_1255.method_16075(class_1255.java:130) ~[server-intermediary.jar:?]
	at net.minecraft.server.MinecraftServer.method_20415(MinecraftServer.java:764) ~[server-intermediary.jar:?]
	at net.minecraft.server.MinecraftServer.method_16075(MinecraftServer.java:758) ~[server-intermediary.jar:?]
	at net.minecraft.class_1255.method_18857(class_1255.java:139) ~[server-intermediary.jar:?]
	at net.minecraft.server.MinecraftServer.method_29439(MinecraftServer.java:1345) ~[server-intermediary.jar:?]
	at net.minecraft.class_3097.method_29480(class_3097.java:22) ~[server-intermediary.jar:?]
	at net.minecraft.class_3097.method_13530(class_3097.java:53) ~[server-intermediary.jar:?]
	at com.mojang.brigadier.CommandDispatcher.execute(CommandDispatcher.java:264) ~[brigadier-1.1.8.jar:?]
	at net.minecraft.class_2158$class_2160.method_36318(class_2158.java:96) ~[server-intermediary.jar:?]
	at net.minecraft.class_2158$class_2160.method_9198(class_2158.java:90) ~[server-intermediary.jar:?]
	at net.minecraft.class_2991$class_2992.method_12914(class_2991.java:135) ~[server-intermediary.jar:?]
	at net.minecraft.class_2991$class_6345.method_36346(class_2991.java:210) ~[server-intermediary.jar:?]
	at net.minecraft.class_2991.method_36341(class_2991.java:85) ~[server-intermediary.jar:?]
	at net.minecraft.class_2991.method_12904(class_2991.java:69) ~[server-intermediary.jar:?]
	at net.minecraft.class_3062.method_13381(class_3062.java:46) ~[server-intermediary.jar:?]
	at net.minecraft.class_3062.method_13383(class_3062.java:35) ~[server-intermediary.jar:?]
	at com.mojang.brigadier.CommandDispatcher.execute(CommandDispatcher.java:264) ~[brigadier-1.1.8.jar:?]
	at net.minecraft.class_2170.redirect$zia000$architectury$performCommand(class_2170.java:1045) ~[server-intermediary.jar:?]
	at net.minecraft.class_2170.method_9249(class_2170.java:287) ~[server-intermediary.jar:?]
	at net.minecraft.class_2170.method_44252(class_2170.java:280) ~[server-intermediary.jar:?]
	at dev.ftb.mods.ftbquests.quest.reward.CommandReward.claim(CommandReward.java:104) ~[ftb-quests-fabric-2001.4.5.jar:?]
	at dev.ftb.mods.ftbquests.quest.TeamData.claimReward(TeamData.java:538) ~[ftb-quests-fabric-2001.4.5.jar:?]
	at dev.ftb.mods.ftbquests.quest.TeamData.checkAutoCompletion(TeamData.java:568) ~[ftb-quests-fabric-2001.4.5.jar:?]
	at dev.ftb.mods.ftbquests.quest.Quest.onCompleted(Quest.java:544) ~[ftb-quests-fabric-2001.4.5.jar:?]
	at dev.ftb.mods.ftbquests.quest.ServerQuestFile.lambda$playerLoggedIn$4(ServerQuestFile.java:185) ~[ftb-quests-fabric-2001.4.5.jar:?]
	at java.util.ArrayList.forEach(ArrayList.java:1511) ~[?:?]
	at java.util.Collections$UnmodifiableCollection.forEach(Collections.java:1092) ~[?:?]
	at dev.ftb.mods.ftbquests.quest.BaseQuestFile.lambda$forAllQuests$48(BaseQuestFile.java:1402) ~[ftb-quests-fabric-2001.4.5.jar:?]
	at java.util.ArrayList.forEach(ArrayList.java:1511) ~[?:?]
	at java.util.Collections$UnmodifiableCollection.forEach(Collections.java:1092) ~[?:?]
	at dev.ftb.mods.ftbquests.quest.BaseQuestFile.lambda$forAllChapters$47(BaseQuestFile.java:1397) ~[ftb-quests-fabric-2001.4.5.jar:?]
	at java.util.ArrayList.forEach(ArrayList.java:1511) ~[?:?]
	at dev.ftb.mods.ftbquests.quest.BaseQuestFile.forAllChapterGroups(BaseQuestFile.java:1392) ~[ftb-quests-fabric-2001.4.5.jar:?]
	at dev.ftb.mods.ftbquests.quest.BaseQuestFile.forAllChapters(BaseQuestFile.java:1397) ~[ftb-quests-fabric-2001.4.5.jar:?]
	at dev.ftb.mods.ftbquests.quest.BaseQuestFile.forAllQuests(BaseQuestFile.java:1402) ~[ftb-quests-fabric-2001.4.5.jar:?]
	at dev.ftb.mods.ftbquests.quest.ServerQuestFile.lambda$playerLoggedIn$5(ServerQuestFile.java:179) ~[ftb-quests-fabric-2001.4.5.jar:?]
	at dev.ftb.mods.ftbquests.quest.ServerQuestFile.withPlayerContext(ServerQuestFile.java:159) ~[ftb-quests-fabric-2001.4.5.jar:?]
	at dev.ftb.mods.ftbquests.quest.ServerQuestFile.playerLoggedIn(ServerQuestFile.java:179) ~[ftb-quests-fabric-2001.4.5.jar:?]
	at dev.ftb.mods.ftbquests.FTBQuestsEventHandler.playerLoggedIn(FTBQuestsEventHandler.java:104) ~[ftb-quests-fabric-2001.4.5.jar:?]
	at java.lang.invoke.MethodHandle.invokeWithArguments(MethodHandle.java:732) ~[?:?]
	at dev.architectury.event.EventFactory.invokeMethod(EventFactory.java:53) ~[architectury-9.2.14-fabric.jar:?]
	at dev.architectury.event.EventFactory$4.handleInvocation(EventFactory.java:125) ~[architectury-9.2.14-fabric.jar:?]
	at com.google.common.reflect.AbstractInvocationHandler.invoke(AbstractInvocationHandler.java:87) ~[guava-31.1-jre.jar:?]
	at jdk.proxy2.$Proxy127.accept(Unknown Source) ~[?:?]
	at dev.ftb.mods.ftbteams.data.TeamManagerImpl.playerLoggedIn(TeamManagerImpl.java:319) ~[ftb-teams-fabric-2001.3.0.jar:?]
	at dev.ftb.mods.ftbteams.FTBTeams.playerLoggedIn(FTBTeams.java:77) ~[ftb-teams-fabric-2001.3.0.jar:?]
	at java.lang.invoke.MethodHandle.invokeWithArguments(MethodHandle.java:732) ~[?:?]
	at dev.architectury.event.EventFactory.invokeMethod(EventFactory.java:53) ~[architectury-9.2.14-fabric.jar:?]
	at dev.architectury.event.EventFactory$1.handleInvocation(EventFactory.java:62) ~[architectury-9.2.14-fabric.jar:?]
	at com.google.common.reflect.AbstractInvocationHandler.invoke(AbstractInvocationHandler.java:87) ~[guava-31.1-jre.jar:?]
	at jdk.proxy2.$Proxy198.join(Unknown Source) ~[?:?]
	at net.minecraft.class_3324.handler$zjc000$architectury$placeNewPlayer(class_3324.java:2520) ~[server-intermediary.jar:?]
	at net.minecraft.class_3324.method_14570(class_3324.java:307) ~[server-intermediary.jar:?]
	at net.minecraft.class_3248.method_33800(class_3248.java:131) ~[server-intermediary.jar:?]
	at net.minecraft.class_3248.md1e683e$polymer-networking$lambda$polymerNet$prePlayHandshakeHackfest$0$0(class_3248.java:549) ~[server-intermediary.jar:?]
	at eu.pb4.polymer.networking.impl.EarlyConnectionMagic.lambda$handle$0(EarlyConnectionMagic.java:32) ~[polymer-networking-0.5.15+1.20.1-dc18d44a422d3193.jar:?]
	at eu.pb4.polymer.networking.api.EarlyPlayNetworkHandler.lambda$onKeepAlive$0(EarlyPlayNetworkHandler.java:108) ~[polymer-networking-0.5.15+1.20.1-dc18d44a422d3193.jar:?]
	at net.minecraft.class_3738.run(class_3738.java:18) ~[server-intermediary.jar:?]
	at net.minecraft.class_1255.method_18859(class_1255.java:156) ~[server-intermediary.jar:?]
	at net.minecraft.class_4093.method_18859(class_4093.java:23) ~[server-intermediary.jar:?]
	at net.minecraft.server.MinecraftServer.method_24306(MinecraftServer.java:782) ~[server-intermediary.jar:?]
	at net.minecraft.server.MinecraftServer.method_18859(MinecraftServer.java:164) ~[server-intermediary.jar:?]
	at net.minecraft.class_1255.method_16075(class_1255.java:130) ~[server-intermediary.jar:?]
	at net.minecraft.server.MinecraftServer.method_20415(MinecraftServer.java:764) ~[server-intermediary.jar:?]
	at net.minecraft.server.MinecraftServer.method_16075(MinecraftServer.java:758) ~[server-intermediary.jar:?]
	at net.minecraft.class_1255.method_18857(class_1255.java:139) ~[server-intermediary.jar:?]
	at net.minecraft.server.MinecraftServer.method_16208(MinecraftServer.java:743) ~[server-intermediary.jar:?]
	at net.minecraft.server.MinecraftServer.method_29741(MinecraftServer.java:675) ~[server-intermediary.jar:?]
	at net.minecraft.server.MinecraftServer.method_29739(MinecraftServer.java:265) ~[server-intermediary.jar:?]
	at java.lang.Thread.run(Thread.java:840) ~[?:?]
[18:47:23] [Server thread/ERROR]: Parsing error loading recipe knavesneeds:betternether/cincinnasite_diamond/sai
com.google.gson.JsonSyntaxException: Unknown item 'betterend:cincinnasite_diamond_upgrade_smithing_template'
	at net.minecraft.class_1869.method_17878(class_1869.java:272) ~[server-intermediary.jar:?]
	at java.util.Optional.orElseThrow(Optional.java:403) ~[?:?]
	at net.minecraft.class_1869.method_8155(class_1869.java:272) ~[server-intermediary.jar:?]
	at net.minecraft.class_1856.method_8107(class_1856.java:160) ~[server-intermediary.jar:?]
	at net.minecraft.class_1856.method_8102(class_1856.java:143) ~[server-intermediary.jar:?]
	at net.minecraft.class_1856.method_52177(class_1856.java:135) ~[server-intermediary.jar:?]
	at net.minecraft.class_8060$class_8061.method_48455(class_8060.java:87) ~[server-intermediary.jar:?]
	at net.minecraft.class_8060$class_8061.method_8121(class_8060.java:84) ~[server-intermediary.jar:?]
	at net.minecraft.class_1863.method_17720(class_1863.java:135) ~[server-intermediary.jar:?]
	at net.minecraft.class_1863.method_20705(class_1863.java:56) ~[server-intermediary.jar:?]
	at net.minecraft.class_1863.method_18788(class_1863.java:35) ~[server-intermediary.jar:?]
	at net.minecraft.class_4080.method_18790(class_4080.java:13) ~[server-intermediary.jar:?]
	at java.util.concurrent.CompletableFuture$UniAccept.tryFire(CompletableFuture.java:718) ~[?:?]
	at java.util.concurrent.CompletableFuture$Completion.run(CompletableFuture.java:482) ~[?:?]
	at net.minecraft.class_4014.method_18365(class_4014.java:69) ~[server-intermediary.jar:?]
	at net.minecraft.class_3738.run(class_3738.java:18) ~[server-intermediary.jar:?]
	at net.minecraft.class_1255.method_18859(class_1255.java:156) ~[server-intermediary.jar:?]
	at net.minecraft.class_4093.method_18859(class_4093.java:23) ~[server-intermediary.jar:?]
	at net.minecraft.server.MinecraftServer.method_24306(MinecraftServer.java:782) ~[server-intermediary.jar:?]
	at net.minecraft.server.MinecraftServer.method_18859(MinecraftServer.java:164) ~[server-intermediary.jar:?]
	at net.minecraft.class_1255.method_16075(class_1255.java:130) ~[server-intermediary.jar:?]
	at net.minecraft.server.MinecraftServer.method_20415(MinecraftServer.java:764) ~[server-intermediary.jar:?]
	at net.minecraft.server.MinecraftServer.method_16075(MinecraftServer.java:758) ~[server-intermediary.jar:?]
	at net.minecraft.class_1255.method_18857(class_1255.java:139) ~[server-intermediary.jar:?]
	at net.minecraft.server.MinecraftServer.method_29439(MinecraftServer.java:1345) ~[server-intermediary.jar:?]
	at net.minecraft.class_3097.method_29480(class_3097.java:22) ~[server-intermediary.jar:?]
	at net.minecraft.class_3097.method_13530(class_3097.java:53) ~[server-intermediary.jar:?]
	at com.mojang.brigadier.CommandDispatcher.execute(CommandDispatcher.java:264) ~[brigadier-1.1.8.jar:?]
	at net.minecraft.class_2158$class_2160.method_36318(class_2158.java:96) ~[server-intermediary.jar:?]
	at net.minecraft.class_2158$class_2160.method_9198(class_2158.java:90) ~[server-intermediary.jar:?]
	at net.minecraft.class_2991$class_2992.method_12914(class_2991.java:135) ~[server-intermediary.jar:?]
	at net.minecraft.class_2991$class_6345.method_36346(class_2991.java:210) ~[server-intermediary.jar:?]
	at net.minecraft.class_2991.method_36341(class_2991.java:85) ~[server-intermediary.jar:?]
	at net.minecraft.class_2991.method_12904(class_2991.java:69) ~[server-intermediary.jar:?]
	at net.minecraft.class_3062.method_13381(class_3062.java:46) ~[server-intermediary.jar:?]
	at net.minecraft.class_3062.method_13383(class_3062.java:35) ~[server-intermediary.jar:?]
	at com.mojang.brigadier.CommandDispatcher.execute(CommandDispatcher.java:264) ~[brigadier-1.1.8.jar:?]
	at net.minecraft.class_2170.redirect$zia000$architectury$performCommand(class_2170.java:1045) ~[server-intermediary.jar:?]
	at net.minecraft.class_2170.method_9249(class_2170.java:287) ~[server-intermediary.jar:?]
	at net.minecraft.class_2170.method_44252(class_2170.java:280) ~[server-intermediary.jar:?]
	at dev.ftb.mods.ftbquests.quest.reward.CommandReward.claim(CommandReward.java:104) ~[ftb-quests-fabric-2001.4.5.jar:?]
	at dev.ftb.mods.ftbquests.quest.TeamData.claimReward(TeamData.java:538) ~[ftb-quests-fabric-2001.4.5.jar:?]
	at dev.ftb.mods.ftbquests.quest.TeamData.checkAutoCompletion(TeamData.java:568) ~[ftb-quests-fabric-2001.4.5.jar:?]
	at dev.ftb.mods.ftbquests.quest.Quest.onCompleted(Quest.java:544) ~[ftb-quests-fabric-2001.4.5.jar:?]
	at dev.ftb.mods.ftbquests.quest.ServerQuestFile.lambda$playerLoggedIn$4(ServerQuestFile.java:185) ~[ftb-quests-fabric-2001.4.5.jar:?]
	at java.util.ArrayList.forEach(ArrayList.java:1511) ~[?:?]
	at java.util.Collections$UnmodifiableCollection.forEach(Collections.java:1092) ~[?:?]
	at dev.ftb.mods.ftbquests.quest.BaseQuestFile.lambda$forAllQuests$48(BaseQuestFile.java:1402) ~[ftb-quests-fabric-2001.4.5.jar:?]
	at java.util.ArrayList.forEach(ArrayList.java:1511) ~[?:?]
	at java.util.Collections$UnmodifiableCollection.forEach(Collections.java:1092) ~[?:?]
	at dev.ftb.mods.ftbquests.quest.BaseQuestFile.lambda$forAllChapters$47(BaseQuestFile.java:1397) ~[ftb-quests-fabric-2001.4.5.jar:?]
	at java.util.ArrayList.forEach(ArrayList.java:1511) ~[?:?]
	at dev.ftb.mods.ftbquests.quest.BaseQuestFile.forAllChapterGroups(BaseQuestFile.java:1392) ~[ftb-quests-fabric-2001.4.5.jar:?]
	at dev.ftb.mods.ftbquests.quest.BaseQuestFile.forAllChapters(BaseQuestFile.java:1397) ~[ftb-quests-fabric-2001.4.5.jar:?]
	at dev.ftb.mods.ftbquests.quest.BaseQuestFile.forAllQuests(BaseQuestFile.java:1402) ~[ftb-quests-fabric-2001.4.5.jar:?]
	at dev.ftb.mods.ftbquests.quest.ServerQuestFile.lambda$playerLoggedIn$5(ServerQuestFile.java:179) ~[ftb-quests-fabric-2001.4.5.jar:?]
	at dev.ftb.mods.ftbquests.quest.ServerQuestFile.withPlayerContext(ServerQuestFile.java:159) ~[ftb-quests-fabric-2001.4.5.jar:?]
	at dev.ftb.mods.ftbquests.quest.ServerQuestFile.playerLoggedIn(ServerQuestFile.java:179) ~[ftb-quests-fabric-2001.4.5.jar:?]
	at dev.ftb.mods.ftbquests.FTBQuestsEventHandler.playerLoggedIn(FTBQuestsEventHandler.java:104) ~[ftb-quests-fabric-2001.4.5.jar:?]
	at java.lang.invoke.MethodHandle.invokeWithArguments(MethodHandle.java:732) ~[?:?]
	at dev.architectury.event.EventFactory.invokeMethod(EventFactory.java:53) ~[architectury-9.2.14-fabric.jar:?]
	at dev.architectury.event.EventFactory$4.handleInvocation(EventFactory.java:125) ~[architectury-9.2.14-fabric.jar:?]
	at com.google.common.reflect.AbstractInvocationHandler.invoke(AbstractInvocationHandler.java:87) ~[guava-31.1-jre.jar:?]
	at jdk.proxy2.$Proxy127.accept(Unknown Source) ~[?:?]
	at dev.ftb.mods.ftbteams.data.TeamManagerImpl.playerLoggedIn(TeamManagerImpl.java:319) ~[ftb-teams-fabric-2001.3.0.jar:?]
	at dev.ftb.mods.ftbteams.FTBTeams.playerLoggedIn(FTBTeams.java:77) ~[ftb-teams-fabric-2001.3.0.jar:?]
	at java.lang.invoke.MethodHandle.invokeWithArguments(MethodHandle.java:732) ~[?:?]
	at dev.architectury.event.EventFactory.invokeMethod(EventFactory.java:53) ~[architectury-9.2.14-fabric.jar:?]
	at dev.architectury.event.EventFactory$1.handleInvocation(EventFactory.java:62) ~[architectury-9.2.14-fabric.jar:?]
	at com.google.common.reflect.AbstractInvocationHandler.invoke(AbstractInvocationHandler.java:87) ~[guava-31.1-jre.jar:?]
	at jdk.proxy2.$Proxy198.join(Unknown Source) ~[?:?]
	at net.minecraft.class_3324.handler$zjc000$architectury$placeNewPlayer(class_3324.java:2520) ~[server-intermediary.jar:?]
	at net.minecraft.class_3324.method_14570(class_3324.java:307) ~[server-intermediary.jar:?]
	at net.minecraft.class_3248.method_33800(class_3248.java:131) ~[server-intermediary.jar:?]
	at net.minecraft.class_3248.md1e683e$polymer-networking$lambda$polymerNet$prePlayHandshakeHackfest$0$0(class_3248.java:549) ~[server-intermediary.jar:?]
	at eu.pb4.polymer.networking.impl.EarlyConnectionMagic.lambda$handle$0(EarlyConnectionMagic.java:32) ~[polymer-networking-0.5.15+1.20.1-dc18d44a422d3193.jar:?]
	at eu.pb4.polymer.networking.api.EarlyPlayNetworkHandler.lambda$onKeepAlive$0(EarlyPlayNetworkHandler.java:108) ~[polymer-networking-0.5.15+1.20.1-dc18d44a422d3193.jar:?]
	at net.minecraft.class_3738.run(class_3738.java:18) ~[server-intermediary.jar:?]
	at net.minecraft.class_1255.method_18859(class_1255.java:156) ~[server-intermediary.jar:?]
	at net.minecraft.class_4093.method_18859(class_4093.java:23) ~[server-intermediary.jar:?]
	at net.minecraft.server.MinecraftServer.method_24306(MinecraftServer.java:782) ~[server-intermediary.jar:?]
	at net.minecraft.server.MinecraftServer.method_18859(MinecraftServer.java:164) ~[server-intermediary.jar:?]
	at net.minecraft.class_1255.method_16075(class_1255.java:130) ~[server-intermediary.jar:?]
	at net.minecraft.server.MinecraftServer.method_20415(MinecraftServer.java:764) ~[server-intermediary.jar:?]
	at net.minecraft.server.MinecraftServer.method_16075(MinecraftServer.java:758) ~[server-intermediary.jar:?]
	at net.minecraft.class_1255.method_18857(class_1255.java:139) ~[server-intermediary.jar:?]
	at net.minecraft.server.MinecraftServer.method_16208(MinecraftServer.java:743) ~[server-intermediary.jar:?]
	at net.minecraft.server.MinecraftServer.method_29741(MinecraftServer.java:675) ~[server-intermediary.jar:?]
	at net.minecraft.server.MinecraftServer.method_29739(MinecraftServer.java:265) ~[server-intermediary.jar:?]
	at java.lang.Thread.run(Thread.java:840) ~[?:?]
[18:47:23] [Server thread/ERROR]: Parsing error loading recipe bewitchment:cauldron_brewing/polymorph
com.google.gson.JsonSyntaxException: Missing type, expected to find a string
	at net.minecraft.class_3518.method_15265(class_3518.java:127) ~[server-intermediary.jar:?]
	at net.minecraft.class_1863.method_17720(class_1863.java:132) ~[server-intermediary.jar:?]
	at net.minecraft.class_1863.method_20705(class_1863.java:56) ~[server-intermediary.jar:?]
	at net.minecraft.class_1863.method_18788(class_1863.java:35) ~[server-intermediary.jar:?]
	at net.minecraft.class_4080.method_18790(class_4080.java:13) ~[server-intermediary.jar:?]
	at java.util.concurrent.CompletableFuture$UniAccept.tryFire(CompletableFuture.java:718) ~[?:?]
	at java.util.concurrent.CompletableFuture$Completion.run(CompletableFuture.java:482) ~[?:?]
	at net.minecraft.class_4014.method_18365(class_4014.java:69) ~[server-intermediary.jar:?]
	at net.minecraft.class_3738.run(class_3738.java:18) ~[server-intermediary.jar:?]
	at net.minecraft.class_1255.method_18859(class_1255.java:156) ~[server-intermediary.jar:?]
	at net.minecraft.class_4093.method_18859(class_4093.java:23) ~[server-intermediary.jar:?]
	at net.minecraft.server.MinecraftServer.method_24306(MinecraftServer.java:782) ~[server-intermediary.jar:?]
	at net.minecraft.server.MinecraftServer.method_18859(MinecraftServer.java:164) ~[server-intermediary.jar:?]
	at net.minecraft.class_1255.method_16075(class_1255.java:130) ~[server-intermediary.jar:?]
	at net.minecraft.server.MinecraftServer.method_20415(MinecraftServer.java:764) ~[server-intermediary.jar:?]
	at net.minecraft.server.MinecraftServer.method_16075(MinecraftServer.java:758) ~[server-intermediary.jar:?]
	at net.minecraft.class_1255.method_18857(class_1255.java:139) ~[server-intermediary.jar:?]
	at net.minecraft.server.MinecraftServer.method_29439(MinecraftServer.java:1345) ~[server-intermediary.jar:?]
	at net.minecraft.class_3097.method_29480(class_3097.java:22) ~[server-intermediary.jar:?]
	at net.minecraft.class_3097.method_13530(class_3097.java:53) ~[server-intermediary.jar:?]
	at com.mojang.brigadier.CommandDispatcher.execute(CommandDispatcher.java:264) ~[brigadier-1.1.8.jar:?]
	at net.minecraft.class_2158$class_2160.method_36318(class_2158.java:96) ~[server-intermediary.jar:?]
	at net.minecraft.class_2158$class_2160.method_9198(class_2158.java:90) ~[server-intermediary.jar:?]
	at net.minecraft.class_2991$class_2992.method_12914(class_2991.java:135) ~[server-intermediary.jar:?]
	at net.minecraft.class_2991$class_6345.method_36346(class_2991.java:210) ~[server-intermediary.jar:?]
	at net.minecraft.class_2991.method_36341(class_2991.java:85) ~[server-intermediary.jar:?]
	at net.minecraft.class_2991.method_12904(class_2991.java:69) ~[server-intermediary.jar:?]
	at net.minecraft.class_3062.method_13381(class_3062.java:46) ~[server-intermediary.jar:?]
	at net.minecraft.class_3062.method_13383(class_3062.java:35) ~[server-intermediary.jar:?]
	at com.mojang.brigadier.CommandDispatcher.execute(CommandDispatcher.java:264) ~[brigadier-1.1.8.jar:?]
	at net.minecraft.class_2170.redirect$zia000$architectury$performCommand(class_2170.java:1045) ~[server-intermediary.jar:?]
	at net.minecraft.class_2170.method_9249(class_2170.java:287) ~[server-intermediary.jar:?]
	at net.minecraft.class_2170.method_44252(class_2170.java:280) ~[server-intermediary.jar:?]
	at dev.ftb.mods.ftbquests.quest.reward.CommandReward.claim(CommandReward.java:104) ~[ftb-quests-fabric-2001.4.5.jar:?]
	at dev.ftb.mods.ftbquests.quest.TeamData.claimReward(TeamData.java:538) ~[ftb-quests-fabric-2001.4.5.jar:?]
	at dev.ftb.mods.ftbquests.quest.TeamData.checkAutoCompletion(TeamData.java:568) ~[ftb-quests-fabric-2001.4.5.jar:?]
	at dev.ftb.mods.ftbquests.quest.Quest.onCompleted(Quest.java:544) ~[ftb-quests-fabric-2001.4.5.jar:?]
	at dev.ftb.mods.ftbquests.quest.ServerQuestFile.lambda$playerLoggedIn$4(ServerQuestFile.java:185) ~[ftb-quests-fabric-2001.4.5.jar:?]
	at java.util.ArrayList.forEach(ArrayList.java:1511) ~[?:?]
	at java.util.Collections$UnmodifiableCollection.forEach(Collections.java:1092) ~[?:?]
	at dev.ftb.mods.ftbquests.quest.BaseQuestFile.lambda$forAllQuests$48(BaseQuestFile.java:1402) ~[ftb-quests-fabric-2001.4.5.jar:?]
	at java.util.ArrayList.forEach(ArrayList.java:1511) ~[?:?]
	at java.util.Collections$UnmodifiableCollection.forEach(Collections.java:1092) ~[?:?]
	at dev.ftb.mods.ftbquests.quest.BaseQuestFile.lambda$forAllChapters$47(BaseQuestFile.java:1397) ~[ftb-quests-fabric-2001.4.5.jar:?]
	at java.util.ArrayList.forEach(ArrayList.java:1511) ~[?:?]
	at dev.ftb.mods.ftbquests.quest.BaseQuestFile.forAllChapterGroups(BaseQuestFile.java:1392) ~[ftb-quests-fabric-2001.4.5.jar:?]
	at dev.ftb.mods.ftbquests.quest.BaseQuestFile.forAllChapters(BaseQuestFile.java:1397) ~[ftb-quests-fabric-2001.4.5.jar:?]
	at dev.ftb.mods.ftbquests.quest.BaseQuestFile.forAllQuests(BaseQuestFile.java:1402) ~[ftb-quests-fabric-2001.4.5.jar:?]
	at dev.ftb.mods.ftbquests.quest.ServerQuestFile.lambda$playerLoggedIn$5(ServerQuestFile.java:179) ~[ftb-quests-fabric-2001.4.5.jar:?]
	at dev.ftb.mods.ftbquests.quest.ServerQuestFile.withPlayerContext(ServerQuestFile.java:159) ~[ftb-quests-fabric-2001.4.5.jar:?]
	at dev.ftb.mods.ftbquests.quest.ServerQuestFile.playerLoggedIn(ServerQuestFile.java:179) ~[ftb-quests-fabric-2001.4.5.jar:?]
	at dev.ftb.mods.ftbquests.FTBQuestsEventHandler.playerLoggedIn(FTBQuestsEventHandler.java:104) ~[ftb-quests-fabric-2001.4.5.jar:?]
	at java.lang.invoke.MethodHandle.invokeWithArguments(MethodHandle.java:732) ~[?:?]
	at dev.architectury.event.EventFactory.invokeMethod(EventFactory.java:53) ~[architectury-9.2.14-fabric.jar:?]
	at dev.architectury.event.EventFactory$4.handleInvocation(EventFactory.java:125) ~[architectury-9.2.14-fabric.jar:?]
	at com.google.common.reflect.AbstractInvocationHandler.invoke(AbstractInvocationHandler.java:87) ~[guava-31.1-jre.jar:?]
	at jdk.proxy2.$Proxy127.accept(Unknown Source) ~[?:?]
	at dev.ftb.mods.ftbteams.data.TeamManagerImpl.playerLoggedIn(TeamManagerImpl.java:319) ~[ftb-teams-fabric-2001.3.0.jar:?]
	at dev.ftb.mods.ftbteams.FTBTeams.playerLoggedIn(FTBTeams.java:77) ~[ftb-teams-fabric-2001.3.0.jar:?]
	at java.lang.invoke.MethodHandle.invokeWithArguments(MethodHandle.java:732) ~[?:?]
	at dev.architectury.event.EventFactory.invokeMethod(EventFactory.java:53) ~[architectury-9.2.14-fabric.jar:?]
	at dev.architectury.event.EventFactory$1.handleInvocation(EventFactory.java:62) ~[architectury-9.2.14-fabric.jar:?]
	at com.google.common.reflect.AbstractInvocationHandler.invoke(AbstractInvocationHandler.java:87) ~[guava-31.1-jre.jar:?]
	at jdk.proxy2.$Proxy198.join(Unknown Source) ~[?:?]
	at net.minecraft.class_3324.handler$zjc000$architectury$placeNewPlayer(class_3324.java:2520) ~[server-intermediary.jar:?]
	at net.minecraft.class_3324.method_14570(class_3324.java:307) ~[server-intermediary.jar:?]
	at net.minecraft.class_3248.method_33800(class_3248.java:131) ~[server-intermediary.jar:?]
	at net.minecraft.class_3248.md1e683e$polymer-networking$lambda$polymerNet$prePlayHandshakeHackfest$0$0(class_3248.java:549) ~[server-intermediary.jar:?]
	at eu.pb4.polymer.networking.impl.EarlyConnectionMagic.lambda$handle$0(EarlyConnectionMagic.java:32) ~[polymer-networking-0.5.15+1.20.1-dc18d44a422d3193.jar:?]
	at eu.pb4.polymer.networking.api.EarlyPlayNetworkHandler.lambda$onKeepAlive$0(EarlyPlayNetworkHandler.java:108) ~[polymer-networking-0.5.15+1.20.1-dc18d44a422d3193.jar:?]
	at net.minecraft.class_3738.run(class_3738.java:18) ~[server-intermediary.jar:?]
	at net.minecraft.class_1255.method_18859(class_1255.java:156) ~[server-intermediary.jar:?]
	at net.minecraft.class_4093.method_18859(class_4093.java:23) ~[server-intermediary.jar:?]
	at net.minecraft.server.MinecraftServer.method_24306(MinecraftServer.java:782) ~[server-intermediary.jar:?]
	at net.minecraft.server.MinecraftServer.method_18859(MinecraftServer.java:164) ~[server-intermediary.jar:?]
	at net.minecraft.class_1255.method_16075(class_1255.java:130) ~[server-intermediary.jar:?]
	at net.minecraft.server.MinecraftServer.method_20415(MinecraftServer.java:764) ~[server-intermediary.jar:?]
	at net.minecraft.server.MinecraftServer.method_16075(MinecraftServer.java:758) ~[server-intermediary.jar:?]
	at net.minecraft.class_1255.method_18857(class_1255.java:139) ~[server-intermediary.jar:?]
	at net.minecraft.server.MinecraftServer.method_16208(MinecraftServer.java:743) ~[server-intermediary.jar:?]
	at net.minecraft.server.MinecraftServer.method_29741(MinecraftServer.java:675) ~[server-intermediary.jar:?]
	at net.minecraft.server.MinecraftServer.method_29739(MinecraftServer.java:265) ~[server-intermediary.jar:?]
	at java.lang.Thread.run(Thread.java:840) ~[?:?]
[18:47:24] [Server thread/ERROR]: Parsing error loading recipe knavesneeds:betternether/cincinnasite_diamond/cutlass
com.google.gson.JsonSyntaxException: Unknown item 'betterend:cincinnasite_diamond_upgrade_smithing_template'
	at net.minecraft.class_1869.method_17878(class_1869.java:272) ~[server-intermediary.jar:?]
	at java.util.Optional.orElseThrow(Optional.java:403) ~[?:?]
	at net.minecraft.class_1869.method_8155(class_1869.java:272) ~[server-intermediary.jar:?]
	at net.minecraft.class_1856.method_8107(class_1856.java:160) ~[server-intermediary.jar:?]
	at net.minecraft.class_1856.method_8102(class_1856.java:143) ~[server-intermediary.jar:?]
	at net.minecraft.class_1856.method_52177(class_1856.java:135) ~[server-intermediary.jar:?]
	at net.minecraft.class_8060$class_8061.method_48455(class_8060.java:87) ~[server-intermediary.jar:?]
	at net.minecraft.class_8060$class_8061.method_8121(class_8060.java:84) ~[server-intermediary.jar:?]
	at net.minecraft.class_1863.method_17720(class_1863.java:135) ~[server-intermediary.jar:?]
	at net.minecraft.class_1863.method_20705(class_1863.java:56) ~[server-intermediary.jar:?]
	at net.minecraft.class_1863.method_18788(class_1863.java:35) ~[server-intermediary.jar:?]
	at net.minecraft.class_4080.method_18790(class_4080.java:13) ~[server-intermediary.jar:?]
	at java.util.concurrent.CompletableFuture$UniAccept.tryFire(CompletableFuture.java:718) ~[?:?]
	at java.util.concurrent.CompletableFuture$Completion.run(CompletableFuture.java:482) ~[?:?]
	at net.minecraft.class_4014.method_18365(class_4014.java:69) ~[server-intermediary.jar:?]
	at net.minecraft.class_3738.run(class_3738.java:18) ~[server-intermediary.jar:?]
	at net.minecraft.class_1255.method_18859(class_1255.java:156) ~[server-intermediary.jar:?]
	at net.minecraft.class_4093.method_18859(class_4093.java:23) ~[server-intermediary.jar:?]
	at net.minecraft.server.MinecraftServer.method_24306(MinecraftServer.java:782) ~[server-intermediary.jar:?]
	at net.minecraft.server.MinecraftServer.method_18859(MinecraftServer.java:164) ~[server-intermediary.jar:?]
	at net.minecraft.class_1255.method_16075(class_1255.java:130) ~[server-intermediary.jar:?]
	at net.minecraft.server.MinecraftServer.method_20415(MinecraftServer.java:764) ~[server-intermediary.jar:?]
	at net.minecraft.server.MinecraftServer.method_16075(MinecraftServer.java:758) ~[server-intermediary.jar:?]
	at net.minecraft.class_1255.method_18857(class_1255.java:139) ~[server-intermediary.jar:?]
	at net.minecraft.server.MinecraftServer.method_29439(MinecraftServer.java:1345) ~[server-intermediary.jar:?]
	at net.minecraft.class_3097.method_29480(class_3097.java:22) ~[server-intermediary.jar:?]
	at net.minecraft.class_3097.method_13530(class_3097.java:53) ~[server-intermediary.jar:?]
	at com.mojang.brigadier.CommandDispatcher.execute(CommandDispatcher.java:264) ~[brigadier-1.1.8.jar:?]
	at net.minecraft.class_2158$class_2160.method_36318(class_2158.java:96) ~[server-intermediary.jar:?]
	at net.minecraft.class_2158$class_2160.method_9198(class_2158.java:90) ~[server-intermediary.jar:?]
	at net.minecraft.class_2991$class_2992.method_12914(class_2991.java:135) ~[server-intermediary.jar:?]
	at net.minecraft.class_2991$class_6345.method_36346(class_2991.java:210) ~[server-intermediary.jar:?]
	at net.minecraft.class_2991.method_36341(class_2991.java:85) ~[server-intermediary.jar:?]
	at net.minecraft.class_2991.method_12904(class_2991.java:69) ~[server-intermediary.jar:?]
	at net.minecraft.class_3062.method_13381(class_3062.java:46) ~[server-intermediary.jar:?]
	at net.minecraft.class_3062.method_13383(class_3062.java:35) ~[server-intermediary.jar:?]
	at com.mojang.brigadier.CommandDispatcher.execute(CommandDispatcher.java:264) ~[brigadier-1.1.8.jar:?]
	at net.minecraft.class_2170.redirect$zia000$architectury$performCommand(class_2170.java:1045) ~[server-intermediary.jar:?]
	at net.minecraft.class_2170.method_9249(class_2170.java:287) ~[server-intermediary.jar:?]
	at net.minecraft.class_2170.method_44252(class_2170.java:280) ~[server-intermediary.jar:?]
	at dev.ftb.mods.ftbquests.quest.reward.CommandReward.claim(CommandReward.java:104) ~[ftb-quests-fabric-2001.4.5.jar:?]
	at dev.ftb.mods.ftbquests.quest.TeamData.claimReward(TeamData.java:538) ~[ftb-quests-fabric-2001.4.5.jar:?]
	at dev.ftb.mods.ftbquests.quest.TeamData.checkAutoCompletion(TeamData.java:568) ~[ftb-quests-fabric-2001.4.5.jar:?]
	at dev.ftb.mods.ftbquests.quest.Quest.onCompleted(Quest.java:544) ~[ftb-quests-fabric-2001.4.5.jar:?]
	at dev.ftb.mods.ftbquests.quest.ServerQuestFile.lambda$playerLoggedIn$4(ServerQuestFile.java:185) ~[ftb-quests-fabric-2001.4.5.jar:?]
	at java.util.ArrayList.forEach(ArrayList.java:1511) ~[?:?]
	at java.util.Collections$UnmodifiableCollection.forEach(Collections.java:1092) ~[?:?]
	at dev.ftb.mods.ftbquests.quest.BaseQuestFile.lambda$forAllQuests$48(BaseQuestFile.java:1402) ~[ftb-quests-fabric-2001.4.5.jar:?]
	at java.util.ArrayList.forEach(ArrayList.java:1511) ~[?:?]
	at java.util.Collections$UnmodifiableCollection.forEach(Collections.java:1092) ~[?:?]
	at dev.ftb.mods.ftbquests.quest.BaseQuestFile.lambda$forAllChapters$47(BaseQuestFile.java:1397) ~[ftb-quests-fabric-2001.4.5.jar:?]
	at java.util.ArrayList.forEach(ArrayList.java:1511) ~[?:?]
	at dev.ftb.mods.ftbquests.quest.BaseQuestFile.forAllChapterGroups(BaseQuestFile.java:1392) ~[ftb-quests-fabric-2001.4.5.jar:?]
	at dev.ftb.mods.ftbquests.quest.BaseQuestFile.forAllChapters(BaseQuestFile.java:1397) ~[ftb-quests-fabric-2001.4.5.jar:?]
	at dev.ftb.mods.ftbquests.quest.BaseQuestFile.forAllQuests(BaseQuestFile.java:1402) ~[ftb-quests-fabric-2001.4.5.jar:?]
	at dev.ftb.mods.ftbquests.quest.ServerQuestFile.lambda$playerLoggedIn$5(ServerQuestFile.java:179) ~[ftb-quests-fabric-2001.4.5.jar:?]
	at dev.ftb.mods.ftbquests.quest.ServerQuestFile.withPlayerContext(ServerQuestFile.java:159) ~[ftb-quests-fabric-2001.4.5.jar:?]
	at dev.ftb.mods.ftbquests.quest.ServerQuestFile.playerLoggedIn(ServerQuestFile.java:179) ~[ftb-quests-fabric-2001.4.5.jar:?]
	at dev.ftb.mods.ftbquests.FTBQuestsEventHandler.playerLoggedIn(FTBQuestsEventHandler.java:104) ~[ftb-quests-fabric-2001.4.5.jar:?]
	at java.lang.invoke.MethodHandle.invokeWithArguments(MethodHandle.java:732) ~[?:?]
	at dev.architectury.event.EventFactory.invokeMethod(EventFactory.java:53) ~[architectury-9.2.14-fabric.jar:?]
	at dev.architectury.event.EventFactory$4.handleInvocation(EventFactory.java:125) ~[architectury-9.2.14-fabric.jar:?]
	at com.google.common.reflect.AbstractInvocationHandler.invoke(AbstractInvocationHandler.java:87) ~[guava-31.1-jre.jar:?]
	at jdk.proxy2.$Proxy127.accept(Unknown Source) ~[?:?]
	at dev.ftb.mods.ftbteams.data.TeamManagerImpl.playerLoggedIn(TeamManagerImpl.java:319) ~[ftb-teams-fabric-2001.3.0.jar:?]
	at dev.ftb.mods.ftbteams.FTBTeams.playerLoggedIn(FTBTeams.java:77) ~[ftb-teams-fabric-2001.3.0.jar:?]
	at java.lang.invoke.MethodHandle.invokeWithArguments(MethodHandle.java:732) ~[?:?]
	at dev.architectury.event.EventFactory.invokeMethod(EventFactory.java:53) ~[architectury-9.2.14-fabric.jar:?]
	at dev.architectury.event.EventFactory$1.handleInvocation(EventFactory.java:62) ~[architectury-9.2.14-fabric.jar:?]
	at com.google.common.reflect.AbstractInvocationHandler.invoke(AbstractInvocationHandler.java:87) ~[guava-31.1-jre.jar:?]
	at jdk.proxy2.$Proxy198.join(Unknown Source) ~[?:?]
	at net.minecraft.class_3324.handler$zjc000$architectury$placeNewPlayer(class_3324.java:2520) ~[server-intermediary.jar:?]
	at net.minecraft.class_3324.method_14570(class_3324.java:307) ~[server-intermediary.jar:?]
	at net.minecraft.class_3248.method_33800(class_3248.java:131) ~[server-intermediary.jar:?]
	at net.minecraft.class_3248.md1e683e$polymer-networking$lambda$polymerNet$prePlayHandshakeHackfest$0$0(class_3248.java:549) ~[server-intermediary.jar:?]
	at eu.pb4.polymer.networking.impl.EarlyConnectionMagic.lambda$handle$0(EarlyConnectionMagic.java:32) ~[polymer-networking-0.5.15+1.20.1-dc18d44a422d3193.jar:?]
	at eu.pb4.polymer.networking.api.EarlyPlayNetworkHandler.lambda$onKeepAlive$0(EarlyPlayNetworkHandler.java:108) ~[polymer-networking-0.5.15+1.20.1-dc18d44a422d3193.jar:?]
	at net.minecraft.class_3738.run(class_3738.java:18) ~[server-intermediary.jar:?]
	at net.minecraft.class_1255.method_18859(class_1255.java:156) ~[server-intermediary.jar:?]
	at net.minecraft.class_4093.method_18859(class_4093.java:23) ~[server-intermediary.jar:?]
	at net.minecraft.server.MinecraftServer.method_24306(MinecraftServer.java:782) ~[server-intermediary.jar:?]
	at net.minecraft.server.MinecraftServer.method_18859(MinecraftServer.java:164) ~[server-intermediary.jar:?]
	at net.minecraft.class_1255.method_16075(class_1255.java:130) ~[server-intermediary.jar:?]
	at net.minecraft.server.MinecraftServer.method_20415(MinecraftServer.java:764) ~[server-intermediary.jar:?]
	at net.minecraft.server.MinecraftServer.method_16075(MinecraftServer.java:758) ~[server-intermediary.jar:?]
	at net.minecraft.class_1255.method_18857(class_1255.java:139) ~[server-intermediary.jar:?]
	at net.minecraft.server.MinecraftServer.method_16208(MinecraftServer.java:743) ~[server-intermediary.jar:?]
	at net.minecraft.server.MinecraftServer.method_29741(MinecraftServer.java:675) ~[server-intermediary.jar:?]
	at net.minecraft.server.MinecraftServer.method_29739(MinecraftServer.java:265) ~[server-intermediary.jar:?]
	at java.lang.Thread.run(Thread.java:840) ~[?:?]
[18:47:24] [Server thread/ERROR]: Parsing error loading recipe knavesneeds:betternether/cincinnasite_diamond/greathammer
com.google.gson.JsonSyntaxException: Unknown item 'betterend:cincinnasite_diamond_upgrade_smithing_template'
	at net.minecraft.class_1869.method_17878(class_1869.java:272) ~[server-intermediary.jar:?]
	at java.util.Optional.orElseThrow(Optional.java:403) ~[?:?]
	at net.minecraft.class_1869.method_8155(class_1869.java:272) ~[server-intermediary.jar:?]
	at net.minecraft.class_1856.method_8107(class_1856.java:160) ~[server-intermediary.jar:?]
	at net.minecraft.class_1856.method_8102(class_1856.java:143) ~[server-intermediary.jar:?]
	at net.minecraft.class_1856.method_52177(class_1856.java:135) ~[server-intermediary.jar:?]
	at net.minecraft.class_8060$class_8061.method_48455(class_8060.java:87) ~[server-intermediary.jar:?]
	at net.minecraft.class_8060$class_8061.method_8121(class_8060.java:84) ~[server-intermediary.jar:?]
	at net.minecraft.class_1863.method_17720(class_1863.java:135) ~[server-intermediary.jar:?]
	at net.minecraft.class_1863.method_20705(class_1863.java:56) ~[server-intermediary.jar:?]
	at net.minecraft.class_1863.method_18788(class_1863.java:35) ~[server-intermediary.jar:?]
	at net.minecraft.class_4080.method_18790(class_4080.java:13) ~[server-intermediary.jar:?]
	at java.util.concurrent.CompletableFuture$UniAccept.tryFire(CompletableFuture.java:718) ~[?:?]
	at java.util.concurrent.CompletableFuture$Completion.run(CompletableFuture.java:482) ~[?:?]
	at net.minecraft.class_4014.method_18365(class_4014.java:69) ~[server-intermediary.jar:?]
	at net.minecraft.class_3738.run(class_3738.java:18) ~[server-intermediary.jar:?]
	at net.minecraft.class_1255.method_18859(class_1255.java:156) ~[server-intermediary.jar:?]
	at net.minecraft.class_4093.method_18859(class_4093.java:23) ~[server-intermediary.jar:?]
	at net.minecraft.server.MinecraftServer.method_24306(MinecraftServer.java:782) ~[server-intermediary.jar:?]
	at net.minecraft.server.MinecraftServer.method_18859(MinecraftServer.java:164) ~[server-intermediary.jar:?]
	at net.minecraft.class_1255.method_16075(class_1255.java:130) ~[server-intermediary.jar:?]
	at net.minecraft.server.MinecraftServer.method_20415(MinecraftServer.java:764) ~[server-intermediary.jar:?]
	at net.minecraft.server.MinecraftServer.method_16075(MinecraftServer.java:758) ~[server-intermediary.jar:?]
	at net.minecraft.class_1255.method_18857(class_1255.java:139) ~[server-intermediary.jar:?]
	at net.minecraft.server.MinecraftServer.method_29439(MinecraftServer.java:1345) ~[server-intermediary.jar:?]
	at net.minecraft.class_3097.method_29480(class_3097.java:22) ~[server-intermediary.jar:?]
	at net.minecraft.class_3097.method_13530(class_3097.java:53) ~[server-intermediary.jar:?]
	at com.mojang.brigadier.CommandDispatcher.execute(CommandDispatcher.java:264) ~[brigadier-1.1.8.jar:?]
	at net.minecraft.class_2158$class_2160.method_36318(class_2158.java:96) ~[server-intermediary.jar:?]
	at net.minecraft.class_2158$class_2160.method_9198(class_2158.java:90) ~[server-intermediary.jar:?]
	at net.minecraft.class_2991$class_2992.method_12914(class_2991.java:135) ~[server-intermediary.jar:?]
	at net.minecraft.class_2991$class_6345.method_36346(class_2991.java:210) ~[server-intermediary.jar:?]
	at net.minecraft.class_2991.method_36341(class_2991.java:85) ~[server-intermediary.jar:?]
	at net.minecraft.class_2991.method_12904(class_2991.java:69) ~[server-intermediary.jar:?]
	at net.minecraft.class_3062.method_13381(class_3062.java:46) ~[server-intermediary.jar:?]
	at net.minecraft.class_3062.method_13383(class_3062.java:35) ~[server-intermediary.jar:?]
	at com.mojang.brigadier.CommandDispatcher.execute(CommandDispatcher.java:264) ~[brigadier-1.1.8.jar:?]
	at net.minecraft.class_2170.redirect$zia000$architectury$performCommand(class_2170.java:1045) ~[server-intermediary.jar:?]
	at net.minecraft.class_2170.method_9249(class_2170.java:287) ~[server-intermediary.jar:?]
	at net.minecraft.class_2170.method_44252(class_2170.java:280) ~[server-intermediary.jar:?]
	at dev.ftb.mods.ftbquests.quest.reward.CommandReward.claim(CommandReward.java:104) ~[ftb-quests-fabric-2001.4.5.jar:?]
	at dev.ftb.mods.ftbquests.quest.TeamData.claimReward(TeamData.java:538) ~[ftb-quests-fabric-2001.4.5.jar:?]
	at dev.ftb.mods.ftbquests.quest.TeamData.checkAutoCompletion(TeamData.java:568) ~[ftb-quests-fabric-2001.4.5.jar:?]
	at dev.ftb.mods.ftbquests.quest.Quest.onCompleted(Quest.java:544) ~[ftb-quests-fabric-2001.4.5.jar:?]
	at dev.ftb.mods.ftbquests.quest.ServerQuestFile.lambda$playerLoggedIn$4(ServerQuestFile.java:185) ~[ftb-quests-fabric-2001.4.5.jar:?]
	at java.util.ArrayList.forEach(ArrayList.java:1511) ~[?:?]
	at java.util.Collections$UnmodifiableCollection.forEach(Collections.java:1092) ~[?:?]
	at dev.ftb.mods.ftbquests.quest.BaseQuestFile.lambda$forAllQuests$48(BaseQuestFile.java:1402) ~[ftb-quests-fabric-2001.4.5.jar:?]
	at java.util.ArrayList.forEach(ArrayList.java:1511) ~[?:?]
	at java.util.Collections$UnmodifiableCollection.forEach(Collections.java:1092) ~[?:?]
	at dev.ftb.mods.ftbquests.quest.BaseQuestFile.lambda$forAllChapters$47(BaseQuestFile.java:1397) ~[ftb-quests-fabric-2001.4.5.jar:?]
	at java.util.ArrayList.forEach(ArrayList.java:1511) ~[?:?]
	at dev.ftb.mods.ftbquests.quest.BaseQuestFile.forAllChapterGroups(BaseQuestFile.java:1392) ~[ftb-quests-fabric-2001.4.5.jar:?]
	at dev.ftb.mods.ftbquests.quest.BaseQuestFile.forAllChapters(BaseQuestFile.java:1397) ~[ftb-quests-fabric-2001.4.5.jar:?]
	at dev.ftb.mods.ftbquests.quest.BaseQuestFile.forAllQuests(BaseQuestFile.java:1402) ~[ftb-quests-fabric-2001.4.5.jar:?]
	at dev.ftb.mods.ftbquests.quest.ServerQuestFile.lambda$playerLoggedIn$5(ServerQuestFile.java:179) ~[ftb-quests-fabric-2001.4.5.jar:?]
	at dev.ftb.mods.ftbquests.quest.ServerQuestFile.withPlayerContext(ServerQuestFile.java:159) ~[ftb-quests-fabric-2001.4.5.jar:?]
	at dev.ftb.mods.ftbquests.quest.ServerQuestFile.playerLoggedIn(ServerQuestFile.java:179) ~[ftb-quests-fabric-2001.4.5.jar:?]
	at dev.ftb.mods.ftbquests.FTBQuestsEventHandler.playerLoggedIn(FTBQuestsEventHandler.java:104) ~[ftb-quests-fabric-2001.4.5.jar:?]
	at java.lang.invoke.MethodHandle.invokeWithArguments(MethodHandle.java:732) ~[?:?]
	at dev.architectury.event.EventFactory.invokeMethod(EventFactory.java:53) ~[architectury-9.2.14-fabric.jar:?]
	at dev.architectury.event.EventFactory$4.handleInvocation(EventFactory.java:125) ~[architectury-9.2.14-fabric.jar:?]
	at com.google.common.reflect.AbstractInvocationHandler.invoke(AbstractInvocationHandler.java:87) ~[guava-31.1-jre.jar:?]
	at jdk.proxy2.$Proxy127.accept(Unknown Source) ~[?:?]
	at dev.ftb.mods.ftbteams.data.TeamManagerImpl.playerLoggedIn(TeamManagerImpl.java:319) ~[ftb-teams-fabric-2001.3.0.jar:?]
	at dev.ftb.mods.ftbteams.FTBTeams.playerLoggedIn(FTBTeams.java:77) ~[ftb-teams-fabric-2001.3.0.jar:?]
	at java.lang.invoke.MethodHandle.invokeWithArguments(MethodHandle.java:732) ~[?:?]
	at dev.architectury.event.EventFactory.invokeMethod(EventFactory.java:53) ~[architectury-9.2.14-fabric.jar:?]
	at dev.architectury.event.EventFactory$1.handleInvocation(EventFactory.java:62) ~[architectury-9.2.14-fabric.jar:?]
	at com.google.common.reflect.AbstractInvocationHandler.invoke(AbstractInvocationHandler.java:87) ~[guava-31.1-jre.jar:?]
	at jdk.proxy2.$Proxy198.join(Unknown Source) ~[?:?]
	at net.minecraft.class_3324.handler$zjc000$architectury$placeNewPlayer(class_3324.java:2520) ~[server-intermediary.jar:?]
	at net.minecraft.class_3324.method_14570(class_3324.java:307) ~[server-intermediary.jar:?]
	at net.minecraft.class_3248.method_33800(class_3248.java:131) ~[server-intermediary.jar:?]
	at net.minecraft.class_3248.md1e683e$polymer-networking$lambda$polymerNet$prePlayHandshakeHackfest$0$0(class_3248.java:549) ~[server-intermediary.jar:?]
	at eu.pb4.polymer.networking.impl.EarlyConnectionMagic.lambda$handle$0(EarlyConnectionMagic.java:32) ~[polymer-networking-0.5.15+1.20.1-dc18d44a422d3193.jar:?]
	at eu.pb4.polymer.networking.api.EarlyPlayNetworkHandler.lambda$onKeepAlive$0(EarlyPlayNetworkHandler.java:108) ~[polymer-networking-0.5.15+1.20.1-dc18d44a422d3193.jar:?]
	at net.minecraft.class_3738.run(class_3738.java:18) ~[server-intermediary.jar:?]
	at net.minecraft.class_1255.method_18859(class_1255.java:156) ~[server-intermediary.jar:?]
	at net.minecraft.class_4093.method_18859(class_4093.java:23) ~[server-intermediary.jar:?]
	at net.minecraft.server.MinecraftServer.method_24306(MinecraftServer.java:782) ~[server-intermediary.jar:?]
	at net.minecraft.server.MinecraftServer.method_18859(MinecraftServer.java:164) ~[server-intermediary.jar:?]
	at net.minecraft.class_1255.method_16075(class_1255.java:130) ~[server-intermediary.jar:?]
	at net.minecraft.server.MinecraftServer.method_20415(MinecraftServer.java:764) ~[server-intermediary.jar:?]
	at net.minecraft.server.MinecraftServer.method_16075(MinecraftServer.java:758) ~[server-intermediary.jar:?]
	at net.minecraft.class_1255.method_18857(class_1255.java:139) ~[server-intermediary.jar:?]
	at net.minecraft.server.MinecraftServer.method_16208(MinecraftServer.java:743) ~[server-intermediary.jar:?]
	at net.minecraft.server.MinecraftServer.method_29741(MinecraftServer.java:675) ~[server-intermediary.jar:?]
	at net.minecraft.server.MinecraftServer.method_29739(MinecraftServer.java:265) ~[server-intermediary.jar:?]
	at java.lang.Thread.run(Thread.java:840) ~[?:?]
[18:47:24] [Server thread/ERROR]: Parsing error loading recipe dramaticdoors:short_ebony_door
com.google.gson.JsonSyntaxException: Unknown item 'phantasm:ebony_door'
	at net.minecraft.class_1869.method_17878(class_1869.java:272) ~[server-intermediary.jar:?]
	at java.util.Optional.orElseThrow(Optional.java:403) ~[?:?]
	at net.minecraft.class_1869.method_8155(class_1869.java:272) ~[server-intermediary.jar:?]
	at net.minecraft.class_1856.method_8107(class_1856.java:160) ~[server-intermediary.jar:?]
	at net.minecraft.class_1856.method_8102(class_1856.java:143) ~[server-intermediary.jar:?]
	at net.mehvahdjukaar.sawmill.WoodcuttingRecipe$Serializer.fromJson(WoodcuttingRecipe.java:52) ~[sawmill-1.20-1.4.0-fabric.jar:?]
	at net.mehvahdjukaar.sawmill.WoodcuttingRecipe$Serializer.method_8121(WoodcuttingRecipe.java:43) ~[sawmill-1.20-1.4.0-fabric.jar:?]
	at net.minecraft.class_1863.method_17720(class_1863.java:135) ~[server-intermediary.jar:?]
	at net.minecraft.class_1863.method_20705(class_1863.java:56) ~[server-intermediary.jar:?]
	at net.minecraft.class_1863.method_18788(class_1863.java:35) ~[server-intermediary.jar:?]
	at net.minecraft.class_4080.method_18790(class_4080.java:13) ~[server-intermediary.jar:?]
	at java.util.concurrent.CompletableFuture$UniAccept.tryFire(CompletableFuture.java:718) ~[?:?]
	at java.util.concurrent.CompletableFuture$Completion.run(CompletableFuture.java:482) ~[?:?]
	at net.minecraft.class_4014.method_18365(class_4014.java:69) ~[server-intermediary.jar:?]
	at net.minecraft.class_3738.run(class_3738.java:18) ~[server-intermediary.jar:?]
	at net.minecraft.class_1255.method_18859(class_1255.java:156) ~[server-intermediary.jar:?]
	at net.minecraft.class_4093.method_18859(class_4093.java:23) ~[server-intermediary.jar:?]
	at net.minecraft.server.MinecraftServer.method_24306(MinecraftServer.java:782) ~[server-intermediary.jar:?]
	at net.minecraft.server.MinecraftServer.method_18859(MinecraftServer.java:164) ~[server-intermediary.jar:?]
	at net.minecraft.class_1255.method_16075(class_1255.java:130) ~[server-intermediary.jar:?]
	at net.minecraft.server.MinecraftServer.method_20415(MinecraftServer.java:764) ~[server-intermediary.jar:?]
	at net.minecraft.server.MinecraftServer.method_16075(MinecraftServer.java:758) ~[server-intermediary.jar:?]
	at net.minecraft.class_1255.method_18857(class_1255.java:139) ~[server-intermediary.jar:?]
	at net.minecraft.server.MinecraftServer.method_29439(MinecraftServer.java:1345) ~[server-intermediary.jar:?]
	at net.minecraft.class_3097.method_29480(class_3097.java:22) ~[server-intermediary.jar:?]
	at net.minecraft.class_3097.method_13530(class_3097.java:53) ~[server-intermediary.jar:?]
	at com.mojang.brigadier.CommandDispatcher.execute(CommandDispatcher.java:264) ~[brigadier-1.1.8.jar:?]
	at net.minecraft.class_2158$class_2160.method_36318(class_2158.java:96) ~[server-intermediary.jar:?]
	at net.minecraft.class_2158$class_2160.method_9198(class_2158.java:90) ~[server-intermediary.jar:?]
	at net.minecraft.class_2991$class_2992.method_12914(class_2991.java:135) ~[server-intermediary.jar:?]
	at net.minecraft.class_2991$class_6345.method_36346(class_2991.java:210) ~[server-intermediary.jar:?]
	at net.minecraft.class_2991.method_36341(class_2991.java:85) ~[server-intermediary.jar:?]
	at net.minecraft.class_2991.method_12904(class_2991.java:69) ~[server-intermediary.jar:?]
	at net.minecraft.class_3062.method_13381(class_3062.java:46) ~[server-intermediary.jar:?]
	at net.minecraft.class_3062.method_13383(class_3062.java:35) ~[server-intermediary.jar:?]
	at com.mojang.brigadier.CommandDispatcher.execute(CommandDispatcher.java:264) ~[brigadier-1.1.8.jar:?]
	at net.minecraft.class_2170.redirect$zia000$architectury$performCommand(class_2170.java:1045) ~[server-intermediary.jar:?]
	at net.minecraft.class_2170.method_9249(class_2170.java:287) ~[server-intermediary.jar:?]
	at net.minecraft.class_2170.method_44252(class_2170.java:280) ~[server-intermediary.jar:?]
	at dev.ftb.mods.ftbquests.quest.reward.CommandReward.claim(CommandReward.java:104) ~[ftb-quests-fabric-2001.4.5.jar:?]
	at dev.ftb.mods.ftbquests.quest.TeamData.claimReward(TeamData.java:538) ~[ftb-quests-fabric-2001.4.5.jar:?]
	at dev.ftb.mods.ftbquests.quest.TeamData.checkAutoCompletion(TeamData.java:568) ~[ftb-quests-fabric-2001.4.5.jar:?]
	at dev.ftb.mods.ftbquests.quest.Quest.onCompleted(Quest.java:544) ~[ftb-quests-fabric-2001.4.5.jar:?]
	at dev.ftb.mods.ftbquests.quest.ServerQuestFile.lambda$playerLoggedIn$4(ServerQuestFile.java:185) ~[ftb-quests-fabric-2001.4.5.jar:?]
	at java.util.ArrayList.forEach(ArrayList.java:1511) ~[?:?]
	at java.util.Collections$UnmodifiableCollection.forEach(Collections.java:1092) ~[?:?]
	at dev.ftb.mods.ftbquests.quest.BaseQuestFile.lambda$forAllQuests$48(BaseQuestFile.java:1402) ~[ftb-quests-fabric-2001.4.5.jar:?]
	at java.util.ArrayList.forEach(ArrayList.java:1511) ~[?:?]
	at java.util.Collections$UnmodifiableCollection.forEach(Collections.java:1092) ~[?:?]
	at dev.ftb.mods.ftbquests.quest.BaseQuestFile.lambda$forAllChapters$47(BaseQuestFile.java:1397) ~[ftb-quests-fabric-2001.4.5.jar:?]
	at java.util.ArrayList.forEach(ArrayList.java:1511) ~[?:?]
	at dev.ftb.mods.ftbquests.quest.BaseQuestFile.forAllChapterGroups(BaseQuestFile.java:1392) ~[ftb-quests-fabric-2001.4.5.jar:?]
	at dev.ftb.mods.ftbquests.quest.BaseQuestFile.forAllChapters(BaseQuestFile.java:1397) ~[ftb-quests-fabric-2001.4.5.jar:?]
	at dev.ftb.mods.ftbquests.quest.BaseQuestFile.forAllQuests(BaseQuestFile.java:1402) ~[ftb-quests-fabric-2001.4.5.jar:?]
	at dev.ftb.mods.ftbquests.quest.ServerQuestFile.lambda$playerLoggedIn$5(ServerQuestFile.java:179) ~[ftb-quests-fabric-2001.4.5.jar:?]
	at dev.ftb.mods.ftbquests.quest.ServerQuestFile.withPlayerContext(ServerQuestFile.java:159) ~[ftb-quests-fabric-2001.4.5.jar:?]
	at dev.ftb.mods.ftbquests.quest.ServerQuestFile.playerLoggedIn(ServerQuestFile.java:179) ~[ftb-quests-fabric-2001.4.5.jar:?]
	at dev.ftb.mods.ftbquests.FTBQuestsEventHandler.playerLoggedIn(FTBQuestsEventHandler.java:104) ~[ftb-quests-fabric-2001.4.5.jar:?]
	at java.lang.invoke.MethodHandle.invokeWithArguments(MethodHandle.java:732) ~[?:?]
	at dev.architectury.event.EventFactory.invokeMethod(EventFactory.java:53) ~[architectury-9.2.14-fabric.jar:?]
	at dev.architectury.event.EventFactory$4.handleInvocation(EventFactory.java:125) ~[architectury-9.2.14-fabric.jar:?]
	at com.google.common.reflect.AbstractInvocationHandler.invoke(AbstractInvocationHandler.java:87) ~[guava-31.1-jre.jar:?]
	at jdk.proxy2.$Proxy127.accept(Unknown Source) ~[?:?]
	at dev.ftb.mods.ftbteams.data.TeamManagerImpl.playerLoggedIn(TeamManagerImpl.java:319) ~[ftb-teams-fabric-2001.3.0.jar:?]
	at dev.ftb.mods.ftbteams.FTBTeams.playerLoggedIn(FTBTeams.java:77) ~[ftb-teams-fabric-2001.3.0.jar:?]
	at java.lang.invoke.MethodHandle.invokeWithArguments(MethodHandle.java:732) ~[?:?]
	at dev.architectury.event.EventFactory.invokeMethod(EventFactory.java:53) ~[architectury-9.2.14-fabric.jar:?]
	at dev.architectury.event.EventFactory$1.handleInvocation(EventFactory.java:62) ~[architectury-9.2.14-fabric.jar:?]
	at com.google.common.reflect.AbstractInvocationHandler.invoke(AbstractInvocationHandler.java:87) ~[guava-31.1-jre.jar:?]
	at jdk.proxy2.$Proxy198.join(Unknown Source) ~[?:?]
	at net.minecraft.class_3324.handler$zjc000$architectury$placeNewPlayer(class_3324.java:2520) ~[server-intermediary.jar:?]
	at net.minecraft.class_3324.method_14570(class_3324.java:307) ~[server-intermediary.jar:?]
	at net.minecraft.class_3248.method_33800(class_3248.java:131) ~[server-intermediary.jar:?]
	at net.minecraft.class_3248.md1e683e$polymer-networking$lambda$polymerNet$prePlayHandshakeHackfest$0$0(class_3248.java:549) ~[server-intermediary.jar:?]
	at eu.pb4.polymer.networking.impl.EarlyConnectionMagic.lambda$handle$0(EarlyConnectionMagic.java:32) ~[polymer-networking-0.5.15+1.20.1-dc18d44a422d3193.jar:?]
	at eu.pb4.polymer.networking.api.EarlyPlayNetworkHandler.lambda$onKeepAlive$0(EarlyPlayNetworkHandler.java:108) ~[polymer-networking-0.5.15+1.20.1-dc18d44a422d3193.jar:?]
	at net.minecraft.class_3738.run(class_3738.java:18) ~[server-intermediary.jar:?]
	at net.minecraft.class_1255.method_18859(class_1255.java:156) ~[server-intermediary.jar:?]
	at net.minecraft.class_4093.method_18859(class_4093.java:23) ~[server-intermediary.jar:?]
	at net.minecraft.server.MinecraftServer.method_24306(MinecraftServer.java:782) ~[server-intermediary.jar:?]
	at net.minecraft.server.MinecraftServer.method_18859(MinecraftServer.java:164) ~[server-intermediary.jar:?]
	at net.minecraft.class_1255.method_16075(class_1255.java:130) ~[server-intermediary.jar:?]
	at net.minecraft.server.MinecraftServer.method_20415(MinecraftServer.java:764) ~[server-intermediary.jar:?]
	at net.minecraft.server.MinecraftServer.method_16075(MinecraftServer.java:758) ~[server-intermediary.jar:?]
	at net.minecraft.class_1255.method_18857(class_1255.java:139) ~[server-intermediary.jar:?]
	at net.minecraft.server.MinecraftServer.method_16208(MinecraftServer.java:743) ~[server-intermediary.jar:?]
	at net.minecraft.server.MinecraftServer.method_29741(MinecraftServer.java:675) ~[server-intermediary.jar:?]
	at net.minecraft.server.MinecraftServer.method_29739(MinecraftServer.java:265) ~[server-intermediary.jar:?]
	at java.lang.Thread.run(Thread.java:840) ~[?:?]
[18:47:24] [Server thread/ERROR]: Parsing error loading recipe digs_dnd_origins:diamond_horns_helmet
com.google.gson.JsonSyntaxException: Invalid or unsupported recipe type 'minecraft:smithing'
	at net.minecraft.class_1863.method_17875(class_1863.java:134) ~[server-intermediary.jar:?]
	at java.util.Optional.orElseThrow(Optional.java:403) ~[?:?]
	at net.minecraft.class_1863.method_17720(class_1863.java:134) ~[server-intermediary.jar:?]
	at net.minecraft.class_1863.method_20705(class_1863.java:56) ~[server-intermediary.jar:?]
	at net.minecraft.class_1863.method_18788(class_1863.java:35) ~[server-intermediary.jar:?]
	at net.minecraft.class_4080.method_18790(class_4080.java:13) ~[server-intermediary.jar:?]
	at java.util.concurrent.CompletableFuture$UniAccept.tryFire(CompletableFuture.java:718) ~[?:?]
	at java.util.concurrent.CompletableFuture$Completion.run(CompletableFuture.java:482) ~[?:?]
	at net.minecraft.class_4014.method_18365(class_4014.java:69) ~[server-intermediary.jar:?]
	at net.minecraft.class_3738.run(class_3738.java:18) ~[server-intermediary.jar:?]
	at net.minecraft.class_1255.method_18859(class_1255.java:156) ~[server-intermediary.jar:?]
	at net.minecraft.class_4093.method_18859(class_4093.java:23) ~[server-intermediary.jar:?]
	at net.minecraft.server.MinecraftServer.method_24306(MinecraftServer.java:782) ~[server-intermediary.jar:?]
	at net.minecraft.server.MinecraftServer.method_18859(MinecraftServer.java:164) ~[server-intermediary.jar:?]
	at net.minecraft.class_1255.method_16075(class_1255.java:130) ~[server-intermediary.jar:?]
	at net.minecraft.server.MinecraftServer.method_20415(MinecraftServer.java:764) ~[server-intermediary.jar:?]
	at net.minecraft.server.MinecraftServer.method_16075(MinecraftServer.java:758) ~[server-intermediary.jar:?]
	at net.minecraft.class_1255.method_18857(class_1255.java:139) ~[server-intermediary.jar:?]
	at net.minecraft.server.MinecraftServer.method_29439(MinecraftServer.java:1345) ~[server-intermediary.jar:?]
	at net.minecraft.class_3097.method_29480(class_3097.java:22) ~[server-intermediary.jar:?]
	at net.minecraft.class_3097.method_13530(class_3097.java:53) ~[server-intermediary.jar:?]
	at com.mojang.brigadier.CommandDispatcher.execute(CommandDispatcher.java:264) ~[brigadier-1.1.8.jar:?]
	at net.minecraft.class_2158$class_2160.method_36318(class_2158.java:96) ~[server-intermediary.jar:?]
	at net.minecraft.class_2158$class_2160.method_9198(class_2158.java:90) ~[server-intermediary.jar:?]
	at net.minecraft.class_2991$class_2992.method_12914(class_2991.java:135) ~[server-intermediary.jar:?]
	at net.minecraft.class_2991$class_6345.method_36346(class_2991.java:210) ~[server-intermediary.jar:?]
	at net.minecraft.class_2991.method_36341(class_2991.java:85) ~[server-intermediary.jar:?]
	at net.minecraft.class_2991.method_12904(class_2991.java:69) ~[server-intermediary.jar:?]
	at net.minecraft.class_3062.method_13381(class_3062.java:46) ~[server-intermediary.jar:?]
	at net.minecraft.class_3062.method_13383(class_3062.java:35) ~[server-intermediary.jar:?]
	at com.mojang.brigadier.CommandDispatcher.execute(CommandDispatcher.java:264) ~[brigadier-1.1.8.jar:?]
	at net.minecraft.class_2170.redirect$zia000$architectury$performCommand(class_2170.java:1045) ~[server-intermediary.jar:?]
	at net.minecraft.class_2170.method_9249(class_2170.java:287) ~[server-intermediary.jar:?]
	at net.minecraft.class_2170.method_44252(class_2170.java:280) ~[server-intermediary.jar:?]
	at dev.ftb.mods.ftbquests.quest.reward.CommandReward.claim(CommandReward.java:104) ~[ftb-quests-fabric-2001.4.5.jar:?]
	at dev.ftb.mods.ftbquests.quest.TeamData.claimReward(TeamData.java:538) ~[ftb-quests-fabric-2001.4.5.jar:?]
	at dev.ftb.mods.ftbquests.quest.TeamData.checkAutoCompletion(TeamData.java:568) ~[ftb-quests-fabric-2001.4.5.jar:?]
	at dev.ftb.mods.ftbquests.quest.Quest.onCompleted(Quest.java:544) ~[ftb-quests-fabric-2001.4.5.jar:?]
	at dev.ftb.mods.ftbquests.quest.ServerQuestFile.lambda$playerLoggedIn$4(ServerQuestFile.java:185) ~[ftb-quests-fabric-2001.4.5.jar:?]
	at java.util.ArrayList.forEach(ArrayList.java:1511) ~[?:?]
	at java.util.Collections$UnmodifiableCollection.forEach(Collections.java:1092) ~[?:?]
	at dev.ftb.mods.ftbquests.quest.BaseQuestFile.lambda$forAllQuests$48(BaseQuestFile.java:1402) ~[ftb-quests-fabric-2001.4.5.jar:?]
	at java.util.ArrayList.forEach(ArrayList.java:1511) ~[?:?]
	at java.util.Collections$UnmodifiableCollection.forEach(Collections.java:1092) ~[?:?]
	at dev.ftb.mods.ftbquests.quest.BaseQuestFile.lambda$forAllChapters$47(BaseQuestFile.java:1397) ~[ftb-quests-fabric-2001.4.5.jar:?]
	at java.util.ArrayList.forEach(ArrayList.java:1511) ~[?:?]
	at dev.ftb.mods.ftbquests.quest.BaseQuestFile.forAllChapterGroups(BaseQuestFile.java:1392) ~[ftb-quests-fabric-2001.4.5.jar:?]
	at dev.ftb.mods.ftbquests.quest.BaseQuestFile.forAllChapters(BaseQuestFile.java:1397) ~[ftb-quests-fabric-2001.4.5.jar:?]
	at dev.ftb.mods.ftbquests.quest.BaseQuestFile.forAllQuests(BaseQuestFile.java:1402) ~[ftb-quests-fabric-2001.4.5.jar:?]
	at dev.ftb.mods.ftbquests.quest.ServerQuestFile.lambda$playerLoggedIn$5(ServerQuestFile.java:179) ~[ftb-quests-fabric-2001.4.5.jar:?]
	at dev.ftb.mods.ftbquests.quest.ServerQuestFile.withPlayerContext(ServerQuestFile.java:159) ~[ftb-quests-fabric-2001.4.5.jar:?]
	at dev.ftb.mods.ftbquests.quest.ServerQuestFile.playerLoggedIn(ServerQuestFile.java:179) ~[ftb-quests-fabric-2001.4.5.jar:?]
	at dev.ftb.mods.ftbquests.FTBQuestsEventHandler.playerLoggedIn(FTBQuestsEventHandler.java:104) ~[ftb-quests-fabric-2001.4.5.jar:?]
	at java.lang.invoke.MethodHandle.invokeWithArguments(MethodHandle.java:732) ~[?:?]
	at dev.architectury.event.EventFactory.invokeMethod(EventFactory.java:53) ~[architectury-9.2.14-fabric.jar:?]
	at dev.architectury.event.EventFactory$4.handleInvocation(EventFactory.java:125) ~[architectury-9.2.14-fabric.jar:?]
	at com.google.common.reflect.AbstractInvocationHandler.invoke(AbstractInvocationHandler.java:87) ~[guava-31.1-jre.jar:?]
	at jdk.proxy2.$Proxy127.accept(Unknown Source) ~[?:?]
	at dev.ftb.mods.ftbteams.data.TeamManagerImpl.playerLoggedIn(TeamManagerImpl.java:319) ~[ftb-teams-fabric-2001.3.0.jar:?]
	at dev.ftb.mods.ftbteams.FTBTeams.playerLoggedIn(FTBTeams.java:77) ~[ftb-teams-fabric-2001.3.0.jar:?]
	at java.lang.invoke.MethodHandle.invokeWithArguments(MethodHandle.java:732) ~[?:?]
	at dev.architectury.event.EventFactory.invokeMethod(EventFactory.java:53) ~[architectury-9.2.14-fabric.jar:?]
	at dev.architectury.event.EventFactory$1.handleInvocation(EventFactory.java:62) ~[architectury-9.2.14-fabric.jar:?]
	at com.google.common.reflect.AbstractInvocationHandler.invoke(AbstractInvocationHandler.java:87) ~[guava-31.1-jre.jar:?]
	at jdk.proxy2.$Proxy198.join(Unknown Source) ~[?:?]
	at net.minecraft.class_3324.handler$zjc000$architectury$placeNewPlayer(class_3324.java:2520) ~[server-intermediary.jar:?]
	at net.minecraft.class_3324.method_14570(class_3324.java:307) ~[server-intermediary.jar:?]
	at net.minecraft.class_3248.method_33800(class_3248.java:131) ~[server-intermediary.jar:?]
	at net.minecraft.class_3248.md1e683e$polymer-networking$lambda$polymerNet$prePlayHandshakeHackfest$0$0(class_3248.java:549) ~[server-intermediary.jar:?]
	at eu.pb4.polymer.networking.impl.EarlyConnectionMagic.lambda$handle$0(EarlyConnectionMagic.java:32) ~[polymer-networking-0.5.15+1.20.1-dc18d44a422d3193.jar:?]
	at eu.pb4.polymer.networking.api.EarlyPlayNetworkHandler.lambda$onKeepAlive$0(EarlyPlayNetworkHandler.java:108) ~[polymer-networking-0.5.15+1.20.1-dc18d44a422d3193.jar:?]
	at net.minecraft.class_3738.run(class_3738.java:18) ~[server-intermediary.jar:?]
	at net.minecraft.class_1255.method_18859(class_1255.java:156) ~[server-intermediary.jar:?]
	at net.minecraft.class_4093.method_18859(class_4093.java:23) ~[server-intermediary.jar:?]
	at net.minecraft.server.MinecraftServer.method_24306(MinecraftServer.java:782) ~[server-intermediary.jar:?]
	at net.minecraft.server.MinecraftServer.method_18859(MinecraftServer.java:164) ~[server-intermediary.jar:?]
	at net.minecraft.class_1255.method_16075(class_1255.java:130) ~[server-intermediary.jar:?]
	at net.minecraft.server.MinecraftServer.method_20415(MinecraftServer.java:764) ~[server-intermediary.jar:?]
	at net.minecraft.server.MinecraftServer.method_16075(MinecraftServer.java:758) ~[server-intermediary.jar:?]
	at net.minecraft.class_1255.method_18857(class_1255.java:139) ~[server-intermediary.jar:?]
	at net.minecraft.server.MinecraftServer.method_16208(MinecraftServer.java:743) ~[server-intermediary.jar:?]
	at net.minecraft.server.MinecraftServer.method_29741(MinecraftServer.java:675) ~[server-intermediary.jar:?]
	at net.minecraft.server.MinecraftServer.method_29739(MinecraftServer.java:265) ~[server-intermediary.jar:?]
	at java.lang.Thread.run(Thread.java:840) ~[?:?]
[18:47:24] [Server thread/ERROR]: Parsing error loading recipe conditional:decorative_blocks/wood_cutter/pine_beam_woodcutter
com.google.gson.JsonSyntaxException: No such item decorative_blocks:pine_beam
	at net.satisfy.meadow.recipes.WoodcuttingRecipe$Serializer.lambda$fromJson$0(WoodcuttingRecipe.java:108) ~[letsdo-meadow-fabric-1.3.15.jar:?]
	at java.util.Optional.orElseThrow(Optional.java:403) ~[?:?]
	at net.satisfy.meadow.recipes.WoodcuttingRecipe$Serializer.fromJson(WoodcuttingRecipe.java:108) ~[letsdo-meadow-fabric-1.3.15.jar:?]
	at net.satisfy.meadow.recipes.WoodcuttingRecipe$Serializer.method_8121(WoodcuttingRecipe.java:91) ~[letsdo-meadow-fabric-1.3.15.jar:?]
	at net.minecraft.class_1863.method_17720(class_1863.java:135) ~[server-intermediary.jar:?]
	at de.cristelknight.doapi.fabric.DoApiEPImpl.fromJson(DoApiEPImpl.java:21) ~[letsdo-API-fabric-1.2.12-fabric.jar:?]
	at de.cristelknight.doapi.DoApiEP.fromJson(DoApiEP.java) ~[letsdo-API-fabric-1.2.12-fabric.jar:?]
	at de.cristelknight.doapi.common.recipe.SimpleConditionalRecipe$Serializer.method_8121(SimpleConditionalRecipe.java:22) ~[letsdo-API-fabric-1.2.12-fabric.jar:?]
	at net.minecraft.class_1863.method_17720(class_1863.java:135) ~[server-intermediary.jar:?]
	at net.minecraft.class_1863.method_20705(class_1863.java:56) ~[server-intermediary.jar:?]
	at net.minecraft.class_1863.method_18788(class_1863.java:35) ~[server-intermediary.jar:?]
	at net.minecraft.class_4080.method_18790(class_4080.java:13) ~[server-intermediary.jar:?]
	at java.util.concurrent.CompletableFuture$UniAccept.tryFire(CompletableFuture.java:718) ~[?:?]
	at java.util.concurrent.CompletableFuture$Completion.run(CompletableFuture.java:482) ~[?:?]
	at net.minecraft.class_4014.method_18365(class_4014.java:69) ~[server-intermediary.jar:?]
	at net.minecraft.class_3738.run(class_3738.java:18) ~[server-intermediary.jar:?]
	at net.minecraft.class_1255.method_18859(class_1255.java:156) ~[server-intermediary.jar:?]
	at net.minecraft.class_4093.method_18859(class_4093.java:23) ~[server-intermediary.jar:?]
	at net.minecraft.server.MinecraftServer.method_24306(MinecraftServer.java:782) ~[server-intermediary.jar:?]
	at net.minecraft.server.MinecraftServer.method_18859(MinecraftServer.java:164) ~[server-intermediary.jar:?]
	at net.minecraft.class_1255.method_16075(class_1255.java:130) ~[server-intermediary.jar:?]
	at net.minecraft.server.MinecraftServer.method_20415(MinecraftServer.java:764) ~[server-intermediary.jar:?]
	at net.minecraft.server.MinecraftServer.method_16075(MinecraftServer.java:758) ~[server-intermediary.jar:?]
	at net.minecraft.class_1255.method_18857(class_1255.java:139) ~[server-intermediary.jar:?]
	at net.minecraft.server.MinecraftServer.method_29439(MinecraftServer.java:1345) ~[server-intermediary.jar:?]
	at net.minecraft.class_3097.method_29480(class_3097.java:22) ~[server-intermediary.jar:?]
	at net.minecraft.class_3097.method_13530(class_3097.java:53) ~[server-intermediary.jar:?]
	at com.mojang.brigadier.CommandDispatcher.execute(CommandDispatcher.java:264) ~[brigadier-1.1.8.jar:?]
	at net.minecraft.class_2158$class_2160.method_36318(class_2158.java:96) ~[server-intermediary.jar:?]
	at net.minecraft.class_2158$class_2160.method_9198(class_2158.java:90) ~[server-intermediary.jar:?]
	at net.minecraft.class_2991$class_2992.method_12914(class_2991.java:135) ~[server-intermediary.jar:?]
	at net.minecraft.class_2991$class_6345.method_36346(class_2991.java:210) ~[server-intermediary.jar:?]
	at net.minecraft.class_2991.method_36341(class_2991.java:85) ~[server-intermediary.jar:?]
	at net.minecraft.class_2991.method_12904(class_2991.java:69) ~[server-intermediary.jar:?]
	at net.minecraft.class_3062.method_13381(class_3062.java:46) ~[server-intermediary.jar:?]
	at net.minecraft.class_3062.method_13383(class_3062.java:35) ~[server-intermediary.jar:?]
	at com.mojang.brigadier.CommandDispatcher.execute(CommandDispatcher.java:264) ~[brigadier-1.1.8.jar:?]
	at net.minecraft.class_2170.redirect$zia000$architectury$performCommand(class_2170.java:1045) ~[server-intermediary.jar:?]
	at net.minecraft.class_2170.method_9249(class_2170.java:287) ~[server-intermediary.jar:?]
	at net.minecraft.class_2170.method_44252(class_2170.java:280) ~[server-intermediary.jar:?]
	at dev.ftb.mods.ftbquests.quest.reward.CommandReward.claim(CommandReward.java:104) ~[ftb-quests-fabric-2001.4.5.jar:?]
	at dev.ftb.mods.ftbquests.quest.TeamData.claimReward(TeamData.java:538) ~[ftb-quests-fabric-2001.4.5.jar:?]
	at dev.ftb.mods.ftbquests.quest.TeamData.checkAutoCompletion(TeamData.java:568) ~[ftb-quests-fabric-2001.4.5.jar:?]
	at dev.ftb.mods.ftbquests.quest.Quest.onCompleted(Quest.java:544) ~[ftb-quests-fabric-2001.4.5.jar:?]
	at dev.ftb.mods.ftbquests.quest.ServerQuestFile.lambda$playerLoggedIn$4(ServerQuestFile.java:185) ~[ftb-quests-fabric-2001.4.5.jar:?]
	at java.util.ArrayList.forEach(ArrayList.java:1511) ~[?:?]
	at java.util.Collections$UnmodifiableCollection.forEach(Collections.java:1092) ~[?:?]
	at dev.ftb.mods.ftbquests.quest.BaseQuestFile.lambda$forAllQuests$48(BaseQuestFile.java:1402) ~[ftb-quests-fabric-2001.4.5.jar:?]
	at java.util.ArrayList.forEach(ArrayList.java:1511) ~[?:?]
	at java.util.Collections$UnmodifiableCollection.forEach(Collections.java:1092) ~[?:?]
	at dev.ftb.mods.ftbquests.quest.BaseQuestFile.lambda$forAllChapters$47(BaseQuestFile.java:1397) ~[ftb-quests-fabric-2001.4.5.jar:?]
	at java.util.ArrayList.forEach(ArrayList.java:1511) ~[?:?]
	at dev.ftb.mods.ftbquests.quest.BaseQuestFile.forAllChapterGroups(BaseQuestFile.java:1392) ~[ftb-quests-fabric-2001.4.5.jar:?]
	at dev.ftb.mods.ftbquests.quest.BaseQuestFile.forAllChapters(BaseQuestFile.java:1397) ~[ftb-quests-fabric-2001.4.5.jar:?]
	at dev.ftb.mods.ftbquests.quest.BaseQuestFile.forAllQuests(BaseQuestFile.java:1402) ~[ftb-quests-fabric-2001.4.5.jar:?]
	at dev.ftb.mods.ftbquests.quest.ServerQuestFile.lambda$playerLoggedIn$5(ServerQuestFile.java:179) ~[ftb-quests-fabric-2001.4.5.jar:?]
	at dev.ftb.mods.ftbquests.quest.ServerQuestFile.withPlayerContext(ServerQuestFile.java:159) ~[ftb-quests-fabric-2001.4.5.jar:?]
	at dev.ftb.mods.ftbquests.quest.ServerQuestFile.playerLoggedIn(ServerQuestFile.java:179) ~[ftb-quests-fabric-2001.4.5.jar:?]
	at dev.ftb.mods.ftbquests.FTBQuestsEventHandler.playerLoggedIn(FTBQuestsEventHandler.java:104) ~[ftb-quests-fabric-2001.4.5.jar:?]
	at java.lang.invoke.MethodHandle.invokeWithArguments(MethodHandle.java:732) ~[?:?]
	at dev.architectury.event.EventFactory.invokeMethod(EventFactory.java:53) ~[architectury-9.2.14-fabric.jar:?]
	at dev.architectury.event.EventFactory$4.handleInvocation(EventFactory.java:125) ~[architectury-9.2.14-fabric.jar:?]
	at com.google.common.reflect.AbstractInvocationHandler.invoke(AbstractInvocationHandler.java:87) ~[guava-31.1-jre.jar:?]
	at jdk.proxy2.$Proxy127.accept(Unknown Source) ~[?:?]
	at dev.ftb.mods.ftbteams.data.TeamManagerImpl.playerLoggedIn(TeamManagerImpl.java:319) ~[ftb-teams-fabric-2001.3.0.jar:?]
	at dev.ftb.mods.ftbteams.FTBTeams.playerLoggedIn(FTBTeams.java:77) ~[ftb-teams-fabric-2001.3.0.jar:?]
	at java.lang.invoke.MethodHandle.invokeWithArguments(MethodHandle.java:732) ~[?:?]
	at dev.architectury.event.EventFactory.invokeMethod(EventFactory.java:53) ~[architectury-9.2.14-fabric.jar:?]
	at dev.architectury.event.EventFactory$1.handleInvocation(EventFactory.java:62) ~[architectury-9.2.14-fabric.jar:?]
	at com.google.common.reflect.AbstractInvocationHandler.invoke(AbstractInvocationHandler.java:87) ~[guava-31.1-jre.jar:?]
	at jdk.proxy2.$Proxy198.join(Unknown Source) ~[?:?]
	at net.minecraft.class_3324.handler$zjc000$architectury$placeNewPlayer(class_3324.java:2520) ~[server-intermediary.jar:?]
	at net.minecraft.class_3324.method_14570(class_3324.java:307) ~[server-intermediary.jar:?]
	at net.minecraft.class_3248.method_33800(class_3248.java:131) ~[server-intermediary.jar:?]
	at net.minecraft.class_3248.md1e683e$polymer-networking$lambda$polymerNet$prePlayHandshakeHackfest$0$0(class_3248.java:549) ~[server-intermediary.jar:?]
	at eu.pb4.polymer.networking.impl.EarlyConnectionMagic.lambda$handle$0(EarlyConnectionMagic.java:32) ~[polymer-networking-0.5.15+1.20.1-dc18d44a422d3193.jar:?]
	at eu.pb4.polymer.networking.api.EarlyPlayNetworkHandler.lambda$onKeepAlive$0(EarlyPlayNetworkHandler.java:108) ~[polymer-networking-0.5.15+1.20.1-dc18d44a422d3193.jar:?]
	at net.minecraft.class_3738.run(class_3738.java:18) ~[server-intermediary.jar:?]
	at net.minecraft.class_1255.method_18859(class_1255.java:156) ~[server-intermediary.jar:?]
	at net.minecraft.class_4093.method_18859(class_4093.java:23) ~[server-intermediary.jar:?]
	at net.minecraft.server.MinecraftServer.method_24306(MinecraftServer.java:782) ~[server-intermediary.jar:?]
	at net.minecraft.server.MinecraftServer.method_18859(MinecraftServer.java:164) ~[server-intermediary.jar:?]
	at net.minecraft.class_1255.method_16075(class_1255.java:130) ~[server-intermediary.jar:?]
	at net.minecraft.server.MinecraftServer.method_20415(MinecraftServer.java:764) ~[server-intermediary.jar:?]
	at net.minecraft.server.MinecraftServer.method_16075(MinecraftServer.java:758) ~[server-intermediary.jar:?]
	at net.minecraft.class_1255.method_18857(class_1255.java:139) ~[server-intermediary.jar:?]
	at net.minecraft.server.MinecraftServer.method_16208(MinecraftServer.java:743) ~[server-intermediary.jar:?]
	at net.minecraft.server.MinecraftServer.method_29741(MinecraftServer.java:675) ~[server-intermediary.jar:?]
	at net.minecraft.server.MinecraftServer.method_29739(MinecraftServer.java:265) ~[server-intermediary.jar:?]
	at java.lang.Thread.run(Thread.java:840) ~[?:?]
[18:47:24] [Server thread/ERROR]: Parsing error loading recipe knavesneeds:betternether/cincinnasite_diamond/glaive
com.google.gson.JsonSyntaxException: Unknown item 'betterend:cincinnasite_diamond_upgrade_smithing_template'
	at net.minecraft.class_1869.method_17878(class_1869.java:272) ~[server-intermediary.jar:?]
	at java.util.Optional.orElseThrow(Optional.java:403) ~[?:?]
	at net.minecraft.class_1869.method_8155(class_1869.java:272) ~[server-intermediary.jar:?]
	at net.minecraft.class_1856.method_8107(class_1856.java:160) ~[server-intermediary.jar:?]
	at net.minecraft.class_1856.method_8102(class_1856.java:143) ~[server-intermediary.jar:?]
	at net.minecraft.class_1856.method_52177(class_1856.java:135) ~[server-intermediary.jar:?]
	at net.minecraft.class_8060$class_8061.method_48455(class_8060.java:87) ~[server-intermediary.jar:?]
	at net.minecraft.class_8060$class_8061.method_8121(class_8060.java:84) ~[server-intermediary.jar:?]
	at net.minecraft.class_1863.method_17720(class_1863.java:135) ~[server-intermediary.jar:?]
	at net.minecraft.class_1863.method_20705(class_1863.java:56) ~[server-intermediary.jar:?]
	at net.minecraft.class_1863.method_18788(class_1863.java:35) ~[server-intermediary.jar:?]
	at net.minecraft.class_4080.method_18790(class_4080.java:13) ~[server-intermediary.jar:?]
	at java.util.concurrent.CompletableFuture$UniAccept.tryFire(CompletableFuture.java:718) ~[?:?]
	at java.util.concurrent.CompletableFuture$Completion.run(CompletableFuture.java:482) ~[?:?]
	at net.minecraft.class_4014.method_18365(class_4014.java:69) ~[server-intermediary.jar:?]
	at net.minecraft.class_3738.run(class_3738.java:18) ~[server-intermediary.jar:?]
	at net.minecraft.class_1255.method_18859(class_1255.java:156) ~[server-intermediary.jar:?]
	at net.minecraft.class_4093.method_18859(class_4093.java:23) ~[server-intermediary.jar:?]
	at net.minecraft.server.MinecraftServer.method_24306(MinecraftServer.java:782) ~[server-intermediary.jar:?]
	at net.minecraft.server.MinecraftServer.method_18859(MinecraftServer.java:164) ~[server-intermediary.jar:?]
	at net.minecraft.class_1255.method_16075(class_1255.java:130) ~[server-intermediary.jar:?]
	at net.minecraft.server.MinecraftServer.method_20415(MinecraftServer.java:764) ~[server-intermediary.jar:?]
	at net.minecraft.server.MinecraftServer.method_16075(MinecraftServer.java:758) ~[server-intermediary.jar:?]
	at net.minecraft.class_1255.method_18857(class_1255.java:139) ~[server-intermediary.jar:?]
	at net.minecraft.server.MinecraftServer.method_29439(MinecraftServer.java:1345) ~[server-intermediary.jar:?]
	at net.minecraft.class_3097.method_29480(class_3097.java:22) ~[server-intermediary.jar:?]
	at net.minecraft.class_3097.method_13530(class_3097.java:53) ~[server-intermediary.jar:?]
	at com.mojang.brigadier.CommandDispatcher.execute(CommandDispatcher.java:264) ~[brigadier-1.1.8.jar:?]
	at net.minecraft.class_2158$class_2160.method_36318(class_2158.java:96) ~[server-intermediary.jar:?]
	at net.minecraft.class_2158$class_2160.method_9198(class_2158.java:90) ~[server-intermediary.jar:?]
	at net.minecraft.class_2991$class_2992.method_12914(class_2991.java:135) ~[server-intermediary.jar:?]
	at net.minecraft.class_2991$class_6345.method_36346(class_2991.java:210) ~[server-intermediary.jar:?]
	at net.minecraft.class_2991.method_36341(class_2991.java:85) ~[server-intermediary.jar:?]
	at net.minecraft.class_2991.method_12904(class_2991.java:69) ~[server-intermediary.jar:?]
	at net.minecraft.class_3062.method_13381(class_3062.java:46) ~[server-intermediary.jar:?]
	at net.minecraft.class_3062.method_13383(class_3062.java:35) ~[server-intermediary.jar:?]
	at com.mojang.brigadier.CommandDispatcher.execute(CommandDispatcher.java:264) ~[brigadier-1.1.8.jar:?]
	at net.minecraft.class_2170.redirect$zia000$architectury$performCommand(class_2170.java:1045) ~[server-intermediary.jar:?]
	at net.minecraft.class_2170.method_9249(class_2170.java:287) ~[server-intermediary.jar:?]
	at net.minecraft.class_2170.method_44252(class_2170.java:280) ~[server-intermediary.jar:?]
	at dev.ftb.mods.ftbquests.quest.reward.CommandReward.claim(CommandReward.java:104) ~[ftb-quests-fabric-2001.4.5.jar:?]
	at dev.ftb.mods.ftbquests.quest.TeamData.claimReward(TeamData.java:538) ~[ftb-quests-fabric-2001.4.5.jar:?]
	at dev.ftb.mods.ftbquests.quest.TeamData.checkAutoCompletion(TeamData.java:568) ~[ftb-quests-fabric-2001.4.5.jar:?]
	at dev.ftb.mods.ftbquests.quest.Quest.onCompleted(Quest.java:544) ~[ftb-quests-fabric-2001.4.5.jar:?]
	at dev.ftb.mods.ftbquests.quest.ServerQuestFile.lambda$playerLoggedIn$4(ServerQuestFile.java:185) ~[ftb-quests-fabric-2001.4.5.jar:?]
	at java.util.ArrayList.forEach(ArrayList.java:1511) ~[?:?]
	at java.util.Collections$UnmodifiableCollection.forEach(Collections.java:1092) ~[?:?]
	at dev.ftb.mods.ftbquests.quest.BaseQuestFile.lambda$forAllQuests$48(BaseQuestFile.java:1402) ~[ftb-quests-fabric-2001.4.5.jar:?]
	at java.util.ArrayList.forEach(ArrayList.java:1511) ~[?:?]
	at java.util.Collections$UnmodifiableCollection.forEach(Collections.java:1092) ~[?:?]
	at dev.ftb.mods.ftbquests.quest.BaseQuestFile.lambda$forAllChapters$47(BaseQuestFile.java:1397) ~[ftb-quests-fabric-2001.4.5.jar:?]
	at java.util.ArrayList.forEach(ArrayList.java:1511) ~[?:?]
	at dev.ftb.mods.ftbquests.quest.BaseQuestFile.forAllChapterGroups(BaseQuestFile.java:1392) ~[ftb-quests-fabric-2001.4.5.jar:?]
	at dev.ftb.mods.ftbquests.quest.BaseQuestFile.forAllChapters(BaseQuestFile.java:1397) ~[ftb-quests-fabric-2001.4.5.jar:?]
	at dev.ftb.mods.ftbquests.quest.BaseQuestFile.forAllQuests(BaseQuestFile.java:1402) ~[ftb-quests-fabric-2001.4.5.jar:?]
	at dev.ftb.mods.ftbquests.quest.ServerQuestFile.lambda$playerLoggedIn$5(ServerQuestFile.java:179) ~[ftb-quests-fabric-2001.4.5.jar:?]
	at dev.ftb.mods.ftbquests.quest.ServerQuestFile.withPlayerContext(ServerQuestFile.java:159) ~[ftb-quests-fabric-2001.4.5.jar:?]
	at dev.ftb.mods.ftbquests.quest.ServerQuestFile.playerLoggedIn(ServerQuestFile.java:179) ~[ftb-quests-fabric-2001.4.5.jar:?]
	at dev.ftb.mods.ftbquests.FTBQuestsEventHandler.playerLoggedIn(FTBQuestsEventHandler.java:104) ~[ftb-quests-fabric-2001.4.5.jar:?]
	at java.lang.invoke.MethodHandle.invokeWithArguments(MethodHandle.java:732) ~[?:?]
	at dev.architectury.event.EventFactory.invokeMethod(EventFactory.java:53) ~[architectury-9.2.14-fabric.jar:?]
	at dev.architectury.event.EventFactory$4.handleInvocation(EventFactory.java:125) ~[architectury-9.2.14-fabric.jar:?]
	at com.google.common.reflect.AbstractInvocationHandler.invoke(AbstractInvocationHandler.java:87) ~[guava-31.1-jre.jar:?]
	at jdk.proxy2.$Proxy127.accept(Unknown Source) ~[?:?]
	at dev.ftb.mods.ftbteams.data.TeamManagerImpl.playerLoggedIn(TeamManagerImpl.java:319) ~[ftb-teams-fabric-2001.3.0.jar:?]
	at dev.ftb.mods.ftbteams.FTBTeams.playerLoggedIn(FTBTeams.java:77) ~[ftb-teams-fabric-2001.3.0.jar:?]
	at java.lang.invoke.MethodHandle.invokeWithArguments(MethodHandle.java:732) ~[?:?]
	at dev.architectury.event.EventFactory.invokeMethod(EventFactory.java:53) ~[architectury-9.2.14-fabric.jar:?]
	at dev.architectury.event.EventFactory$1.handleInvocation(EventFactory.java:62) ~[architectury-9.2.14-fabric.jar:?]
	at com.google.common.reflect.AbstractInvocationHandler.invoke(AbstractInvocationHandler.java:87) ~[guava-31.1-jre.jar:?]
	at jdk.proxy2.$Proxy198.join(Unknown Source) ~[?:?]
	at net.minecraft.class_3324.handler$zjc000$architectury$placeNewPlayer(class_3324.java:2520) ~[server-intermediary.jar:?]
	at net.minecraft.class_3324.method_14570(class_3324.java:307) ~[server-intermediary.jar:?]
	at net.minecraft.class_3248.method_33800(class_3248.java:131) ~[server-intermediary.jar:?]
	at net.minecraft.class_3248.md1e683e$polymer-networking$lambda$polymerNet$prePlayHandshakeHackfest$0$0(class_3248.java:549) ~[server-intermediary.jar:?]
	at eu.pb4.polymer.networking.impl.EarlyConnectionMagic.lambda$handle$0(EarlyConnectionMagic.java:32) ~[polymer-networking-0.5.15+1.20.1-dc18d44a422d3193.jar:?]
	at eu.pb4.polymer.networking.api.EarlyPlayNetworkHandler.lambda$onKeepAlive$0(EarlyPlayNetworkHandler.java:108) ~[polymer-networking-0.5.15+1.20.1-dc18d44a422d3193.jar:?]
	at net.minecraft.class_3738.run(class_3738.java:18) ~[server-intermediary.jar:?]
	at net.minecraft.class_1255.method_18859(class_1255.java:156) ~[server-intermediary.jar:?]
	at net.minecraft.class_4093.method_18859(class_4093.java:23) ~[server-intermediary.jar:?]
	at net.minecraft.server.MinecraftServer.method_24306(MinecraftServer.java:782) ~[server-intermediary.jar:?]
	at net.minecraft.server.MinecraftServer.method_18859(MinecraftServer.java:164) ~[server-intermediary.jar:?]
	at net.minecraft.class_1255.method_16075(class_1255.java:130) ~[server-intermediary.jar:?]
	at net.minecraft.server.MinecraftServer.method_20415(MinecraftServer.java:764) ~[server-intermediary.jar:?]
	at net.minecraft.server.MinecraftServer.method_16075(MinecraftServer.java:758) ~[server-intermediary.jar:?]
	at net.minecraft.class_1255.method_18857(class_1255.java:139) ~[server-intermediary.jar:?]
	at net.minecraft.server.MinecraftServer.method_16208(MinecraftServer.java:743) ~[server-intermediary.jar:?]
	at net.minecraft.server.MinecraftServer.method_29741(MinecraftServer.java:675) ~[server-intermediary.jar:?]
	at net.minecraft.server.MinecraftServer.method_29739(MinecraftServer.java:265) ~[server-intermediary.jar:?]
	at java.lang.Thread.run(Thread.java:840) ~[?:?]
[18:47:24] [Server thread/ERROR]: Parsing error loading recipe dramaticdoors:short_promenade_cherry_oak_door
com.google.gson.JsonSyntaxException: Unknown item 'promenade:cherry_oak_door'
	at net.minecraft.class_1869.method_17878(class_1869.java:272) ~[server-intermediary.jar:?]
	at java.util.Optional.orElseThrow(Optional.java:403) ~[?:?]
	at net.minecraft.class_1869.method_8155(class_1869.java:272) ~[server-intermediary.jar:?]
	at net.minecraft.class_1856.method_8107(class_1856.java:160) ~[server-intermediary.jar:?]
	at net.minecraft.class_1856.method_8102(class_1856.java:143) ~[server-intermediary.jar:?]
	at net.mehvahdjukaar.sawmill.WoodcuttingRecipe$Serializer.fromJson(WoodcuttingRecipe.java:52) ~[sawmill-1.20-1.4.0-fabric.jar:?]
	at net.mehvahdjukaar.sawmill.WoodcuttingRecipe$Serializer.method_8121(WoodcuttingRecipe.java:43) ~[sawmill-1.20-1.4.0-fabric.jar:?]
	at net.minecraft.class_1863.method_17720(class_1863.java:135) ~[server-intermediary.jar:?]
	at net.minecraft.class_1863.method_20705(class_1863.java:56) ~[server-intermediary.jar:?]
	at net.minecraft.class_1863.method_18788(class_1863.java:35) ~[server-intermediary.jar:?]
	at net.minecraft.class_4080.method_18790(class_4080.java:13) ~[server-intermediary.jar:?]
	at java.util.concurrent.CompletableFuture$UniAccept.tryFire(CompletableFuture.java:718) ~[?:?]
	at java.util.concurrent.CompletableFuture$Completion.run(CompletableFuture.java:482) ~[?:?]
	at net.minecraft.class_4014.method_18365(class_4014.java:69) ~[server-intermediary.jar:?]
	at net.minecraft.class_3738.run(class_3738.java:18) ~[server-intermediary.jar:?]
	at net.minecraft.class_1255.method_18859(class_1255.java:156) ~[server-intermediary.jar:?]
	at net.minecraft.class_4093.method_18859(class_4093.java:23) ~[server-intermediary.jar:?]
	at net.minecraft.server.MinecraftServer.method_24306(MinecraftServer.java:782) ~[server-intermediary.jar:?]
	at net.minecraft.server.MinecraftServer.method_18859(MinecraftServer.java:164) ~[server-intermediary.jar:?]
	at net.minecraft.class_1255.method_16075(class_1255.java:130) ~[server-intermediary.jar:?]
	at net.minecraft.server.MinecraftServer.method_20415(MinecraftServer.java:764) ~[server-intermediary.jar:?]
	at net.minecraft.server.MinecraftServer.method_16075(MinecraftServer.java:758) ~[server-intermediary.jar:?]
	at net.minecraft.class_1255.method_18857(class_1255.java:139) ~[server-intermediary.jar:?]
	at net.minecraft.server.MinecraftServer.method_29439(MinecraftServer.java:1345) ~[server-intermediary.jar:?]
	at net.minecraft.class_3097.method_29480(class_3097.java:22) ~[server-intermediary.jar:?]
	at net.minecraft.class_3097.method_13530(class_3097.java:53) ~[server-intermediary.jar:?]
	at com.mojang.brigadier.CommandDispatcher.execute(CommandDispatcher.java:264) ~[brigadier-1.1.8.jar:?]
	at net.minecraft.class_2158$class_2160.method_36318(class_2158.java:96) ~[server-intermediary.jar:?]
	at net.minecraft.class_2158$class_2160.method_9198(class_2158.java:90) ~[server-intermediary.jar:?]
	at net.minecraft.class_2991$class_2992.method_12914(class_2991.java:135) ~[server-intermediary.jar:?]
	at net.minecraft.class_2991$class_6345.method_36346(class_2991.java:210) ~[server-intermediary.jar:?]
	at net.minecraft.class_2991.method_36341(class_2991.java:85) ~[server-intermediary.jar:?]
	at net.minecraft.class_2991.method_12904(class_2991.java:69) ~[server-intermediary.jar:?]
	at net.minecraft.class_3062.method_13381(class_3062.java:46) ~[server-intermediary.jar:?]
	at net.minecraft.class_3062.method_13383(class_3062.java:35) ~[server-intermediary.jar:?]
	at com.mojang.brigadier.CommandDispatcher.execute(CommandDispatcher.java:264) ~[brigadier-1.1.8.jar:?]
	at net.minecraft.class_2170.redirect$zia000$architectury$performCommand(class_2170.java:1045) ~[server-intermediary.jar:?]
	at net.minecraft.class_2170.method_9249(class_2170.java:287) ~[server-intermediary.jar:?]
	at net.minecraft.class_2170.method_44252(class_2170.java:280) ~[server-intermediary.jar:?]
	at dev.ftb.mods.ftbquests.quest.reward.CommandReward.claim(CommandReward.java:104) ~[ftb-quests-fabric-2001.4.5.jar:?]
	at dev.ftb.mods.ftbquests.quest.TeamData.claimReward(TeamData.java:538) ~[ftb-quests-fabric-2001.4.5.jar:?]
	at dev.ftb.mods.ftbquests.quest.TeamData.checkAutoCompletion(TeamData.java:568) ~[ftb-quests-fabric-2001.4.5.jar:?]
	at dev.ftb.mods.ftbquests.quest.Quest.onCompleted(Quest.java:544) ~[ftb-quests-fabric-2001.4.5.jar:?]
	at dev.ftb.mods.ftbquests.quest.ServerQuestFile.lambda$playerLoggedIn$4(ServerQuestFile.java:185) ~[ftb-quests-fabric-2001.4.5.jar:?]
	at java.util.ArrayList.forEach(ArrayList.java:1511) ~[?:?]
	at java.util.Collections$UnmodifiableCollection.forEach(Collections.java:1092) ~[?:?]
	at dev.ftb.mods.ftbquests.quest.BaseQuestFile.lambda$forAllQuests$48(BaseQuestFile.java:1402) ~[ftb-quests-fabric-2001.4.5.jar:?]
	at java.util.ArrayList.forEach(ArrayList.java:1511) ~[?:?]
	at java.util.Collections$UnmodifiableCollection.forEach(Collections.java:1092) ~[?:?]
	at dev.ftb.mods.ftbquests.quest.BaseQuestFile.lambda$forAllChapters$47(BaseQuestFile.java:1397) ~[ftb-quests-fabric-2001.4.5.jar:?]
	at java.util.ArrayList.forEach(ArrayList.java:1511) ~[?:?]
	at dev.ftb.mods.ftbquests.quest.BaseQuestFile.forAllChapterGroups(BaseQuestFile.java:1392) ~[ftb-quests-fabric-2001.4.5.jar:?]
	at dev.ftb.mods.ftbquests.quest.BaseQuestFile.forAllChapters(BaseQuestFile.java:1397) ~[ftb-quests-fabric-2001.4.5.jar:?]
	at dev.ftb.mods.ftbquests.quest.BaseQuestFile.forAllQuests(BaseQuestFile.java:1402) ~[ftb-quests-fabric-2001.4.5.jar:?]
	at dev.ftb.mods.ftbquests.quest.ServerQuestFile.lambda$playerLoggedIn$5(ServerQuestFile.java:179) ~[ftb-quests-fabric-2001.4.5.jar:?]
	at dev.ftb.mods.ftbquests.quest.ServerQuestFile.withPlayerContext(ServerQuestFile.java:159) ~[ftb-quests-fabric-2001.4.5.jar:?]
	at dev.ftb.mods.ftbquests.quest.ServerQuestFile.playerLoggedIn(ServerQuestFile.java:179) ~[ftb-quests-fabric-2001.4.5.jar:?]
	at dev.ftb.mods.ftbquests.FTBQuestsEventHandler.playerLoggedIn(FTBQuestsEventHandler.java:104) ~[ftb-quests-fabric-2001.4.5.jar:?]
	at java.lang.invoke.MethodHandle.invokeWithArguments(MethodHandle.java:732) ~[?:?]
	at dev.architectury.event.EventFactory.invokeMethod(EventFactory.java:53) ~[architectury-9.2.14-fabric.jar:?]
	at dev.architectury.event.EventFactory$4.handleInvocation(EventFactory.java:125) ~[architectury-9.2.14-fabric.jar:?]
	at com.google.common.reflect.AbstractInvocationHandler.invoke(AbstractInvocationHandler.java:87) ~[guava-31.1-jre.jar:?]
	at jdk.proxy2.$Proxy127.accept(Unknown Source) ~[?:?]
	at dev.ftb.mods.ftbteams.data.TeamManagerImpl.playerLoggedIn(TeamManagerImpl.java:319) ~[ftb-teams-fabric-2001.3.0.jar:?]
	at dev.ftb.mods.ftbteams.FTBTeams.playerLoggedIn(FTBTeams.java:77) ~[ftb-teams-fabric-2001.3.0.jar:?]
	at java.lang.invoke.MethodHandle.invokeWithArguments(MethodHandle.java:732) ~[?:?]
	at dev.architectury.event.EventFactory.invokeMethod(EventFactory.java:53) ~[architectury-9.2.14-fabric.jar:?]
	at dev.architectury.event.EventFactory$1.handleInvocation(EventFactory.java:62) ~[architectury-9.2.14-fabric.jar:?]
	at com.google.common.reflect.AbstractInvocationHandler.invoke(AbstractInvocationHandler.java:87) ~[guava-31.1-jre.jar:?]
	at jdk.proxy2.$Proxy198.join(Unknown Source) ~[?:?]
	at net.minecraft.class_3324.handler$zjc000$architectury$placeNewPlayer(class_3324.java:2520) ~[server-intermediary.jar:?]
	at net.minecraft.class_3324.method_14570(class_3324.java:307) ~[server-intermediary.jar:?]
	at net.minecraft.class_3248.method_33800(class_3248.java:131) ~[server-intermediary.jar:?]
	at net.minecraft.class_3248.md1e683e$polymer-networking$lambda$polymerNet$prePlayHandshakeHackfest$0$0(class_3248.java:549) ~[server-intermediary.jar:?]
	at eu.pb4.polymer.networking.impl.EarlyConnectionMagic.lambda$handle$0(EarlyConnectionMagic.java:32) ~[polymer-networking-0.5.15+1.20.1-dc18d44a422d3193.jar:?]
	at eu.pb4.polymer.networking.api.EarlyPlayNetworkHandler.lambda$onKeepAlive$0(EarlyPlayNetworkHandler.java:108) ~[polymer-networking-0.5.15+1.20.1-dc18d44a422d3193.jar:?]
	at net.minecraft.class_3738.run(class_3738.java:18) ~[server-intermediary.jar:?]
	at net.minecraft.class_1255.method_18859(class_1255.java:156) ~[server-intermediary.jar:?]
	at net.minecraft.class_4093.method_18859(class_4093.java:23) ~[server-intermediary.jar:?]
	at net.minecraft.server.MinecraftServer.method_24306(MinecraftServer.java:782) ~[server-intermediary.jar:?]
	at net.minecraft.server.MinecraftServer.method_18859(MinecraftServer.java:164) ~[server-intermediary.jar:?]
	at net.minecraft.class_1255.method_16075(class_1255.java:130) ~[server-intermediary.jar:?]
	at net.minecraft.server.MinecraftServer.method_20415(MinecraftServer.java:764) ~[server-intermediary.jar:?]
	at net.minecraft.server.MinecraftServer.method_16075(MinecraftServer.java:758) ~[server-intermediary.jar:?]
	at net.minecraft.class_1255.method_18857(class_1255.java:139) ~[server-intermediary.jar:?]
	at net.minecraft.server.MinecraftServer.method_16208(MinecraftServer.java:743) ~[server-intermediary.jar:?]
	at net.minecraft.server.MinecraftServer.method_29741(MinecraftServer.java:675) ~[server-intermediary.jar:?]
	at net.minecraft.server.MinecraftServer.method_29739(MinecraftServer.java:265) ~[server-intermediary.jar:?]
	at java.lang.Thread.run(Thread.java:840) ~[?:?]
[18:47:24] [Server thread/ERROR]: Parsing error loading recipe knavesneeds:betternether/cincinnasite_diamond/halberd
com.google.gson.JsonSyntaxException: Unknown item 'betterend:cincinnasite_diamond_upgrade_smithing_template'
	at net.minecraft.class_1869.method_17878(class_1869.java:272) ~[server-intermediary.jar:?]
	at java.util.Optional.orElseThrow(Optional.java:403) ~[?:?]
	at net.minecraft.class_1869.method_8155(class_1869.java:272) ~[server-intermediary.jar:?]
	at net.minecraft.class_1856.method_8107(class_1856.java:160) ~[server-intermediary.jar:?]
	at net.minecraft.class_1856.method_8102(class_1856.java:143) ~[server-intermediary.jar:?]
	at net.minecraft.class_1856.method_52177(class_1856.java:135) ~[server-intermediary.jar:?]
	at net.minecraft.class_8060$class_8061.method_48455(class_8060.java:87) ~[server-intermediary.jar:?]
	at net.minecraft.class_8060$class_8061.method_8121(class_8060.java:84) ~[server-intermediary.jar:?]
	at net.minecraft.class_1863.method_17720(class_1863.java:135) ~[server-intermediary.jar:?]
	at net.minecraft.class_1863.method_20705(class_1863.java:56) ~[server-intermediary.jar:?]
	at net.minecraft.class_1863.method_18788(class_1863.java:35) ~[server-intermediary.jar:?]
	at net.minecraft.class_4080.method_18790(class_4080.java:13) ~[server-intermediary.jar:?]
	at java.util.concurrent.CompletableFuture$UniAccept.tryFire(CompletableFuture.java:718) ~[?:?]
	at java.util.concurrent.CompletableFuture$Completion.run(CompletableFuture.java:482) ~[?:?]
	at net.minecraft.class_4014.method_18365(class_4014.java:69) ~[server-intermediary.jar:?]
	at net.minecraft.class_3738.run(class_3738.java:18) ~[server-intermediary.jar:?]
	at net.minecraft.class_1255.method_18859(class_1255.java:156) ~[server-intermediary.jar:?]
	at net.minecraft.class_4093.method_18859(class_4093.java:23) ~[server-intermediary.jar:?]
	at net.minecraft.server.MinecraftServer.method_24306(MinecraftServer.java:782) ~[server-intermediary.jar:?]
	at net.minecraft.server.MinecraftServer.method_18859(MinecraftServer.java:164) ~[server-intermediary.jar:?]
	at net.minecraft.class_1255.method_16075(class_1255.java:130) ~[server-intermediary.jar:?]
	at net.minecraft.server.MinecraftServer.method_20415(MinecraftServer.java:764) ~[server-intermediary.jar:?]
	at net.minecraft.server.MinecraftServer.method_16075(MinecraftServer.java:758) ~[server-intermediary.jar:?]
	at net.minecraft.class_1255.method_18857(class_1255.java:139) ~[server-intermediary.jar:?]
	at net.minecraft.server.MinecraftServer.method_29439(MinecraftServer.java:1345) ~[server-intermediary.jar:?]
	at net.minecraft.class_3097.method_29480(class_3097.java:22) ~[server-intermediary.jar:?]
	at net.minecraft.class_3097.method_13530(class_3097.java:53) ~[server-intermediary.jar:?]
	at com.mojang.brigadier.CommandDispatcher.execute(CommandDispatcher.java:264) ~[brigadier-1.1.8.jar:?]
	at net.minecraft.class_2158$class_2160.method_36318(class_2158.java:96) ~[server-intermediary.jar:?]
	at net.minecraft.class_2158$class_2160.method_9198(class_2158.java:90) ~[server-intermediary.jar:?]
	at net.minecraft.class_2991$class_2992.method_12914(class_2991.java:135) ~[server-intermediary.jar:?]
	at net.minecraft.class_2991$class_6345.method_36346(class_2991.java:210) ~[server-intermediary.jar:?]
	at net.minecraft.class_2991.method_36341(class_2991.java:85) ~[server-intermediary.jar:?]
	at net.minecraft.class_2991.method_12904(class_2991.java:69) ~[server-intermediary.jar:?]
	at net.minecraft.class_3062.method_13381(class_3062.java:46) ~[server-intermediary.jar:?]
	at net.minecraft.class_3062.method_13383(class_3062.java:35) ~[server-intermediary.jar:?]
	at com.mojang.brigadier.CommandDispatcher.execute(CommandDispatcher.java:264) ~[brigadier-1.1.8.jar:?]
	at net.minecraft.class_2170.redirect$zia000$architectury$performCommand(class_2170.java:1045) ~[server-intermediary.jar:?]
	at net.minecraft.class_2170.method_9249(class_2170.java:287) ~[server-intermediary.jar:?]
	at net.minecraft.class_2170.method_44252(class_2170.java:280) ~[server-intermediary.jar:?]
	at dev.ftb.mods.ftbquests.quest.reward.CommandReward.claim(CommandReward.java:104) ~[ftb-quests-fabric-2001.4.5.jar:?]
	at dev.ftb.mods.ftbquests.quest.TeamData.claimReward(TeamData.java:538) ~[ftb-quests-fabric-2001.4.5.jar:?]
	at dev.ftb.mods.ftbquests.quest.TeamData.checkAutoCompletion(TeamData.java:568) ~[ftb-quests-fabric-2001.4.5.jar:?]
	at dev.ftb.mods.ftbquests.quest.Quest.onCompleted(Quest.java:544) ~[ftb-quests-fabric-2001.4.5.jar:?]
	at dev.ftb.mods.ftbquests.quest.ServerQuestFile.lambda$playerLoggedIn$4(ServerQuestFile.java:185) ~[ftb-quests-fabric-2001.4.5.jar:?]
	at java.util.ArrayList.forEach(ArrayList.java:1511) ~[?:?]
	at java.util.Collections$UnmodifiableCollection.forEach(Collections.java:1092) ~[?:?]
	at dev.ftb.mods.ftbquests.quest.BaseQuestFile.lambda$forAllQuests$48(BaseQuestFile.java:1402) ~[ftb-quests-fabric-2001.4.5.jar:?]
	at java.util.ArrayList.forEach(ArrayList.java:1511) ~[?:?]
	at java.util.Collections$UnmodifiableCollection.forEach(Collections.java:1092) ~[?:?]
	at dev.ftb.mods.ftbquests.quest.BaseQuestFile.lambda$forAllChapters$47(BaseQuestFile.java:1397) ~[ftb-quests-fabric-2001.4.5.jar:?]
	at java.util.ArrayList.forEach(ArrayList.java:1511) ~[?:?]
	at dev.ftb.mods.ftbquests.quest.BaseQuestFile.forAllChapterGroups(BaseQuestFile.java:1392) ~[ftb-quests-fabric-2001.4.5.jar:?]
	at dev.ftb.mods.ftbquests.quest.BaseQuestFile.forAllChapters(BaseQuestFile.java:1397) ~[ftb-quests-fabric-2001.4.5.jar:?]
	at dev.ftb.mods.ftbquests.quest.BaseQuestFile.forAllQuests(BaseQuestFile.java:1402) ~[ftb-quests-fabric-2001.4.5.jar:?]
	at dev.ftb.mods.ftbquests.quest.ServerQuestFile.lambda$playerLoggedIn$5(ServerQuestFile.java:179) ~[ftb-quests-fabric-2001.4.5.jar:?]
	at dev.ftb.mods.ftbquests.quest.ServerQuestFile.withPlayerContext(ServerQuestFile.java:159) ~[ftb-quests-fabric-2001.4.5.jar:?]
	at dev.ftb.mods.ftbquests.quest.ServerQuestFile.playerLoggedIn(ServerQuestFile.java:179) ~[ftb-quests-fabric-2001.4.5.jar:?]
	at dev.ftb.mods.ftbquests.FTBQuestsEventHandler.playerLoggedIn(FTBQuestsEventHandler.java:104) ~[ftb-quests-fabric-2001.4.5.jar:?]
	at java.lang.invoke.MethodHandle.invokeWithArguments(MethodHandle.java:732) ~[?:?]
	at dev.architectury.event.EventFactory.invokeMethod(EventFactory.java:53) ~[architectury-9.2.14-fabric.jar:?]
	at dev.architectury.event.EventFactory$4.handleInvocation(EventFactory.java:125) ~[architectury-9.2.14-fabric.jar:?]
	at com.google.common.reflect.AbstractInvocationHandler.invoke(AbstractInvocationHandler.java:87) ~[guava-31.1-jre.jar:?]
	at jdk.proxy2.$Proxy127.accept(Unknown Source) ~[?:?]
	at dev.ftb.mods.ftbteams.data.TeamManagerImpl.playerLoggedIn(TeamManagerImpl.java:319) ~[ftb-teams-fabric-2001.3.0.jar:?]
	at dev.ftb.mods.ftbteams.FTBTeams.playerLoggedIn(FTBTeams.java:77) ~[ftb-teams-fabric-2001.3.0.jar:?]
	at java.lang.invoke.MethodHandle.invokeWithArguments(MethodHandle.java:732) ~[?:?]
	at dev.architectury.event.EventFactory.invokeMethod(EventFactory.java:53) ~[architectury-9.2.14-fabric.jar:?]
	at dev.architectury.event.EventFactory$1.handleInvocation(EventFactory.java:62) ~[architectury-9.2.14-fabric.jar:?]
	at com.google.common.reflect.AbstractInvocationHandler.invoke(AbstractInvocationHandler.java:87) ~[guava-31.1-jre.jar:?]
	at jdk.proxy2.$Proxy198.join(Unknown Source) ~[?:?]
	at net.minecraft.class_3324.handler$zjc000$architectury$placeNewPlayer(class_3324.java:2520) ~[server-intermediary.jar:?]
	at net.minecraft.class_3324.method_14570(class_3324.java:307) ~[server-intermediary.jar:?]
	at net.minecraft.class_3248.method_33800(class_3248.java:131) ~[server-intermediary.jar:?]
	at net.minecraft.class_3248.md1e683e$polymer-networking$lambda$polymerNet$prePlayHandshakeHackfest$0$0(class_3248.java:549) ~[server-intermediary.jar:?]
	at eu.pb4.polymer.networking.impl.EarlyConnectionMagic.lambda$handle$0(EarlyConnectionMagic.java:32) ~[polymer-networking-0.5.15+1.20.1-dc18d44a422d3193.jar:?]
	at eu.pb4.polymer.networking.api.EarlyPlayNetworkHandler.lambda$onKeepAlive$0(EarlyPlayNetworkHandler.java:108) ~[polymer-networking-0.5.15+1.20.1-dc18d44a422d3193.jar:?]
	at net.minecraft.class_3738.run(class_3738.java:18) ~[server-intermediary.jar:?]
	at net.minecraft.class_1255.method_18859(class_1255.java:156) ~[server-intermediary.jar:?]
	at net.minecraft.class_4093.method_18859(class_4093.java:23) ~[server-intermediary.jar:?]
	at net.minecraft.server.MinecraftServer.method_24306(MinecraftServer.java:782) ~[server-intermediary.jar:?]
	at net.minecraft.server.MinecraftServer.method_18859(MinecraftServer.java:164) ~[server-intermediary.jar:?]
	at net.minecraft.class_1255.method_16075(class_1255.java:130) ~[server-intermediary.jar:?]
	at net.minecraft.server.MinecraftServer.method_20415(MinecraftServer.java:764) ~[server-intermediary.jar:?]
	at net.minecraft.server.MinecraftServer.method_16075(MinecraftServer.java:758) ~[server-intermediary.jar:?]
	at net.minecraft.class_1255.method_18857(class_1255.java:139) ~[server-intermediary.jar:?]
	at net.minecraft.server.MinecraftServer.method_16208(MinecraftServer.java:743) ~[server-intermediary.jar:?]
	at net.minecraft.server.MinecraftServer.method_29741(MinecraftServer.java:675) ~[server-intermediary.jar:?]
	at net.minecraft.server.MinecraftServer.method_29739(MinecraftServer.java:265) ~[server-intermediary.jar:?]
	at java.lang.Thread.run(Thread.java:840) ~[?:?]
[18:47:24] [Server thread/ERROR]: Parsing error loading recipe knavesneeds:betternether/cincinnasite_diamond/chakram
com.google.gson.JsonSyntaxException: Unknown item 'betterend:cincinnasite_diamond_upgrade_smithing_template'
	at net.minecraft.class_1869.method_17878(class_1869.java:272) ~[server-intermediary.jar:?]
	at java.util.Optional.orElseThrow(Optional.java:403) ~[?:?]
	at net.minecraft.class_1869.method_8155(class_1869.java:272) ~[server-intermediary.jar:?]
	at net.minecraft.class_1856.method_8107(class_1856.java:160) ~[server-intermediary.jar:?]
	at net.minecraft.class_1856.method_8102(class_1856.java:143) ~[server-intermediary.jar:?]
	at net.minecraft.class_1856.method_52177(class_1856.java:135) ~[server-intermediary.jar:?]
	at net.minecraft.class_8060$class_8061.method_48455(class_8060.java:87) ~[server-intermediary.jar:?]
	at net.minecraft.class_8060$class_8061.method_8121(class_8060.java:84) ~[server-intermediary.jar:?]
	at net.minecraft.class_1863.method_17720(class_1863.java:135) ~[server-intermediary.jar:?]
	at net.minecraft.class_1863.method_20705(class_1863.java:56) ~[server-intermediary.jar:?]
	at net.minecraft.class_1863.method_18788(class_1863.java:35) ~[server-intermediary.jar:?]
	at net.minecraft.class_4080.method_18790(class_4080.java:13) ~[server-intermediary.jar:?]
	at java.util.concurrent.CompletableFuture$UniAccept.tryFire(CompletableFuture.java:718) ~[?:?]
	at java.util.concurrent.CompletableFuture$Completion.run(CompletableFuture.java:482) ~[?:?]
	at net.minecraft.class_4014.method_18365(class_4014.java:69) ~[server-intermediary.jar:?]
	at net.minecraft.class_3738.run(class_3738.java:18) ~[server-intermediary.jar:?]
	at net.minecraft.class_1255.method_18859(class_1255.java:156) ~[server-intermediary.jar:?]
	at net.minecraft.class_4093.method_18859(class_4093.java:23) ~[server-intermediary.jar:?]
	at net.minecraft.server.MinecraftServer.method_24306(MinecraftServer.java:782) ~[server-intermediary.jar:?]
	at net.minecraft.server.MinecraftServer.method_18859(MinecraftServer.java:164) ~[server-intermediary.jar:?]
	at net.minecraft.class_1255.method_16075(class_1255.java:130) ~[server-intermediary.jar:?]
	at net.minecraft.server.MinecraftServer.method_20415(MinecraftServer.java:764) ~[server-intermediary.jar:?]
	at net.minecraft.server.MinecraftServer.method_16075(MinecraftServer.java:758) ~[server-intermediary.jar:?]
	at net.minecraft.class_1255.method_18857(class_1255.java:139) ~[server-intermediary.jar:?]
	at net.minecraft.server.MinecraftServer.method_29439(MinecraftServer.java:1345) ~[server-intermediary.jar:?]
	at net.minecraft.class_3097.method_29480(class_3097.java:22) ~[server-intermediary.jar:?]
	at net.minecraft.class_3097.method_13530(class_3097.java:53) ~[server-intermediary.jar:?]
	at com.mojang.brigadier.CommandDispatcher.execute(CommandDispatcher.java:264) ~[brigadier-1.1.8.jar:?]
	at net.minecraft.class_2158$class_2160.method_36318(class_2158.java:96) ~[server-intermediary.jar:?]
	at net.minecraft.class_2158$class_2160.method_9198(class_2158.java:90) ~[server-intermediary.jar:?]
	at net.minecraft.class_2991$class_2992.method_12914(class_2991.java:135) ~[server-intermediary.jar:?]
	at net.minecraft.class_2991$class_6345.method_36346(class_2991.java:210) ~[server-intermediary.jar:?]
	at net.minecraft.class_2991.method_36341(class_2991.java:85) ~[server-intermediary.jar:?]
	at net.minecraft.class_2991.method_12904(class_2991.java:69) ~[server-intermediary.jar:?]
	at net.minecraft.class_3062.method_13381(class_3062.java:46) ~[server-intermediary.jar:?]
	at net.minecraft.class_3062.method_13383(class_3062.java:35) ~[server-intermediary.jar:?]
	at com.mojang.brigadier.CommandDispatcher.execute(CommandDispatcher.java:264) ~[brigadier-1.1.8.jar:?]
	at net.minecraft.class_2170.redirect$zia000$architectury$performCommand(class_2170.java:1045) ~[server-intermediary.jar:?]
	at net.minecraft.class_2170.method_9249(class_2170.java:287) ~[server-intermediary.jar:?]
	at net.minecraft.class_2170.method_44252(class_2170.java:280) ~[server-intermediary.jar:?]
	at dev.ftb.mods.ftbquests.quest.reward.CommandReward.claim(CommandReward.java:104) ~[ftb-quests-fabric-2001.4.5.jar:?]
	at dev.ftb.mods.ftbquests.quest.TeamData.claimReward(TeamData.java:538) ~[ftb-quests-fabric-2001.4.5.jar:?]
	at dev.ftb.mods.ftbquests.quest.TeamData.checkAutoCompletion(TeamData.java:568) ~[ftb-quests-fabric-2001.4.5.jar:?]
	at dev.ftb.mods.ftbquests.quest.Quest.onCompleted(Quest.java:544) ~[ftb-quests-fabric-2001.4.5.jar:?]
	at dev.ftb.mods.ftbquests.quest.ServerQuestFile.lambda$playerLoggedIn$4(ServerQuestFile.java:185) ~[ftb-quests-fabric-2001.4.5.jar:?]
	at java.util.ArrayList.forEach(ArrayList.java:1511) ~[?:?]
	at java.util.Collections$UnmodifiableCollection.forEach(Collections.java:1092) ~[?:?]
	at dev.ftb.mods.ftbquests.quest.BaseQuestFile.lambda$forAllQuests$48(BaseQuestFile.java:1402) ~[ftb-quests-fabric-2001.4.5.jar:?]
	at java.util.ArrayList.forEach(ArrayList.java:1511) ~[?:?]
	at java.util.Collections$UnmodifiableCollection.forEach(Collections.java:1092) ~[?:?]
	at dev.ftb.mods.ftbquests.quest.BaseQuestFile.lambda$forAllChapters$47(BaseQuestFile.java:1397) ~[ftb-quests-fabric-2001.4.5.jar:?]
	at java.util.ArrayList.forEach(ArrayList.java:1511) ~[?:?]
	at dev.ftb.mods.ftbquests.quest.BaseQuestFile.forAllChapterGroups(BaseQuestFile.java:1392) ~[ftb-quests-fabric-2001.4.5.jar:?]
	at dev.ftb.mods.ftbquests.quest.BaseQuestFile.forAllChapters(BaseQuestFile.java:1397) ~[ftb-quests-fabric-2001.4.5.jar:?]
	at dev.ftb.mods.ftbquests.quest.BaseQuestFile.forAllQuests(BaseQuestFile.java:1402) ~[ftb-quests-fabric-2001.4.5.jar:?]
	at dev.ftb.mods.ftbquests.quest.ServerQuestFile.lambda$playerLoggedIn$5(ServerQuestFile.java:179) ~[ftb-quests-fabric-2001.4.5.jar:?]
	at dev.ftb.mods.ftbquests.quest.ServerQuestFile.withPlayerContext(ServerQuestFile.java:159) ~[ftb-quests-fabric-2001.4.5.jar:?]
	at dev.ftb.mods.ftbquests.quest.ServerQuestFile.playerLoggedIn(ServerQuestFile.java:179) ~[ftb-quests-fabric-2001.4.5.jar:?]
	at dev.ftb.mods.ftbquests.FTBQuestsEventHandler.playerLoggedIn(FTBQuestsEventHandler.java:104) ~[ftb-quests-fabric-2001.4.5.jar:?]
	at java.lang.invoke.MethodHandle.invokeWithArguments(MethodHandle.java:732) ~[?:?]
	at dev.architectury.event.EventFactory.invokeMethod(EventFactory.java:53) ~[architectury-9.2.14-fabric.jar:?]
	at dev.architectury.event.EventFactory$4.handleInvocation(EventFactory.java:125) ~[architectury-9.2.14-fabric.jar:?]
	at com.google.common.reflect.AbstractInvocationHandler.invoke(AbstractInvocationHandler.java:87) ~[guava-31.1-jre.jar:?]
	at jdk.proxy2.$Proxy127.accept(Unknown Source) ~[?:?]
	at dev.ftb.mods.ftbteams.data.TeamManagerImpl.playerLoggedIn(TeamManagerImpl.java:319) ~[ftb-teams-fabric-2001.3.0.jar:?]
	at dev.ftb.mods.ftbteams.FTBTeams.playerLoggedIn(FTBTeams.java:77) ~[ftb-teams-fabric-2001.3.0.jar:?]
	at java.lang.invoke.MethodHandle.invokeWithArguments(MethodHandle.java:732) ~[?:?]
	at dev.architectury.event.EventFactory.invokeMethod(EventFactory.java:53) ~[architectury-9.2.14-fabric.jar:?]
	at dev.architectury.event.EventFactory$1.handleInvocation(EventFactory.java:62) ~[architectury-9.2.14-fabric.jar:?]
	at com.google.common.reflect.AbstractInvocationHandler.invoke(AbstractInvocationHandler.java:87) ~[guava-31.1-jre.jar:?]
	at jdk.proxy2.$Proxy198.join(Unknown Source) ~[?:?]
	at net.minecraft.class_3324.handler$zjc000$architectury$placeNewPlayer(class_3324.java:2520) ~[server-intermediary.jar:?]
	at net.minecraft.class_3324.method_14570(class_3324.java:307) ~[server-intermediary.jar:?]
	at net.minecraft.class_3248.method_33800(class_3248.java:131) ~[server-intermediary.jar:?]
	at net.minecraft.class_3248.md1e683e$polymer-networking$lambda$polymerNet$prePlayHandshakeHackfest$0$0(class_3248.java:549) ~[server-intermediary.jar:?]
	at eu.pb4.polymer.networking.impl.EarlyConnectionMagic.lambda$handle$0(EarlyConnectionMagic.java:32) ~[polymer-networking-0.5.15+1.20.1-dc18d44a422d3193.jar:?]
	at eu.pb4.polymer.networking.api.EarlyPlayNetworkHandler.lambda$onKeepAlive$0(EarlyPlayNetworkHandler.java:108) ~[polymer-networking-0.5.15+1.20.1-dc18d44a422d3193.jar:?]
	at net.minecraft.class_3738.run(class_3738.java:18) ~[server-intermediary.jar:?]
	at net.minecraft.class_1255.method_18859(class_1255.java:156) ~[server-intermediary.jar:?]
	at net.minecraft.class_4093.method_18859(class_4093.java:23) ~[server-intermediary.jar:?]
	at net.minecraft.server.MinecraftServer.method_24306(MinecraftServer.java:782) ~[server-intermediary.jar:?]
	at net.minecraft.server.MinecraftServer.method_18859(MinecraftServer.java:164) ~[server-intermediary.jar:?]
	at net.minecraft.class_1255.method_16075(class_1255.java:130) ~[server-intermediary.jar:?]
	at net.minecraft.server.MinecraftServer.method_20415(MinecraftServer.java:764) ~[server-intermediary.jar:?]
	at net.minecraft.server.MinecraftServer.method_16075(MinecraftServer.java:758) ~[server-intermediary.jar:?]
	at net.minecraft.class_1255.method_18857(class_1255.java:139) ~[server-intermediary.jar:?]
	at net.minecraft.server.MinecraftServer.method_16208(MinecraftServer.java:743) ~[server-intermediary.jar:?]
	at net.minecraft.server.MinecraftServer.method_29741(MinecraftServer.java:675) ~[server-intermediary.jar:?]
	at net.minecraft.server.MinecraftServer.method_29739(MinecraftServer.java:265) ~[server-intermediary.jar:?]
	at java.lang.Thread.run(Thread.java:840) ~[?:?]
[18:47:24] [Server thread/ERROR]: Parsing error loading recipe knavesneeds:betternether/cincinnasite_diamond/scythe
com.google.gson.JsonSyntaxException: Unknown item 'betterend:cincinnasite_diamond_upgrade_smithing_template'
	at net.minecraft.class_1869.method_17878(class_1869.java:272) ~[server-intermediary.jar:?]
	at java.util.Optional.orElseThrow(Optional.java:403) ~[?:?]
	at net.minecraft.class_1869.method_8155(class_1869.java:272) ~[server-intermediary.jar:?]
	at net.minecraft.class_1856.method_8107(class_1856.java:160) ~[server-intermediary.jar:?]
	at net.minecraft.class_1856.method_8102(class_1856.java:143) ~[server-intermediary.jar:?]
	at net.minecraft.class_1856.method_52177(class_1856.java:135) ~[server-intermediary.jar:?]
	at net.minecraft.class_8060$class_8061.method_48455(class_8060.java:87) ~[server-intermediary.jar:?]
	at net.minecraft.class_8060$class_8061.method_8121(class_8060.java:84) ~[server-intermediary.jar:?]
	at net.minecraft.class_1863.method_17720(class_1863.java:135) ~[server-intermediary.jar:?]
	at net.minecraft.class_1863.method_20705(class_1863.java:56) ~[server-intermediary.jar:?]
	at net.minecraft.class_1863.method_18788(class_1863.java:35) ~[server-intermediary.jar:?]
	at net.minecraft.class_4080.method_18790(class_4080.java:13) ~[server-intermediary.jar:?]
	at java.util.concurrent.CompletableFuture$UniAccept.tryFire(CompletableFuture.java:718) ~[?:?]
	at java.util.concurrent.CompletableFuture$Completion.run(CompletableFuture.java:482) ~[?:?]
	at net.minecraft.class_4014.method_18365(class_4014.java:69) ~[server-intermediary.jar:?]
	at net.minecraft.class_3738.run(class_3738.java:18) ~[server-intermediary.jar:?]
	at net.minecraft.class_1255.method_18859(class_1255.java:156) ~[server-intermediary.jar:?]
	at net.minecraft.class_4093.method_18859(class_4093.java:23) ~[server-intermediary.jar:?]
	at net.minecraft.server.MinecraftServer.method_24306(MinecraftServer.java:782) ~[server-intermediary.jar:?]
	at net.minecraft.server.MinecraftServer.method_18859(MinecraftServer.java:164) ~[server-intermediary.jar:?]
	at net.minecraft.class_1255.method_16075(class_1255.java:130) ~[server-intermediary.jar:?]
	at net.minecraft.server.MinecraftServer.method_20415(MinecraftServer.java:764) ~[server-intermediary.jar:?]
	at net.minecraft.server.MinecraftServer.method_16075(MinecraftServer.java:758) ~[server-intermediary.jar:?]
	at net.minecraft.class_1255.method_18857(class_1255.java:139) ~[server-intermediary.jar:?]
	at net.minecraft.server.MinecraftServer.method_29439(MinecraftServer.java:1345) ~[server-intermediary.jar:?]
	at net.minecraft.class_3097.method_29480(class_3097.java:22) ~[server-intermediary.jar:?]
	at net.minecraft.class_3097.method_13530(class_3097.java:53) ~[server-intermediary.jar:?]
	at com.mojang.brigadier.CommandDispatcher.execute(CommandDispatcher.java:264) ~[brigadier-1.1.8.jar:?]
	at net.minecraft.class_2158$class_2160.method_36318(class_2158.java:96) ~[server-intermediary.jar:?]
	at net.minecraft.class_2158$class_2160.method_9198(class_2158.java:90) ~[server-intermediary.jar:?]
	at net.minecraft.class_2991$class_2992.method_12914(class_2991.java:135) ~[server-intermediary.jar:?]
	at net.minecraft.class_2991$class_6345.method_36346(class_2991.java:210) ~[server-intermediary.jar:?]
	at net.minecraft.class_2991.method_36341(class_2991.java:85) ~[server-intermediary.jar:?]
	at net.minecraft.class_2991.method_12904(class_2991.java:69) ~[server-intermediary.jar:?]
	at net.minecraft.class_3062.method_13381(class_3062.java:46) ~[server-intermediary.jar:?]
	at net.minecraft.class_3062.method_13383(class_3062.java:35) ~[server-intermediary.jar:?]
	at com.mojang.brigadier.CommandDispatcher.execute(CommandDispatcher.java:264) ~[brigadier-1.1.8.jar:?]
	at net.minecraft.class_2170.redirect$zia000$architectury$performCommand(class_2170.java:1045) ~[server-intermediary.jar:?]
	at net.minecraft.class_2170.method_9249(class_2170.java:287) ~[server-intermediary.jar:?]
	at net.minecraft.class_2170.method_44252(class_2170.java:280) ~[server-intermediary.jar:?]
	at dev.ftb.mods.ftbquests.quest.reward.CommandReward.claim(CommandReward.java:104) ~[ftb-quests-fabric-2001.4.5.jar:?]
	at dev.ftb.mods.ftbquests.quest.TeamData.claimReward(TeamData.java:538) ~[ftb-quests-fabric-2001.4.5.jar:?]
	at dev.ftb.mods.ftbquests.quest.TeamData.checkAutoCompletion(TeamData.java:568) ~[ftb-quests-fabric-2001.4.5.jar:?]
	at dev.ftb.mods.ftbquests.quest.Quest.onCompleted(Quest.java:544) ~[ftb-quests-fabric-2001.4.5.jar:?]
	at dev.ftb.mods.ftbquests.quest.ServerQuestFile.lambda$playerLoggedIn$4(ServerQuestFile.java:185) ~[ftb-quests-fabric-2001.4.5.jar:?]
	at java.util.ArrayList.forEach(ArrayList.java:1511) ~[?:?]
	at java.util.Collections$UnmodifiableCollection.forEach(Collections.java:1092) ~[?:?]
	at dev.ftb.mods.ftbquests.quest.BaseQuestFile.lambda$forAllQuests$48(BaseQuestFile.java:1402) ~[ftb-quests-fabric-2001.4.5.jar:?]
	at java.util.ArrayList.forEach(ArrayList.java:1511) ~[?:?]
	at java.util.Collections$UnmodifiableCollection.forEach(Collections.java:1092) ~[?:?]
	at dev.ftb.mods.ftbquests.quest.BaseQuestFile.lambda$forAllChapters$47(BaseQuestFile.java:1397) ~[ftb-quests-fabric-2001.4.5.jar:?]
	at java.util.ArrayList.forEach(ArrayList.java:1511) ~[?:?]
	at dev.ftb.mods.ftbquests.quest.BaseQuestFile.forAllChapterGroups(BaseQuestFile.java:1392) ~[ftb-quests-fabric-2001.4.5.jar:?]
	at dev.ftb.mods.ftbquests.quest.BaseQuestFile.forAllChapters(BaseQuestFile.java:1397) ~[ftb-quests-fabric-2001.4.5.jar:?]
	at dev.ftb.mods.ftbquests.quest.BaseQuestFile.forAllQuests(BaseQuestFile.java:1402) ~[ftb-quests-fabric-2001.4.5.jar:?]
	at dev.ftb.mods.ftbquests.quest.ServerQuestFile.lambda$playerLoggedIn$5(ServerQuestFile.java:179) ~[ftb-quests-fabric-2001.4.5.jar:?]
	at dev.ftb.mods.ftbquests.quest.ServerQuestFile.withPlayerContext(ServerQuestFile.java:159) ~[ftb-quests-fabric-2001.4.5.jar:?]
	at dev.ftb.mods.ftbquests.quest.ServerQuestFile.playerLoggedIn(ServerQuestFile.java:179) ~[ftb-quests-fabric-2001.4.5.jar:?]
	at dev.ftb.mods.ftbquests.FTBQuestsEventHandler.playerLoggedIn(FTBQuestsEventHandler.java:104) ~[ftb-quests-fabric-2001.4.5.jar:?]
	at java.lang.invoke.MethodHandle.invokeWithArguments(MethodHandle.java:732) ~[?:?]
	at dev.architectury.event.EventFactory.invokeMethod(EventFactory.java:53) ~[architectury-9.2.14-fabric.jar:?]
	at dev.architectury.event.EventFactory$4.handleInvocation(EventFactory.java:125) ~[architectury-9.2.14-fabric.jar:?]
	at com.google.common.reflect.AbstractInvocationHandler.invoke(AbstractInvocationHandler.java:87) ~[guava-31.1-jre.jar:?]
	at jdk.proxy2.$Proxy127.accept(Unknown Source) ~[?:?]
	at dev.ftb.mods.ftbteams.data.TeamManagerImpl.playerLoggedIn(TeamManagerImpl.java:319) ~[ftb-teams-fabric-2001.3.0.jar:?]
	at dev.ftb.mods.ftbteams.FTBTeams.playerLoggedIn(FTBTeams.java:77) ~[ftb-teams-fabric-2001.3.0.jar:?]
	at java.lang.invoke.MethodHandle.invokeWithArguments(MethodHandle.java:732) ~[?:?]
	at dev.architectury.event.EventFactory.invokeMethod(EventFactory.java:53) ~[architectury-9.2.14-fabric.jar:?]
	at dev.architectury.event.EventFactory$1.handleInvocation(EventFactory.java:62) ~[architectury-9.2.14-fabric.jar:?]
	at com.google.common.reflect.AbstractInvocationHandler.invoke(AbstractInvocationHandler.java:87) ~[guava-31.1-jre.jar:?]
	at jdk.proxy2.$Proxy198.join(Unknown Source) ~[?:?]
	at net.minecraft.class_3324.handler$zjc000$architectury$placeNewPlayer(class_3324.java:2520) ~[server-intermediary.jar:?]
	at net.minecraft.class_3324.method_14570(class_3324.java:307) ~[server-intermediary.jar:?]
	at net.minecraft.class_3248.method_33800(class_3248.java:131) ~[server-intermediary.jar:?]
	at net.minecraft.class_3248.md1e683e$polymer-networking$lambda$polymerNet$prePlayHandshakeHackfest$0$0(class_3248.java:549) ~[server-intermediary.jar:?]
	at eu.pb4.polymer.networking.impl.EarlyConnectionMagic.lambda$handle$0(EarlyConnectionMagic.java:32) ~[polymer-networking-0.5.15+1.20.1-dc18d44a422d3193.jar:?]
	at eu.pb4.polymer.networking.api.EarlyPlayNetworkHandler.lambda$onKeepAlive$0(EarlyPlayNetworkHandler.java:108) ~[polymer-networking-0.5.15+1.20.1-dc18d44a422d3193.jar:?]
	at net.minecraft.class_3738.run(class_3738.java:18) ~[server-intermediary.jar:?]
	at net.minecraft.class_1255.method_18859(class_1255.java:156) ~[server-intermediary.jar:?]
	at net.minecraft.class_4093.method_18859(class_4093.java:23) ~[server-intermediary.jar:?]
	at net.minecraft.server.MinecraftServer.method_24306(MinecraftServer.java:782) ~[server-intermediary.jar:?]
	at net.minecraft.server.MinecraftServer.method_18859(MinecraftServer.java:164) ~[server-intermediary.jar:?]
	at net.minecraft.class_1255.method_16075(class_1255.java:130) ~[server-intermediary.jar:?]
	at net.minecraft.server.MinecraftServer.method_20415(MinecraftServer.java:764) ~[server-intermediary.jar:?]
	at net.minecraft.server.MinecraftServer.method_16075(MinecraftServer.java:758) ~[server-intermediary.jar:?]
	at net.minecraft.class_1255.method_18857(class_1255.java:139) ~[server-intermediary.jar:?]
	at net.minecraft.server.MinecraftServer.method_16208(MinecraftServer.java:743) ~[server-intermediary.jar:?]
	at net.minecraft.server.MinecraftServer.method_29741(MinecraftServer.java:675) ~[server-intermediary.jar:?]
	at net.minecraft.server.MinecraftServer.method_29739(MinecraftServer.java:265) ~[server-intermediary.jar:?]
	at java.lang.Thread.run(Thread.java:840) ~[?:?]
[18:47:24] [Server thread/ERROR]: Parsing error loading recipe digs_dnd_origins:golden_horns_helmet
com.google.gson.JsonSyntaxException: Invalid or unsupported recipe type 'minecraft:smithing'
	at net.minecraft.class_1863.method_17875(class_1863.java:134) ~[server-intermediary.jar:?]
	at java.util.Optional.orElseThrow(Optional.java:403) ~[?:?]
	at net.minecraft.class_1863.method_17720(class_1863.java:134) ~[server-intermediary.jar:?]
	at net.minecraft.class_1863.method_20705(class_1863.java:56) ~[server-intermediary.jar:?]
	at net.minecraft.class_1863.method_18788(class_1863.java:35) ~[server-intermediary.jar:?]
	at net.minecraft.class_4080.method_18790(class_4080.java:13) ~[server-intermediary.jar:?]
	at java.util.concurrent.CompletableFuture$UniAccept.tryFire(CompletableFuture.java:718) ~[?:?]
	at java.util.concurrent.CompletableFuture$Completion.run(CompletableFuture.java:482) ~[?:?]
	at net.minecraft.class_4014.method_18365(class_4014.java:69) ~[server-intermediary.jar:?]
	at net.minecraft.class_3738.run(class_3738.java:18) ~[server-intermediary.jar:?]
	at net.minecraft.class_1255.method_18859(class_1255.java:156) ~[server-intermediary.jar:?]
	at net.minecraft.class_4093.method_18859(class_4093.java:23) ~[server-intermediary.jar:?]
	at net.minecraft.server.MinecraftServer.method_24306(MinecraftServer.java:782) ~[server-intermediary.jar:?]
	at net.minecraft.server.MinecraftServer.method_18859(MinecraftServer.java:164) ~[server-intermediary.jar:?]
	at net.minecraft.class_1255.method_16075(class_1255.java:130) ~[server-intermediary.jar:?]
	at net.minecraft.server.MinecraftServer.method_20415(MinecraftServer.java:764) ~[server-intermediary.jar:?]
	at net.minecraft.server.MinecraftServer.method_16075(MinecraftServer.java:758) ~[server-intermediary.jar:?]
	at net.minecraft.class_1255.method_18857(class_1255.java:139) ~[server-intermediary.jar:?]
	at net.minecraft.server.MinecraftServer.method_29439(MinecraftServer.java:1345) ~[server-intermediary.jar:?]
	at net.minecraft.class_3097.method_29480(class_3097.java:22) ~[server-intermediary.jar:?]
	at net.minecraft.class_3097.method_13530(class_3097.java:53) ~[server-intermediary.jar:?]
	at com.mojang.brigadier.CommandDispatcher.execute(CommandDispatcher.java:264) ~[brigadier-1.1.8.jar:?]
	at net.minecraft.class_2158$class_2160.method_36318(class_2158.java:96) ~[server-intermediary.jar:?]
	at net.minecraft.class_2158$class_2160.method_9198(class_2158.java:90) ~[server-intermediary.jar:?]
	at net.minecraft.class_2991$class_2992.method_12914(class_2991.java:135) ~[server-intermediary.jar:?]
	at net.minecraft.class_2991$class_6345.method_36346(class_2991.java:210) ~[server-intermediary.jar:?]
	at net.minecraft.class_2991.method_36341(class_2991.java:85) ~[server-intermediary.jar:?]
	at net.minecraft.class_2991.method_12904(class_2991.java:69) ~[server-intermediary.jar:?]
	at net.minecraft.class_3062.method_13381(class_3062.java:46) ~[server-intermediary.jar:?]
	at net.minecraft.class_3062.method_13383(class_3062.java:35) ~[server-intermediary.jar:?]
	at com.mojang.brigadier.CommandDispatcher.execute(CommandDispatcher.java:264) ~[brigadier-1.1.8.jar:?]
	at net.minecraft.class_2170.redirect$zia000$architectury$performCommand(class_2170.java:1045) ~[server-intermediary.jar:?]
	at net.minecraft.class_2170.method_9249(class_2170.java:287) ~[server-intermediary.jar:?]
	at net.minecraft.class_2170.method_44252(class_2170.java:280) ~[server-intermediary.jar:?]
	at dev.ftb.mods.ftbquests.quest.reward.CommandReward.claim(CommandReward.java:104) ~[ftb-quests-fabric-2001.4.5.jar:?]
	at dev.ftb.mods.ftbquests.quest.TeamData.claimReward(TeamData.java:538) ~[ftb-quests-fabric-2001.4.5.jar:?]
	at dev.ftb.mods.ftbquests.quest.TeamData.checkAutoCompletion(TeamData.java:568) ~[ftb-quests-fabric-2001.4.5.jar:?]
	at dev.ftb.mods.ftbquests.quest.Quest.onCompleted(Quest.java:544) ~[ftb-quests-fabric-2001.4.5.jar:?]
	at dev.ftb.mods.ftbquests.quest.ServerQuestFile.lambda$playerLoggedIn$4(ServerQuestFile.java:185) ~[ftb-quests-fabric-2001.4.5.jar:?]
	at java.util.ArrayList.forEach(ArrayList.java:1511) ~[?:?]
	at java.util.Collections$UnmodifiableCollection.forEach(Collections.java:1092) ~[?:?]
	at dev.ftb.mods.ftbquests.quest.BaseQuestFile.lambda$forAllQuests$48(BaseQuestFile.java:1402) ~[ftb-quests-fabric-2001.4.5.jar:?]
	at java.util.ArrayList.forEach(ArrayList.java:1511) ~[?:?]
	at java.util.Collections$UnmodifiableCollection.forEach(Collections.java:1092) ~[?:?]
	at dev.ftb.mods.ftbquests.quest.BaseQuestFile.lambda$forAllChapters$47(BaseQuestFile.java:1397) ~[ftb-quests-fabric-2001.4.5.jar:?]
	at java.util.ArrayList.forEach(ArrayList.java:1511) ~[?:?]
	at dev.ftb.mods.ftbquests.quest.BaseQuestFile.forAllChapterGroups(BaseQuestFile.java:1392) ~[ftb-quests-fabric-2001.4.5.jar:?]
	at dev.ftb.mods.ftbquests.quest.BaseQuestFile.forAllChapters(BaseQuestFile.java:1397) ~[ftb-quests-fabric-2001.4.5.jar:?]
	at dev.ftb.mods.ftbquests.quest.BaseQuestFile.forAllQuests(BaseQuestFile.java:1402) ~[ftb-quests-fabric-2001.4.5.jar:?]
	at dev.ftb.mods.ftbquests.quest.ServerQuestFile.lambda$playerLoggedIn$5(ServerQuestFile.java:179) ~[ftb-quests-fabric-2001.4.5.jar:?]
	at dev.ftb.mods.ftbquests.quest.ServerQuestFile.withPlayerContext(ServerQuestFile.java:159) ~[ftb-quests-fabric-2001.4.5.jar:?]
	at dev.ftb.mods.ftbquests.quest.ServerQuestFile.playerLoggedIn(ServerQuestFile.java:179) ~[ftb-quests-fabric-2001.4.5.jar:?]
	at dev.ftb.mods.ftbquests.FTBQuestsEventHandler.playerLoggedIn(FTBQuestsEventHandler.java:104) ~[ftb-quests-fabric-2001.4.5.jar:?]
	at java.lang.invoke.MethodHandle.invokeWithArguments(MethodHandle.java:732) ~[?:?]
	at dev.architectury.event.EventFactory.invokeMethod(EventFactory.java:53) ~[architectury-9.2.14-fabric.jar:?]
	at dev.architectury.event.EventFactory$4.handleInvocation(EventFactory.java:125) ~[architectury-9.2.14-fabric.jar:?]
	at com.google.common.reflect.AbstractInvocationHandler.invoke(AbstractInvocationHandler.java:87) ~[guava-31.1-jre.jar:?]
	at jdk.proxy2.$Proxy127.accept(Unknown Source) ~[?:?]
	at dev.ftb.mods.ftbteams.data.TeamManagerImpl.playerLoggedIn(TeamManagerImpl.java:319) ~[ftb-teams-fabric-2001.3.0.jar:?]
	at dev.ftb.mods.ftbteams.FTBTeams.playerLoggedIn(FTBTeams.java:77) ~[ftb-teams-fabric-2001.3.0.jar:?]
	at java.lang.invoke.MethodHandle.invokeWithArguments(MethodHandle.java:732) ~[?:?]
	at dev.architectury.event.EventFactory.invokeMethod(EventFactory.java:53) ~[architectury-9.2.14-fabric.jar:?]
	at dev.architectury.event.EventFactory$1.handleInvocation(EventFactory.java:62) ~[architectury-9.2.14-fabric.jar:?]
	at com.google.common.reflect.AbstractInvocationHandler.invoke(AbstractInvocationHandler.java:87) ~[guava-31.1-jre.jar:?]
	at jdk.proxy2.$Proxy198.join(Unknown Source) ~[?:?]
	at net.minecraft.class_3324.handler$zjc000$architectury$placeNewPlayer(class_3324.java:2520) ~[server-intermediary.jar:?]
	at net.minecraft.class_3324.method_14570(class_3324.java:307) ~[server-intermediary.jar:?]
	at net.minecraft.class_3248.method_33800(class_3248.java:131) ~[server-intermediary.jar:?]
	at net.minecraft.class_3248.md1e683e$polymer-networking$lambda$polymerNet$prePlayHandshakeHackfest$0$0(class_3248.java:549) ~[server-intermediary.jar:?]
	at eu.pb4.polymer.networking.impl.EarlyConnectionMagic.lambda$handle$0(EarlyConnectionMagic.java:32) ~[polymer-networking-0.5.15+1.20.1-dc18d44a422d3193.jar:?]
	at eu.pb4.polymer.networking.api.EarlyPlayNetworkHandler.lambda$onKeepAlive$0(EarlyPlayNetworkHandler.java:108) ~[polymer-networking-0.5.15+1.20.1-dc18d44a422d3193.jar:?]
	at net.minecraft.class_3738.run(class_3738.java:18) ~[server-intermediary.jar:?]
	at net.minecraft.class_1255.method_18859(class_1255.java:156) ~[server-intermediary.jar:?]
	at net.minecraft.class_4093.method_18859(class_4093.java:23) ~[server-intermediary.jar:?]
	at net.minecraft.server.MinecraftServer.method_24306(MinecraftServer.java:782) ~[server-intermediary.jar:?]
	at net.minecraft.server.MinecraftServer.method_18859(MinecraftServer.java:164) ~[server-intermediary.jar:?]
	at net.minecraft.class_1255.method_16075(class_1255.java:130) ~[server-intermediary.jar:?]
	at net.minecraft.server.MinecraftServer.method_20415(MinecraftServer.java:764) ~[server-intermediary.jar:?]
	at net.minecraft.server.MinecraftServer.method_16075(MinecraftServer.java:758) ~[server-intermediary.jar:?]
	at net.minecraft.class_1255.method_18857(class_1255.java:139) ~[server-intermediary.jar:?]
	at net.minecraft.server.MinecraftServer.method_16208(MinecraftServer.java:743) ~[server-intermediary.jar:?]
	at net.minecraft.server.MinecraftServer.method_29741(MinecraftServer.java:675) ~[server-intermediary.jar:?]
	at net.minecraft.server.MinecraftServer.method_29739(MinecraftServer.java:265) ~[server-intermediary.jar:?]
	at java.lang.Thread.run(Thread.java:840) ~[?:?]
[18:47:24] [Server thread/ERROR]: Parsing error loading recipe knavesneeds:betternether/cincinnasite_diamond/katana
com.google.gson.JsonSyntaxException: Unknown item 'betterend:cincinnasite_diamond_upgrade_smithing_template'
	at net.minecraft.class_1869.method_17878(class_1869.java:272) ~[server-intermediary.jar:?]
	at java.util.Optional.orElseThrow(Optional.java:403) ~[?:?]
	at net.minecraft.class_1869.method_8155(class_1869.java:272) ~[server-intermediary.jar:?]
	at net.minecraft.class_1856.method_8107(class_1856.java:160) ~[server-intermediary.jar:?]
	at net.minecraft.class_1856.method_8102(class_1856.java:143) ~[server-intermediary.jar:?]
	at net.minecraft.class_1856.method_52177(class_1856.java:135) ~[server-intermediary.jar:?]
	at net.minecraft.class_8060$class_8061.method_48455(class_8060.java:87) ~[server-intermediary.jar:?]
	at net.minecraft.class_8060$class_8061.method_8121(class_8060.java:84) ~[server-intermediary.jar:?]
	at net.minecraft.class_1863.method_17720(class_1863.java:135) ~[server-intermediary.jar:?]
	at net.minecraft.class_1863.method_20705(class_1863.java:56) ~[server-intermediary.jar:?]
	at net.minecraft.class_1863.method_18788(class_1863.java:35) ~[server-intermediary.jar:?]
	at net.minecraft.class_4080.method_18790(class_4080.java:13) ~[server-intermediary.jar:?]
	at java.util.concurrent.CompletableFuture$UniAccept.tryFire(CompletableFuture.java:718) ~[?:?]
	at java.util.concurrent.CompletableFuture$Completion.run(CompletableFuture.java:482) ~[?:?]
	at net.minecraft.class_4014.method_18365(class_4014.java:69) ~[server-intermediary.jar:?]
	at net.minecraft.class_3738.run(class_3738.java:18) ~[server-intermediary.jar:?]
	at net.minecraft.class_1255.method_18859(class_1255.java:156) ~[server-intermediary.jar:?]
	at net.minecraft.class_4093.method_18859(class_4093.java:23) ~[server-intermediary.jar:?]
	at net.minecraft.server.MinecraftServer.method_24306(MinecraftServer.java:782) ~[server-intermediary.jar:?]
	at net.minecraft.server.MinecraftServer.method_18859(MinecraftServer.java:164) ~[server-intermediary.jar:?]
	at net.minecraft.class_1255.method_16075(class_1255.java:130) ~[server-intermediary.jar:?]
	at net.minecraft.server.MinecraftServer.method_20415(MinecraftServer.java:764) ~[server-intermediary.jar:?]
	at net.minecraft.server.MinecraftServer.method_16075(MinecraftServer.java:758) ~[server-intermediary.jar:?]
	at net.minecraft.class_1255.method_18857(class_1255.java:139) ~[server-intermediary.jar:?]
	at net.minecraft.server.MinecraftServer.method_29439(MinecraftServer.java:1345) ~[server-intermediary.jar:?]
	at net.minecraft.class_3097.method_29480(class_3097.java:22) ~[server-intermediary.jar:?]
	at net.minecraft.class_3097.method_13530(class_3097.java:53) ~[server-intermediary.jar:?]
	at com.mojang.brigadier.CommandDispatcher.execute(CommandDispatcher.java:264) ~[brigadier-1.1.8.jar:?]
	at net.minecraft.class_2158$class_2160.method_36318(class_2158.java:96) ~[server-intermediary.jar:?]
	at net.minecraft.class_2158$class_2160.method_9198(class_2158.java:90) ~[server-intermediary.jar:?]
	at net.minecraft.class_2991$class_2992.method_12914(class_2991.java:135) ~[server-intermediary.jar:?]
	at net.minecraft.class_2991$class_6345.method_36346(class_2991.java:210) ~[server-intermediary.jar:?]
	at net.minecraft.class_2991.method_36341(class_2991.java:85) ~[server-intermediary.jar:?]
	at net.minecraft.class_2991.method_12904(class_2991.java:69) ~[server-intermediary.jar:?]
	at net.minecraft.class_3062.method_13381(class_3062.java:46) ~[server-intermediary.jar:?]
	at net.minecraft.class_3062.method_13383(class_3062.java:35) ~[server-intermediary.jar:?]
	at com.mojang.brigadier.CommandDispatcher.execute(CommandDispatcher.java:264) ~[brigadier-1.1.8.jar:?]
	at net.minecraft.class_2170.redirect$zia000$architectury$performCommand(class_2170.java:1045) ~[server-intermediary.jar:?]
	at net.minecraft.class_2170.method_9249(class_2170.java:287) ~[server-intermediary.jar:?]
	at net.minecraft.class_2170.method_44252(class_2170.java:280) ~[server-intermediary.jar:?]
	at dev.ftb.mods.ftbquests.quest.reward.CommandReward.claim(CommandReward.java:104) ~[ftb-quests-fabric-2001.4.5.jar:?]
	at dev.ftb.mods.ftbquests.quest.TeamData.claimReward(TeamData.java:538) ~[ftb-quests-fabric-2001.4.5.jar:?]
	at dev.ftb.mods.ftbquests.quest.TeamData.checkAutoCompletion(TeamData.java:568) ~[ftb-quests-fabric-2001.4.5.jar:?]
	at dev.ftb.mods.ftbquests.quest.Quest.onCompleted(Quest.java:544) ~[ftb-quests-fabric-2001.4.5.jar:?]
	at dev.ftb.mods.ftbquests.quest.ServerQuestFile.lambda$playerLoggedIn$4(ServerQuestFile.java:185) ~[ftb-quests-fabric-2001.4.5.jar:?]
	at java.util.ArrayList.forEach(ArrayList.java:1511) ~[?:?]
	at java.util.Collections$UnmodifiableCollection.forEach(Collections.java:1092) ~[?:?]
	at dev.ftb.mods.ftbquests.quest.BaseQuestFile.lambda$forAllQuests$48(BaseQuestFile.java:1402) ~[ftb-quests-fabric-2001.4.5.jar:?]
	at java.util.ArrayList.forEach(ArrayList.java:1511) ~[?:?]
	at java.util.Collections$UnmodifiableCollection.forEach(Collections.java:1092) ~[?:?]
	at dev.ftb.mods.ftbquests.quest.BaseQuestFile.lambda$forAllChapters$47(BaseQuestFile.java:1397) ~[ftb-quests-fabric-2001.4.5.jar:?]
	at java.util.ArrayList.forEach(ArrayList.java:1511) ~[?:?]
	at dev.ftb.mods.ftbquests.quest.BaseQuestFile.forAllChapterGroups(BaseQuestFile.java:1392) ~[ftb-quests-fabric-2001.4.5.jar:?]
	at dev.ftb.mods.ftbquests.quest.BaseQuestFile.forAllChapters(BaseQuestFile.java:1397) ~[ftb-quests-fabric-2001.4.5.jar:?]
	at dev.ftb.mods.ftbquests.quest.BaseQuestFile.forAllQuests(BaseQuestFile.java:1402) ~[ftb-quests-fabric-2001.4.5.jar:?]
	at dev.ftb.mods.ftbquests.quest.ServerQuestFile.lambda$playerLoggedIn$5(ServerQuestFile.java:179) ~[ftb-quests-fabric-2001.4.5.jar:?]
	at dev.ftb.mods.ftbquests.quest.ServerQuestFile.withPlayerContext(ServerQuestFile.java:159) ~[ftb-quests-fabric-2001.4.5.jar:?]
	at dev.ftb.mods.ftbquests.quest.ServerQuestFile.playerLoggedIn(ServerQuestFile.java:179) ~[ftb-quests-fabric-2001.4.5.jar:?]
	at dev.ftb.mods.ftbquests.FTBQuestsEventHandler.playerLoggedIn(FTBQuestsEventHandler.java:104) ~[ftb-quests-fabric-2001.4.5.jar:?]
	at java.lang.invoke.MethodHandle.invokeWithArguments(MethodHandle.java:732) ~[?:?]
	at dev.architectury.event.EventFactory.invokeMethod(EventFactory.java:53) ~[architectury-9.2.14-fabric.jar:?]
	at dev.architectury.event.EventFactory$4.handleInvocation(EventFactory.java:125) ~[architectury-9.2.14-fabric.jar:?]
	at com.google.common.reflect.AbstractInvocationHandler.invoke(AbstractInvocationHandler.java:87) ~[guava-31.1-jre.jar:?]
	at jdk.proxy2.$Proxy127.accept(Unknown Source) ~[?:?]
	at dev.ftb.mods.ftbteams.data.TeamManagerImpl.playerLoggedIn(TeamManagerImpl.java:319) ~[ftb-teams-fabric-2001.3.0.jar:?]
	at dev.ftb.mods.ftbteams.FTBTeams.playerLoggedIn(FTBTeams.java:77) ~[ftb-teams-fabric-2001.3.0.jar:?]
	at java.lang.invoke.MethodHandle.invokeWithArguments(MethodHandle.java:732) ~[?:?]
	at dev.architectury.event.EventFactory.invokeMethod(EventFactory.java:53) ~[architectury-9.2.14-fabric.jar:?]
	at dev.architectury.event.EventFactory$1.handleInvocation(EventFactory.java:62) ~[architectury-9.2.14-fabric.jar:?]
	at com.google.common.reflect.AbstractInvocationHandler.invoke(AbstractInvocationHandler.java:87) ~[guava-31.1-jre.jar:?]
	at jdk.proxy2.$Proxy198.join(Unknown Source) ~[?:?]
	at net.minecraft.class_3324.handler$zjc000$architectury$placeNewPlayer(class_3324.java:2520) ~[server-intermediary.jar:?]
	at net.minecraft.class_3324.method_14570(class_3324.java:307) ~[server-intermediary.jar:?]
	at net.minecraft.class_3248.method_33800(class_3248.java:131) ~[server-intermediary.jar:?]
	at net.minecraft.class_3248.md1e683e$polymer-networking$lambda$polymerNet$prePlayHandshakeHackfest$0$0(class_3248.java:549) ~[server-intermediary.jar:?]
	at eu.pb4.polymer.networking.impl.EarlyConnectionMagic.lambda$handle$0(EarlyConnectionMagic.java:32) ~[polymer-networking-0.5.15+1.20.1-dc18d44a422d3193.jar:?]
	at eu.pb4.polymer.networking.api.EarlyPlayNetworkHandler.lambda$onKeepAlive$0(EarlyPlayNetworkHandler.java:108) ~[polymer-networking-0.5.15+1.20.1-dc18d44a422d3193.jar:?]
	at net.minecraft.class_3738.run(class_3738.java:18) ~[server-intermediary.jar:?]
	at net.minecraft.class_1255.method_18859(class_1255.java:156) ~[server-intermediary.jar:?]
	at net.minecraft.class_4093.method_18859(class_4093.java:23) ~[server-intermediary.jar:?]
	at net.minecraft.server.MinecraftServer.method_24306(MinecraftServer.java:782) ~[server-intermediary.jar:?]
	at net.minecraft.server.MinecraftServer.method_18859(MinecraftServer.java:164) ~[server-intermediary.jar:?]
	at net.minecraft.class_1255.method_16075(class_1255.java:130) ~[server-intermediary.jar:?]
	at net.minecraft.server.MinecraftServer.method_20415(MinecraftServer.java:764) ~[server-intermediary.jar:?]
	at net.minecraft.server.MinecraftServer.method_16075(MinecraftServer.java:758) ~[server-intermediary.jar:?]
	at net.minecraft.class_1255.method_18857(class_1255.java:139) ~[server-intermediary.jar:?]
	at net.minecraft.server.MinecraftServer.method_16208(MinecraftServer.java:743) ~[server-intermediary.jar:?]
	at net.minecraft.server.MinecraftServer.method_29741(MinecraftServer.java:675) ~[server-intermediary.jar:?]
	at net.minecraft.server.MinecraftServer.method_29739(MinecraftServer.java:265) ~[server-intermediary.jar:?]
	at java.lang.Thread.run(Thread.java:840) ~[?:?]
[18:47:24] [Server thread/ERROR]: Parsing error loading recipe tiered:limestone_to_create_limestone
com.google.gson.JsonSyntaxException: Unknown item 'create:limestone'
	at net.minecraft.class_1869.method_17878(class_1869.java:272) ~[server-intermediary.jar:?]
	at java.util.Optional.orElseThrow(Optional.java:403) ~[?:?]
	at net.minecraft.class_1869.method_8155(class_1869.java:272) ~[server-intermediary.jar:?]
	at net.minecraft.class_1869.method_35228(class_1869.java:259) ~[server-intermediary.jar:?]
	at net.minecraft.class_1869$class_1870.method_8164(class_1869.java:293) ~[server-intermediary.jar:?]
	at net.minecraft.class_1869$class_1870.method_8121(class_1869.java:279) ~[server-intermediary.jar:?]
	at net.minecraft.class_1863.method_17720(class_1863.java:135) ~[server-intermediary.jar:?]
	at net.minecraft.class_1863.method_20705(class_1863.java:56) ~[server-intermediary.jar:?]
	at net.minecraft.class_1863.method_18788(class_1863.java:35) ~[server-intermediary.jar:?]
	at net.minecraft.class_4080.method_18790(class_4080.java:13) ~[server-intermediary.jar:?]
	at java.util.concurrent.CompletableFuture$UniAccept.tryFire(CompletableFuture.java:718) ~[?:?]
	at java.util.concurrent.CompletableFuture$Completion.run(CompletableFuture.java:482) ~[?:?]
	at net.minecraft.class_4014.method_18365(class_4014.java:69) ~[server-intermediary.jar:?]
	at net.minecraft.class_3738.run(class_3738.java:18) ~[server-intermediary.jar:?]
	at net.minecraft.class_1255.method_18859(class_1255.java:156) ~[server-intermediary.jar:?]
	at net.minecraft.class_4093.method_18859(class_4093.java:23) ~[server-intermediary.jar:?]
	at net.minecraft.server.MinecraftServer.method_24306(MinecraftServer.java:782) ~[server-intermediary.jar:?]
	at net.minecraft.server.MinecraftServer.method_18859(MinecraftServer.java:164) ~[server-intermediary.jar:?]
	at net.minecraft.class_1255.method_16075(class_1255.java:130) ~[server-intermediary.jar:?]
	at net.minecraft.server.MinecraftServer.method_20415(MinecraftServer.java:764) ~[server-intermediary.jar:?]
	at net.minecraft.server.MinecraftServer.method_16075(MinecraftServer.java:758) ~[server-intermediary.jar:?]
	at net.minecraft.class_1255.method_18857(class_1255.java:139) ~[server-intermediary.jar:?]
	at net.minecraft.server.MinecraftServer.method_29439(MinecraftServer.java:1345) ~[server-intermediary.jar:?]
	at net.minecraft.class_3097.method_29480(class_3097.java:22) ~[server-intermediary.jar:?]
	at net.minecraft.class_3097.method_13530(class_3097.java:53) ~[server-intermediary.jar:?]
	at com.mojang.brigadier.CommandDispatcher.execute(CommandDispatcher.java:264) ~[brigadier-1.1.8.jar:?]
	at net.minecraft.class_2158$class_2160.method_36318(class_2158.java:96) ~[server-intermediary.jar:?]
	at net.minecraft.class_2158$class_2160.method_9198(class_2158.java:90) ~[server-intermediary.jar:?]
	at net.minecraft.class_2991$class_2992.method_12914(class_2991.java:135) ~[server-intermediary.jar:?]
	at net.minecraft.class_2991$class_6345.method_36346(class_2991.java:210) ~[server-intermediary.jar:?]
	at net.minecraft.class_2991.method_36341(class_2991.java:85) ~[server-intermediary.jar:?]
	at net.minecraft.class_2991.method_12904(class_2991.java:69) ~[server-intermediary.jar:?]
	at net.minecraft.class_3062.method_13381(class_3062.java:46) ~[server-intermediary.jar:?]
	at net.minecraft.class_3062.method_13383(class_3062.java:35) ~[server-intermediary.jar:?]
	at com.mojang.brigadier.CommandDispatcher.execute(CommandDispatcher.java:264) ~[brigadier-1.1.8.jar:?]
	at net.minecraft.class_2170.redirect$zia000$architectury$performCommand(class_2170.java:1045) ~[server-intermediary.jar:?]
	at net.minecraft.class_2170.method_9249(class_2170.java:287) ~[server-intermediary.jar:?]
	at net.minecraft.class_2170.method_44252(class_2170.java:280) ~[server-intermediary.jar:?]
	at dev.ftb.mods.ftbquests.quest.reward.CommandReward.claim(CommandReward.java:104) ~[ftb-quests-fabric-2001.4.5.jar:?]
	at dev.ftb.mods.ftbquests.quest.TeamData.claimReward(TeamData.java:538) ~[ftb-quests-fabric-2001.4.5.jar:?]
	at dev.ftb.mods.ftbquests.quest.TeamData.checkAutoCompletion(TeamData.java:568) ~[ftb-quests-fabric-2001.4.5.jar:?]
	at dev.ftb.mods.ftbquests.quest.Quest.onCompleted(Quest.java:544) ~[ftb-quests-fabric-2001.4.5.jar:?]
	at dev.ftb.mods.ftbquests.quest.ServerQuestFile.lambda$playerLoggedIn$4(ServerQuestFile.java:185) ~[ftb-quests-fabric-2001.4.5.jar:?]
	at java.util.ArrayList.forEach(ArrayList.java:1511) ~[?:?]
	at java.util.Collections$UnmodifiableCollection.forEach(Collections.java:1092) ~[?:?]
	at dev.ftb.mods.ftbquests.quest.BaseQuestFile.lambda$forAllQuests$48(BaseQuestFile.java:1402) ~[ftb-quests-fabric-2001.4.5.jar:?]
	at java.util.ArrayList.forEach(ArrayList.java:1511) ~[?:?]
	at java.util.Collections$UnmodifiableCollection.forEach(Collections.java:1092) ~[?:?]
	at dev.ftb.mods.ftbquests.quest.BaseQuestFile.lambda$forAllChapters$47(BaseQuestFile.java:1397) ~[ftb-quests-fabric-2001.4.5.jar:?]
	at java.util.ArrayList.forEach(ArrayList.java:1511) ~[?:?]
	at dev.ftb.mods.ftbquests.quest.BaseQuestFile.forAllChapterGroups(BaseQuestFile.java:1392) ~[ftb-quests-fabric-2001.4.5.jar:?]
	at dev.ftb.mods.ftbquests.quest.BaseQuestFile.forAllChapters(BaseQuestFile.java:1397) ~[ftb-quests-fabric-2001.4.5.jar:?]
	at dev.ftb.mods.ftbquests.quest.BaseQuestFile.forAllQuests(BaseQuestFile.java:1402) ~[ftb-quests-fabric-2001.4.5.jar:?]
	at dev.ftb.mods.ftbquests.quest.ServerQuestFile.lambda$playerLoggedIn$5(ServerQuestFile.java:179) ~[ftb-quests-fabric-2001.4.5.jar:?]
	at dev.ftb.mods.ftbquests.quest.ServerQuestFile.withPlayerContext(ServerQuestFile.java:159) ~[ftb-quests-fabric-2001.4.5.jar:?]
	at dev.ftb.mods.ftbquests.quest.ServerQuestFile.playerLoggedIn(ServerQuestFile.java:179) ~[ftb-quests-fabric-2001.4.5.jar:?]
	at dev.ftb.mods.ftbquests.FTBQuestsEventHandler.playerLoggedIn(FTBQuestsEventHandler.java:104) ~[ftb-quests-fabric-2001.4.5.jar:?]
	at java.lang.invoke.MethodHandle.invokeWithArguments(MethodHandle.java:732) ~[?:?]
	at dev.architectury.event.EventFactory.invokeMethod(EventFactory.java:53) ~[architectury-9.2.14-fabric.jar:?]
	at dev.architectury.event.EventFactory$4.handleInvocation(EventFactory.java:125) ~[architectury-9.2.14-fabric.jar:?]
	at com.google.common.reflect.AbstractInvocationHandler.invoke(AbstractInvocationHandler.java:87) ~[guava-31.1-jre.jar:?]
	at jdk.proxy2.$Proxy127.accept(Unknown Source) ~[?:?]
	at dev.ftb.mods.ftbteams.data.TeamManagerImpl.playerLoggedIn(TeamManagerImpl.java:319) ~[ftb-teams-fabric-2001.3.0.jar:?]
	at dev.ftb.mods.ftbteams.FTBTeams.playerLoggedIn(FTBTeams.java:77) ~[ftb-teams-fabric-2001.3.0.jar:?]
	at java.lang.invoke.MethodHandle.invokeWithArguments(MethodHandle.java:732) ~[?:?]
	at dev.architectury.event.EventFactory.invokeMethod(EventFactory.java:53) ~[architectury-9.2.14-fabric.jar:?]
	at dev.architectury.event.EventFactory$1.handleInvocation(EventFactory.java:62) ~[architectury-9.2.14-fabric.jar:?]
	at com.google.common.reflect.AbstractInvocationHandler.invoke(AbstractInvocationHandler.java:87) ~[guava-31.1-jre.jar:?]
	at jdk.proxy2.$Proxy198.join(Unknown Source) ~[?:?]
	at net.minecraft.class_3324.handler$zjc000$architectury$placeNewPlayer(class_3324.java:2520) ~[server-intermediary.jar:?]
	at net.minecraft.class_3324.method_14570(class_3324.java:307) ~[server-intermediary.jar:?]
	at net.minecraft.class_3248.method_33800(class_3248.java:131) ~[server-intermediary.jar:?]
	at net.minecraft.class_3248.md1e683e$polymer-networking$lambda$polymerNet$prePlayHandshakeHackfest$0$0(class_3248.java:549) ~[server-intermediary.jar:?]
	at eu.pb4.polymer.networking.impl.EarlyConnectionMagic.lambda$handle$0(EarlyConnectionMagic.java:32) ~[polymer-networking-0.5.15+1.20.1-dc18d44a422d3193.jar:?]
	at eu.pb4.polymer.networking.api.EarlyPlayNetworkHandler.lambda$onKeepAlive$0(EarlyPlayNetworkHandler.java:108) ~[polymer-networking-0.5.15+1.20.1-dc18d44a422d3193.jar:?]
	at net.minecraft.class_3738.run(class_3738.java:18) ~[server-intermediary.jar:?]
	at net.minecraft.class_1255.method_18859(class_1255.java:156) ~[server-intermediary.jar:?]
	at net.minecraft.class_4093.method_18859(class_4093.java:23) ~[server-intermediary.jar:?]
	at net.minecraft.server.MinecraftServer.method_24306(MinecraftServer.java:782) ~[server-intermediary.jar:?]
	at net.minecraft.server.MinecraftServer.method_18859(MinecraftServer.java:164) ~[server-intermediary.jar:?]
	at net.minecraft.class_1255.method_16075(class_1255.java:130) ~[server-intermediary.jar:?]
	at net.minecraft.server.MinecraftServer.method_20415(MinecraftServer.java:764) ~[server-intermediary.jar:?]
	at net.minecraft.server.MinecraftServer.method_16075(MinecraftServer.java:758) ~[server-intermediary.jar:?]
	at net.minecraft.class_1255.method_18857(class_1255.java:139) ~[server-intermediary.jar:?]
	at net.minecraft.server.MinecraftServer.method_16208(MinecraftServer.java:743) ~[server-intermediary.jar:?]
	at net.minecraft.server.MinecraftServer.method_29741(MinecraftServer.java:675) ~[server-intermediary.jar:?]
	at net.minecraft.server.MinecraftServer.method_29739(MinecraftServer.java:265) ~[server-intermediary.jar:?]
	at java.lang.Thread.run(Thread.java:840) ~[?:?]
[18:47:24] [Server thread/ERROR]: Parsing error loading recipe amethyst_core:attuned_imbuing
com.google.gson.JsonSyntaxException: Invalid or unsupported recipe type 'amethyst_imbuement:imbuing'
	at net.minecraft.class_1863.method_17875(class_1863.java:134) ~[server-intermediary.jar:?]
	at java.util.Optional.orElseThrow(Optional.java:403) ~[?:?]
	at net.minecraft.class_1863.method_17720(class_1863.java:134) ~[server-intermediary.jar:?]
	at net.minecraft.class_1863.method_20705(class_1863.java:56) ~[server-intermediary.jar:?]
	at net.minecraft.class_1863.method_18788(class_1863.java:35) ~[server-intermediary.jar:?]
	at net.minecraft.class_4080.method_18790(class_4080.java:13) ~[server-intermediary.jar:?]
	at java.util.concurrent.CompletableFuture$UniAccept.tryFire(CompletableFuture.java:718) ~[?:?]
	at java.util.concurrent.CompletableFuture$Completion.run(CompletableFuture.java:482) ~[?:?]
	at net.minecraft.class_4014.method_18365(class_4014.java:69) ~[server-intermediary.jar:?]
	at net.minecraft.class_3738.run(class_3738.java:18) ~[server-intermediary.jar:?]
	at net.minecraft.class_1255.method_18859(class_1255.java:156) ~[server-intermediary.jar:?]
	at net.minecraft.class_4093.method_18859(class_4093.java:23) ~[server-intermediary.jar:?]
	at net.minecraft.server.MinecraftServer.method_24306(MinecraftServer.java:782) ~[server-intermediary.jar:?]
	at net.minecraft.server.MinecraftServer.method_18859(MinecraftServer.java:164) ~[server-intermediary.jar:?]
	at net.minecraft.class_1255.method_16075(class_1255.java:130) ~[server-intermediary.jar:?]
	at net.minecraft.server.MinecraftServer.method_20415(MinecraftServer.java:764) ~[server-intermediary.jar:?]
	at net.minecraft.server.MinecraftServer.method_16075(MinecraftServer.java:758) ~[server-intermediary.jar:?]
	at net.minecraft.class_1255.method_18857(class_1255.java:139) ~[server-intermediary.jar:?]
	at net.minecraft.server.MinecraftServer.method_29439(MinecraftServer.java:1345) ~[server-intermediary.jar:?]
	at net.minecraft.class_3097.method_29480(class_3097.java:22) ~[server-intermediary.jar:?]
	at net.minecraft.class_3097.method_13530(class_3097.java:53) ~[server-intermediary.jar:?]
	at com.mojang.brigadier.CommandDispatcher.execute(CommandDispatcher.java:264) ~[brigadier-1.1.8.jar:?]
	at net.minecraft.class_2158$class_2160.method_36318(class_2158.java:96) ~[server-intermediary.jar:?]
	at net.minecraft.class_2158$class_2160.method_9198(class_2158.java:90) ~[server-intermediary.jar:?]
	at net.minecraft.class_2991$class_2992.method_12914(class_2991.java:135) ~[server-intermediary.jar:?]
	at net.minecraft.class_2991$class_6345.method_36346(class_2991.java:210) ~[server-intermediary.jar:?]
	at net.minecraft.class_2991.method_36341(class_2991.java:85) ~[server-intermediary.jar:?]
	at net.minecraft.class_2991.method_12904(class_2991.java:69) ~[server-intermediary.jar:?]
	at net.minecraft.class_3062.method_13381(class_3062.java:46) ~[server-intermediary.jar:?]
	at net.minecraft.class_3062.method_13383(class_3062.java:35) ~[server-intermediary.jar:?]
	at com.mojang.brigadier.CommandDispatcher.execute(CommandDispatcher.java:264) ~[brigadier-1.1.8.jar:?]
	at net.minecraft.class_2170.redirect$zia000$architectury$performCommand(class_2170.java:1045) ~[server-intermediary.jar:?]
	at net.minecraft.class_2170.method_9249(class_2170.java:287) ~[server-intermediary.jar:?]
	at net.minecraft.class_2170.method_44252(class_2170.java:280) ~[server-intermediary.jar:?]
	at dev.ftb.mods.ftbquests.quest.reward.CommandReward.claim(CommandReward.java:104) ~[ftb-quests-fabric-2001.4.5.jar:?]
	at dev.ftb.mods.ftbquests.quest.TeamData.claimReward(TeamData.java:538) ~[ftb-quests-fabric-2001.4.5.jar:?]
	at dev.ftb.mods.ftbquests.quest.TeamData.checkAutoCompletion(TeamData.java:568) ~[ftb-quests-fabric-2001.4.5.jar:?]
	at dev.ftb.mods.ftbquests.quest.Quest.onCompleted(Quest.java:544) ~[ftb-quests-fabric-2001.4.5.jar:?]
	at dev.ftb.mods.ftbquests.quest.ServerQuestFile.lambda$playerLoggedIn$4(ServerQuestFile.java:185) ~[ftb-quests-fabric-2001.4.5.jar:?]
	at java.util.ArrayList.forEach(ArrayList.java:1511) ~[?:?]
	at java.util.Collections$UnmodifiableCollection.forEach(Collections.java:1092) ~[?:?]
	at dev.ftb.mods.ftbquests.quest.BaseQuestFile.lambda$forAllQuests$48(BaseQuestFile.java:1402) ~[ftb-quests-fabric-2001.4.5.jar:?]
	at java.util.ArrayList.forEach(ArrayList.java:1511) ~[?:?]
	at java.util.Collections$UnmodifiableCollection.forEach(Collections.java:1092) ~[?:?]
	at dev.ftb.mods.ftbquests.quest.BaseQuestFile.lambda$forAllChapters$47(BaseQuestFile.java:1397) ~[ftb-quests-fabric-2001.4.5.jar:?]
	at java.util.ArrayList.forEach(ArrayList.java:1511) ~[?:?]
	at dev.ftb.mods.ftbquests.quest.BaseQuestFile.forAllChapterGroups(BaseQuestFile.java:1392) ~[ftb-quests-fabric-2001.4.5.jar:?]
	at dev.ftb.mods.ftbquests.quest.BaseQuestFile.forAllChapters(BaseQuestFile.java:1397) ~[ftb-quests-fabric-2001.4.5.jar:?]
	at dev.ftb.mods.ftbquests.quest.BaseQuestFile.forAllQuests(BaseQuestFile.java:1402) ~[ftb-quests-fabric-2001.4.5.jar:?]
	at dev.ftb.mods.ftbquests.quest.ServerQuestFile.lambda$playerLoggedIn$5(ServerQuestFile.java:179) ~[ftb-quests-fabric-2001.4.5.jar:?]
	at dev.ftb.mods.ftbquests.quest.ServerQuestFile.withPlayerContext(ServerQuestFile.java:159) ~[ftb-quests-fabric-2001.4.5.jar:?]
	at dev.ftb.mods.ftbquests.quest.ServerQuestFile.playerLoggedIn(ServerQuestFile.java:179) ~[ftb-quests-fabric-2001.4.5.jar:?]
	at dev.ftb.mods.ftbquests.FTBQuestsEventHandler.playerLoggedIn(FTBQuestsEventHandler.java:104) ~[ftb-quests-fabric-2001.4.5.jar:?]
	at java.lang.invoke.MethodHandle.invokeWithArguments(MethodHandle.java:732) ~[?:?]
	at dev.architectury.event.EventFactory.invokeMethod(EventFactory.java:53) ~[architectury-9.2.14-fabric.jar:?]
	at dev.architectury.event.EventFactory$4.handleInvocation(EventFactory.java:125) ~[architectury-9.2.14-fabric.jar:?]
	at com.google.common.reflect.AbstractInvocationHandler.invoke(AbstractInvocationHandler.java:87) ~[guava-31.1-jre.jar:?]
	at jdk.proxy2.$Proxy127.accept(Unknown Source) ~[?:?]
	at dev.ftb.mods.ftbteams.data.TeamManagerImpl.playerLoggedIn(TeamManagerImpl.java:319) ~[ftb-teams-fabric-2001.3.0.jar:?]
	at dev.ftb.mods.ftbteams.FTBTeams.playerLoggedIn(FTBTeams.java:77) ~[ftb-teams-fabric-2001.3.0.jar:?]
	at java.lang.invoke.MethodHandle.invokeWithArguments(MethodHandle.java:732) ~[?:?]
	at dev.architectury.event.EventFactory.invokeMethod(EventFactory.java:53) ~[architectury-9.2.14-fabric.jar:?]
	at dev.architectury.event.EventFactory$1.handleInvocation(EventFactory.java:62) ~[architectury-9.2.14-fabric.jar:?]
	at com.google.common.reflect.AbstractInvocationHandler.invoke(AbstractInvocationHandler.java:87) ~[guava-31.1-jre.jar:?]
	at jdk.proxy2.$Proxy198.join(Unknown Source) ~[?:?]
	at net.minecraft.class_3324.handler$zjc000$architectury$placeNewPlayer(class_3324.java:2520) ~[server-intermediary.jar:?]
	at net.minecraft.class_3324.method_14570(class_3324.java:307) ~[server-intermediary.jar:?]
	at net.minecraft.class_3248.method_33800(class_3248.java:131) ~[server-intermediary.jar:?]
	at net.minecraft.class_3248.md1e683e$polymer-networking$lambda$polymerNet$prePlayHandshakeHackfest$0$0(class_3248.java:549) ~[server-intermediary.jar:?]
	at eu.pb4.polymer.networking.impl.EarlyConnectionMagic.lambda$handle$0(EarlyConnectionMagic.java:32) ~[polymer-networking-0.5.15+1.20.1-dc18d44a422d3193.jar:?]
	at eu.pb4.polymer.networking.api.EarlyPlayNetworkHandler.lambda$onKeepAlive$0(EarlyPlayNetworkHandler.java:108) ~[polymer-networking-0.5.15+1.20.1-dc18d44a422d3193.jar:?]
	at net.minecraft.class_3738.run(class_3738.java:18) ~[server-intermediary.jar:?]
	at net.minecraft.class_1255.method_18859(class_1255.java:156) ~[server-intermediary.jar:?]
	at net.minecraft.class_4093.method_18859(class_4093.java:23) ~[server-intermediary.jar:?]
	at net.minecraft.server.MinecraftServer.method_24306(MinecraftServer.java:782) ~[server-intermediary.jar:?]
	at net.minecraft.server.MinecraftServer.method_18859(MinecraftServer.java:164) ~[server-intermediary.jar:?]
	at net.minecraft.class_1255.method_16075(class_1255.java:130) ~[server-intermediary.jar:?]
	at net.minecraft.server.MinecraftServer.method_20415(MinecraftServer.java:764) ~[server-intermediary.jar:?]
	at net.minecraft.server.MinecraftServer.method_16075(MinecraftServer.java:758) ~[server-intermediary.jar:?]
	at net.minecraft.class_1255.method_18857(class_1255.java:139) ~[server-intermediary.jar:?]
	at net.minecraft.server.MinecraftServer.method_16208(MinecraftServer.java:743) ~[server-intermediary.jar:?]
	at net.minecraft.server.MinecraftServer.method_29741(MinecraftServer.java:675) ~[server-intermediary.jar:?]
	at net.minecraft.server.MinecraftServer.method_29739(MinecraftServer.java:265) ~[server-intermediary.jar:?]
	at java.lang.Thread.run(Thread.java:840) ~[?:?]
[18:47:24] [Server thread/ERROR]: Parsing error loading recipe knavesneeds:betternether/cincinnasite_diamond/greataxe
com.google.gson.JsonSyntaxException: Unknown item 'betterend:cincinnasite_diamond_upgrade_smithing_template'
	at net.minecraft.class_1869.method_17878(class_1869.java:272) ~[server-intermediary.jar:?]
	at java.util.Optional.orElseThrow(Optional.java:403) ~[?:?]
	at net.minecraft.class_1869.method_8155(class_1869.java:272) ~[server-intermediary.jar:?]
	at net.minecraft.class_1856.method_8107(class_1856.java:160) ~[server-intermediary.jar:?]
	at net.minecraft.class_1856.method_8102(class_1856.java:143) ~[server-intermediary.jar:?]
	at net.minecraft.class_1856.method_52177(class_1856.java:135) ~[server-intermediary.jar:?]
	at net.minecraft.class_8060$class_8061.method_48455(class_8060.java:87) ~[server-intermediary.jar:?]
	at net.minecraft.class_8060$class_8061.method_8121(class_8060.java:84) ~[server-intermediary.jar:?]
	at net.minecraft.class_1863.method_17720(class_1863.java:135) ~[server-intermediary.jar:?]
	at net.minecraft.class_1863.method_20705(class_1863.java:56) ~[server-intermediary.jar:?]
	at net.minecraft.class_1863.method_18788(class_1863.java:35) ~[server-intermediary.jar:?]
	at net.minecraft.class_4080.method_18790(class_4080.java:13) ~[server-intermediary.jar:?]
	at java.util.concurrent.CompletableFuture$UniAccept.tryFire(CompletableFuture.java:718) ~[?:?]
	at java.util.concurrent.CompletableFuture$Completion.run(CompletableFuture.java:482) ~[?:?]
	at net.minecraft.class_4014.method_18365(class_4014.java:69) ~[server-intermediary.jar:?]
	at net.minecraft.class_3738.run(class_3738.java:18) ~[server-intermediary.jar:?]
	at net.minecraft.class_1255.method_18859(class_1255.java:156) ~[server-intermediary.jar:?]
	at net.minecraft.class_4093.method_18859(class_4093.java:23) ~[server-intermediary.jar:?]
	at net.minecraft.server.MinecraftServer.method_24306(MinecraftServer.java:782) ~[server-intermediary.jar:?]
	at net.minecraft.server.MinecraftServer.method_18859(MinecraftServer.java:164) ~[server-intermediary.jar:?]
	at net.minecraft.class_1255.method_16075(class_1255.java:130) ~[server-intermediary.jar:?]
	at net.minecraft.server.MinecraftServer.method_20415(MinecraftServer.java:764) ~[server-intermediary.jar:?]
	at net.minecraft.server.MinecraftServer.method_16075(MinecraftServer.java:758) ~[server-intermediary.jar:?]
	at net.minecraft.class_1255.method_18857(class_1255.java:139) ~[server-intermediary.jar:?]
	at net.minecraft.server.MinecraftServer.method_29439(MinecraftServer.java:1345) ~[server-intermediary.jar:?]
	at net.minecraft.class_3097.method_29480(class_3097.java:22) ~[server-intermediary.jar:?]
	at net.minecraft.class_3097.method_13530(class_3097.java:53) ~[server-intermediary.jar:?]
	at com.mojang.brigadier.CommandDispatcher.execute(CommandDispatcher.java:264) ~[brigadier-1.1.8.jar:?]
	at net.minecraft.class_2158$class_2160.method_36318(class_2158.java:96) ~[server-intermediary.jar:?]
	at net.minecraft.class_2158$class_2160.method_9198(class_2158.java:90) ~[server-intermediary.jar:?]
	at net.minecraft.class_2991$class_2992.method_12914(class_2991.java:135) ~[server-intermediary.jar:?]
	at net.minecraft.class_2991$class_6345.method_36346(class_2991.java:210) ~[server-intermediary.jar:?]
	at net.minecraft.class_2991.method_36341(class_2991.java:85) ~[server-intermediary.jar:?]
	at net.minecraft.class_2991.method_12904(class_2991.java:69) ~[server-intermediary.jar:?]
	at net.minecraft.class_3062.method_13381(class_3062.java:46) ~[server-intermediary.jar:?]
	at net.minecraft.class_3062.method_13383(class_3062.java:35) ~[server-intermediary.jar:?]
	at com.mojang.brigadier.CommandDispatcher.execute(CommandDispatcher.java:264) ~[brigadier-1.1.8.jar:?]
	at net.minecraft.class_2170.redirect$zia000$architectury$performCommand(class_2170.java:1045) ~[server-intermediary.jar:?]
	at net.minecraft.class_2170.method_9249(class_2170.java:287) ~[server-intermediary.jar:?]
	at net.minecraft.class_2170.method_44252(class_2170.java:280) ~[server-intermediary.jar:?]
	at dev.ftb.mods.ftbquests.quest.reward.CommandReward.claim(CommandReward.java:104) ~[ftb-quests-fabric-2001.4.5.jar:?]
	at dev.ftb.mods.ftbquests.quest.TeamData.claimReward(TeamData.java:538) ~[ftb-quests-fabric-2001.4.5.jar:?]
	at dev.ftb.mods.ftbquests.quest.TeamData.checkAutoCompletion(TeamData.java:568) ~[ftb-quests-fabric-2001.4.5.jar:?]
	at dev.ftb.mods.ftbquests.quest.Quest.onCompleted(Quest.java:544) ~[ftb-quests-fabric-2001.4.5.jar:?]
	at dev.ftb.mods.ftbquests.quest.ServerQuestFile.lambda$playerLoggedIn$4(ServerQuestFile.java:185) ~[ftb-quests-fabric-2001.4.5.jar:?]
	at java.util.ArrayList.forEach(ArrayList.java:1511) ~[?:?]
	at java.util.Collections$UnmodifiableCollection.forEach(Collections.java:1092) ~[?:?]
	at dev.ftb.mods.ftbquests.quest.BaseQuestFile.lambda$forAllQuests$48(BaseQuestFile.java:1402) ~[ftb-quests-fabric-2001.4.5.jar:?]
	at java.util.ArrayList.forEach(ArrayList.java:1511) ~[?:?]
	at java.util.Collections$UnmodifiableCollection.forEach(Collections.java:1092) ~[?:?]
	at dev.ftb.mods.ftbquests.quest.BaseQuestFile.lambda$forAllChapters$47(BaseQuestFile.java:1397) ~[ftb-quests-fabric-2001.4.5.jar:?]
	at java.util.ArrayList.forEach(ArrayList.java:1511) ~[?:?]
	at dev.ftb.mods.ftbquests.quest.BaseQuestFile.forAllChapterGroups(BaseQuestFile.java:1392) ~[ftb-quests-fabric-2001.4.5.jar:?]
	at dev.ftb.mods.ftbquests.quest.BaseQuestFile.forAllChapters(BaseQuestFile.java:1397) ~[ftb-quests-fabric-2001.4.5.jar:?]
	at dev.ftb.mods.ftbquests.quest.BaseQuestFile.forAllQuests(BaseQuestFile.java:1402) ~[ftb-quests-fabric-2001.4.5.jar:?]
	at dev.ftb.mods.ftbquests.quest.ServerQuestFile.lambda$playerLoggedIn$5(ServerQuestFile.java:179) ~[ftb-quests-fabric-2001.4.5.jar:?]
	at dev.ftb.mods.ftbquests.quest.ServerQuestFile.withPlayerContext(ServerQuestFile.java:159) ~[ftb-quests-fabric-2001.4.5.jar:?]
	at dev.ftb.mods.ftbquests.quest.ServerQuestFile.playerLoggedIn(ServerQuestFile.java:179) ~[ftb-quests-fabric-2001.4.5.jar:?]
	at dev.ftb.mods.ftbquests.FTBQuestsEventHandler.playerLoggedIn(FTBQuestsEventHandler.java:104) ~[ftb-quests-fabric-2001.4.5.jar:?]
	at java.lang.invoke.MethodHandle.invokeWithArguments(MethodHandle.java:732) ~[?:?]
	at dev.architectury.event.EventFactory.invokeMethod(EventFactory.java:53) ~[architectury-9.2.14-fabric.jar:?]
	at dev.architectury.event.EventFactory$4.handleInvocation(EventFactory.java:125) ~[architectury-9.2.14-fabric.jar:?]
	at com.google.common.reflect.AbstractInvocationHandler.invoke(AbstractInvocationHandler.java:87) ~[guava-31.1-jre.jar:?]
	at jdk.proxy2.$Proxy127.accept(Unknown Source) ~[?:?]
	at dev.ftb.mods.ftbteams.data.TeamManagerImpl.playerLoggedIn(TeamManagerImpl.java:319) ~[ftb-teams-fabric-2001.3.0.jar:?]
	at dev.ftb.mods.ftbteams.FTBTeams.playerLoggedIn(FTBTeams.java:77) ~[ftb-teams-fabric-2001.3.0.jar:?]
	at java.lang.invoke.MethodHandle.invokeWithArguments(MethodHandle.java:732) ~[?:?]
	at dev.architectury.event.EventFactory.invokeMethod(EventFactory.java:53) ~[architectury-9.2.14-fabric.jar:?]
	at dev.architectury.event.EventFactory$1.handleInvocation(EventFactory.java:62) ~[architectury-9.2.14-fabric.jar:?]
	at com.google.common.reflect.AbstractInvocationHandler.invoke(AbstractInvocationHandler.java:87) ~[guava-31.1-jre.jar:?]
	at jdk.proxy2.$Proxy198.join(Unknown Source) ~[?:?]
	at net.minecraft.class_3324.handler$zjc000$architectury$placeNewPlayer(class_3324.java:2520) ~[server-intermediary.jar:?]
	at net.minecraft.class_3324.method_14570(class_3324.java:307) ~[server-intermediary.jar:?]
	at net.minecraft.class_3248.method_33800(class_3248.java:131) ~[server-intermediary.jar:?]
	at net.minecraft.class_3248.md1e683e$polymer-networking$lambda$polymerNet$prePlayHandshakeHackfest$0$0(class_3248.java:549) ~[server-intermediary.jar:?]
	at eu.pb4.polymer.networking.impl.EarlyConnectionMagic.lambda$handle$0(EarlyConnectionMagic.java:32) ~[polymer-networking-0.5.15+1.20.1-dc18d44a422d3193.jar:?]
	at eu.pb4.polymer.networking.api.EarlyPlayNetworkHandler.lambda$onKeepAlive$0(EarlyPlayNetworkHandler.java:108) ~[polymer-networking-0.5.15+1.20.1-dc18d44a422d3193.jar:?]
	at net.minecraft.class_3738.run(class_3738.java:18) ~[server-intermediary.jar:?]
	at net.minecraft.class_1255.method_18859(class_1255.java:156) ~[server-intermediary.jar:?]
	at net.minecraft.class_4093.method_18859(class_4093.java:23) ~[server-intermediary.jar:?]
	at net.minecraft.server.MinecraftServer.method_24306(MinecraftServer.java:782) ~[server-intermediary.jar:?]
	at net.minecraft.server.MinecraftServer.method_18859(MinecraftServer.java:164) ~[server-intermediary.jar:?]
	at net.minecraft.class_1255.method_16075(class_1255.java:130) ~[server-intermediary.jar:?]
	at net.minecraft.server.MinecraftServer.method_20415(MinecraftServer.java:764) ~[server-intermediary.jar:?]
	at net.minecraft.server.MinecraftServer.method_16075(MinecraftServer.java:758) ~[server-intermediary.jar:?]
	at net.minecraft.class_1255.method_18857(class_1255.java:139) ~[server-intermediary.jar:?]
	at net.minecraft.server.MinecraftServer.method_16208(MinecraftServer.java:743) ~[server-intermediary.jar:?]
	at net.minecraft.server.MinecraftServer.method_29741(MinecraftServer.java:675) ~[server-intermediary.jar:?]
	at net.minecraft.server.MinecraftServer.method_29739(MinecraftServer.java:265) ~[server-intermediary.jar:?]
	at java.lang.Thread.run(Thread.java:840) ~[?:?]
[18:47:24] [Server thread/ERROR]: Parsing error loading recipe knavesneeds:betternether/flaming_ruby/chakram
com.google.gson.JsonSyntaxException: Unknown item 'betterend:flaming_ruby_upgrade_smithing_template'
	at net.minecraft.class_1869.method_17878(class_1869.java:272) ~[server-intermediary.jar:?]
	at java.util.Optional.orElseThrow(Optional.java:403) ~[?:?]
	at net.minecraft.class_1869.method_8155(class_1869.java:272) ~[server-intermediary.jar:?]
	at net.minecraft.class_1856.method_8107(class_1856.java:160) ~[server-intermediary.jar:?]
	at net.minecraft.class_1856.method_8102(class_1856.java:143) ~[server-intermediary.jar:?]
	at net.minecraft.class_1856.method_52177(class_1856.java:135) ~[server-intermediary.jar:?]
	at net.minecraft.class_8060$class_8061.method_48455(class_8060.java:87) ~[server-intermediary.jar:?]
	at net.minecraft.class_8060$class_8061.method_8121(class_8060.java:84) ~[server-intermediary.jar:?]
	at net.minecraft.class_1863.method_17720(class_1863.java:135) ~[server-intermediary.jar:?]
	at net.minecraft.class_1863.method_20705(class_1863.java:56) ~[server-intermediary.jar:?]
	at net.minecraft.class_1863.method_18788(class_1863.java:35) ~[server-intermediary.jar:?]
	at net.minecraft.class_4080.method_18790(class_4080.java:13) ~[server-intermediary.jar:?]
	at java.util.concurrent.CompletableFuture$UniAccept.tryFire(CompletableFuture.java:718) ~[?:?]
	at java.util.concurrent.CompletableFuture$Completion.run(CompletableFuture.java:482) ~[?:?]
	at net.minecraft.class_4014.method_18365(class_4014.java:69) ~[server-intermediary.jar:?]
	at net.minecraft.class_3738.run(class_3738.java:18) ~[server-intermediary.jar:?]
	at net.minecraft.class_1255.method_18859(class_1255.java:156) ~[server-intermediary.jar:?]
	at net.minecraft.class_4093.method_18859(class_4093.java:23) ~[server-intermediary.jar:?]
	at net.minecraft.server.MinecraftServer.method_24306(MinecraftServer.java:782) ~[server-intermediary.jar:?]
	at net.minecraft.server.MinecraftServer.method_18859(MinecraftServer.java:164) ~[server-intermediary.jar:?]
	at net.minecraft.class_1255.method_16075(class_1255.java:130) ~[server-intermediary.jar:?]
	at net.minecraft.server.MinecraftServer.method_20415(MinecraftServer.java:764) ~[server-intermediary.jar:?]
	at net.minecraft.server.MinecraftServer.method_16075(MinecraftServer.java:758) ~[server-intermediary.jar:?]
	at net.minecraft.class_1255.method_18857(class_1255.java:139) ~[server-intermediary.jar:?]
	at net.minecraft.server.MinecraftServer.method_29439(MinecraftServer.java:1345) ~[server-intermediary.jar:?]
	at net.minecraft.class_3097.method_29480(class_3097.java:22) ~[server-intermediary.jar:?]
	at net.minecraft.class_3097.method_13530(class_3097.java:53) ~[server-intermediary.jar:?]
	at com.mojang.brigadier.CommandDispatcher.execute(CommandDispatcher.java:264) ~[brigadier-1.1.8.jar:?]
	at net.minecraft.class_2158$class_2160.method_36318(class_2158.java:96) ~[server-intermediary.jar:?]
	at net.minecraft.class_2158$class_2160.method_9198(class_2158.java:90) ~[server-intermediary.jar:?]
	at net.minecraft.class_2991$class_2992.method_12914(class_2991.java:135) ~[server-intermediary.jar:?]
	at net.minecraft.class_2991$class_6345.method_36346(class_2991.java:210) ~[server-intermediary.jar:?]
	at net.minecraft.class_2991.method_36341(class_2991.java:85) ~[server-intermediary.jar:?]
	at net.minecraft.class_2991.method_12904(class_2991.java:69) ~[server-intermediary.jar:?]
	at net.minecraft.class_3062.method_13381(class_3062.java:46) ~[server-intermediary.jar:?]
	at net.minecraft.class_3062.method_13383(class_3062.java:35) ~[server-intermediary.jar:?]
	at com.mojang.brigadier.CommandDispatcher.execute(CommandDispatcher.java:264) ~[brigadier-1.1.8.jar:?]
	at net.minecraft.class_2170.redirect$zia000$architectury$performCommand(class_2170.java:1045) ~[server-intermediary.jar:?]
	at net.minecraft.class_2170.method_9249(class_2170.java:287) ~[server-intermediary.jar:?]
	at net.minecraft.class_2170.method_44252(class_2170.java:280) ~[server-intermediary.jar:?]
	at dev.ftb.mods.ftbquests.quest.reward.CommandReward.claim(CommandReward.java:104) ~[ftb-quests-fabric-2001.4.5.jar:?]
	at dev.ftb.mods.ftbquests.quest.TeamData.claimReward(TeamData.java:538) ~[ftb-quests-fabric-2001.4.5.jar:?]
	at dev.ftb.mods.ftbquests.quest.TeamData.checkAutoCompletion(TeamData.java:568) ~[ftb-quests-fabric-2001.4.5.jar:?]
	at dev.ftb.mods.ftbquests.quest.Quest.onCompleted(Quest.java:544) ~[ftb-quests-fabric-2001.4.5.jar:?]
	at dev.ftb.mods.ftbquests.quest.ServerQuestFile.lambda$playerLoggedIn$4(ServerQuestFile.java:185) ~[ftb-quests-fabric-2001.4.5.jar:?]
	at java.util.ArrayList.forEach(ArrayList.java:1511) ~[?:?]
	at java.util.Collections$UnmodifiableCollection.forEach(Collections.java:1092) ~[?:?]
	at dev.ftb.mods.ftbquests.quest.BaseQuestFile.lambda$forAllQuests$48(BaseQuestFile.java:1402) ~[ftb-quests-fabric-2001.4.5.jar:?]
	at java.util.ArrayList.forEach(ArrayList.java:1511) ~[?:?]
	at java.util.Collections$UnmodifiableCollection.forEach(Collections.java:1092) ~[?:?]
	at dev.ftb.mods.ftbquests.quest.BaseQuestFile.lambda$forAllChapters$47(BaseQuestFile.java:1397) ~[ftb-quests-fabric-2001.4.5.jar:?]
	at java.util.ArrayList.forEach(ArrayList.java:1511) ~[?:?]
	at dev.ftb.mods.ftbquests.quest.BaseQuestFile.forAllChapterGroups(BaseQuestFile.java:1392) ~[ftb-quests-fabric-2001.4.5.jar:?]
	at dev.ftb.mods.ftbquests.quest.BaseQuestFile.forAllChapters(BaseQuestFile.java:1397) ~[ftb-quests-fabric-2001.4.5.jar:?]
	at dev.ftb.mods.ftbquests.quest.BaseQuestFile.forAllQuests(BaseQuestFile.java:1402) ~[ftb-quests-fabric-2001.4.5.jar:?]
	at dev.ftb.mods.ftbquests.quest.ServerQuestFile.lambda$playerLoggedIn$5(ServerQuestFile.java:179) ~[ftb-quests-fabric-2001.4.5.jar:?]
	at dev.ftb.mods.ftbquests.quest.ServerQuestFile.withPlayerContext(ServerQuestFile.java:159) ~[ftb-quests-fabric-2001.4.5.jar:?]
	at dev.ftb.mods.ftbquests.quest.ServerQuestFile.playerLoggedIn(ServerQuestFile.java:179) ~[ftb-quests-fabric-2001.4.5.jar:?]
	at dev.ftb.mods.ftbquests.FTBQuestsEventHandler.playerLoggedIn(FTBQuestsEventHandler.java:104) ~[ftb-quests-fabric-2001.4.5.jar:?]
	at java.lang.invoke.MethodHandle.invokeWithArguments(MethodHandle.java:732) ~[?:?]
	at dev.architectury.event.EventFactory.invokeMethod(EventFactory.java:53) ~[architectury-9.2.14-fabric.jar:?]
	at dev.architectury.event.EventFactory$4.handleInvocation(EventFactory.java:125) ~[architectury-9.2.14-fabric.jar:?]
	at com.google.common.reflect.AbstractInvocationHandler.invoke(AbstractInvocationHandler.java:87) ~[guava-31.1-jre.jar:?]
	at jdk.proxy2.$Proxy127.accept(Unknown Source) ~[?:?]
	at dev.ftb.mods.ftbteams.data.TeamManagerImpl.playerLoggedIn(TeamManagerImpl.java:319) ~[ftb-teams-fabric-2001.3.0.jar:?]
	at dev.ftb.mods.ftbteams.FTBTeams.playerLoggedIn(FTBTeams.java:77) ~[ftb-teams-fabric-2001.3.0.jar:?]
	at java.lang.invoke.MethodHandle.invokeWithArguments(MethodHandle.java:732) ~[?:?]
	at dev.architectury.event.EventFactory.invokeMethod(EventFactory.java:53) ~[architectury-9.2.14-fabric.jar:?]
	at dev.architectury.event.EventFactory$1.handleInvocation(EventFactory.java:62) ~[architectury-9.2.14-fabric.jar:?]
	at com.google.common.reflect.AbstractInvocationHandler.invoke(AbstractInvocationHandler.java:87) ~[guava-31.1-jre.jar:?]
	at jdk.proxy2.$Proxy198.join(Unknown Source) ~[?:?]
	at net.minecraft.class_3324.handler$zjc000$architectury$placeNewPlayer(class_3324.java:2520) ~[server-intermediary.jar:?]
	at net.minecraft.class_3324.method_14570(class_3324.java:307) ~[server-intermediary.jar:?]
	at net.minecraft.class_3248.method_33800(class_3248.java:131) ~[server-intermediary.jar:?]
	at net.minecraft.class_3248.md1e683e$polymer-networking$lambda$polymerNet$prePlayHandshakeHackfest$0$0(class_3248.java:549) ~[server-intermediary.jar:?]
	at eu.pb4.polymer.networking.impl.EarlyConnectionMagic.lambda$handle$0(EarlyConnectionMagic.java:32) ~[polymer-networking-0.5.15+1.20.1-dc18d44a422d3193.jar:?]
	at eu.pb4.polymer.networking.api.EarlyPlayNetworkHandler.lambda$onKeepAlive$0(EarlyPlayNetworkHandler.java:108) ~[polymer-networking-0.5.15+1.20.1-dc18d44a422d3193.jar:?]
	at net.minecraft.class_3738.run(class_3738.java:18) ~[server-intermediary.jar:?]
	at net.minecraft.class_1255.method_18859(class_1255.java:156) ~[server-intermediary.jar:?]
	at net.minecraft.class_4093.method_18859(class_4093.java:23) ~[server-intermediary.jar:?]
	at net.minecraft.server.MinecraftServer.method_24306(MinecraftServer.java:782) ~[server-intermediary.jar:?]
	at net.minecraft.server.MinecraftServer.method_18859(MinecraftServer.java:164) ~[server-intermediary.jar:?]
	at net.minecraft.class_1255.method_16075(class_1255.java:130) ~[server-intermediary.jar:?]
	at net.minecraft.server.MinecraftServer.method_20415(MinecraftServer.java:764) ~[server-intermediary.jar:?]
	at net.minecraft.server.MinecraftServer.method_16075(MinecraftServer.java:758) ~[server-intermediary.jar:?]
	at net.minecraft.class_1255.method_18857(class_1255.java:139) ~[server-intermediary.jar:?]
	at net.minecraft.server.MinecraftServer.method_16208(MinecraftServer.java:743) ~[server-intermediary.jar:?]
	at net.minecraft.server.MinecraftServer.method_29741(MinecraftServer.java:675) ~[server-intermediary.jar:?]
	at net.minecraft.server.MinecraftServer.method_29739(MinecraftServer.java:265) ~[server-intermediary.jar:?]
	at java.lang.Thread.run(Thread.java:840) ~[?:?]
[18:47:24] [Server thread/ERROR]: Parsing error loading recipe dramaticdoors:tall_ebony_door
com.google.gson.JsonSyntaxException: Unknown item 'phantasm:ebony_door'
	at net.minecraft.class_1869.method_17878(class_1869.java:272) ~[server-intermediary.jar:?]
	at java.util.Optional.orElseThrow(Optional.java:403) ~[?:?]
	at net.minecraft.class_1869.method_8155(class_1869.java:272) ~[server-intermediary.jar:?]
	at net.minecraft.class_1856.method_8107(class_1856.java:160) ~[server-intermediary.jar:?]
	at net.minecraft.class_1856.method_8102(class_1856.java:143) ~[server-intermediary.jar:?]
	at net.minecraft.class_1869.method_8157(class_1869.java:252) ~[server-intermediary.jar:?]
	at net.minecraft.class_1869$class_1870.method_8164(class_1869.java:285) ~[server-intermediary.jar:?]
	at net.minecraft.class_1869$class_1870.method_8121(class_1869.java:279) ~[server-intermediary.jar:?]
	at net.minecraft.class_1863.method_17720(class_1863.java:135) ~[server-intermediary.jar:?]
	at net.minecraft.class_1863.method_20705(class_1863.java:56) ~[server-intermediary.jar:?]
	at net.minecraft.class_1863.method_18788(class_1863.java:35) ~[server-intermediary.jar:?]
	at net.minecraft.class_4080.method_18790(class_4080.java:13) ~[server-intermediary.jar:?]
	at java.util.concurrent.CompletableFuture$UniAccept.tryFire(CompletableFuture.java:718) ~[?:?]
	at java.util.concurrent.CompletableFuture$Completion.run(CompletableFuture.java:482) ~[?:?]
	at net.minecraft.class_4014.method_18365(class_4014.java:69) ~[server-intermediary.jar:?]
	at net.minecraft.class_3738.run(class_3738.java:18) ~[server-intermediary.jar:?]
	at net.minecraft.class_1255.method_18859(class_1255.java:156) ~[server-intermediary.jar:?]
	at net.minecraft.class_4093.method_18859(class_4093.java:23) ~[server-intermediary.jar:?]
	at net.minecraft.server.MinecraftServer.method_24306(MinecraftServer.java:782) ~[server-intermediary.jar:?]
	at net.minecraft.server.MinecraftServer.method_18859(MinecraftServer.java:164) ~[server-intermediary.jar:?]
	at net.minecraft.class_1255.method_16075(class_1255.java:130) ~[server-intermediary.jar:?]
	at net.minecraft.server.MinecraftServer.method_20415(MinecraftServer.java:764) ~[server-intermediary.jar:?]
	at net.minecraft.server.MinecraftServer.method_16075(MinecraftServer.java:758) ~[server-intermediary.jar:?]
	at net.minecraft.class_1255.method_18857(class_1255.java:139) ~[server-intermediary.jar:?]
	at net.minecraft.server.MinecraftServer.method_29439(MinecraftServer.java:1345) ~[server-intermediary.jar:?]
	at net.minecraft.class_3097.method_29480(class_3097.java:22) ~[server-intermediary.jar:?]
	at net.minecraft.class_3097.method_13530(class_3097.java:53) ~[server-intermediary.jar:?]
	at com.mojang.brigadier.CommandDispatcher.execute(CommandDispatcher.java:264) ~[brigadier-1.1.8.jar:?]
	at net.minecraft.class_2158$class_2160.method_36318(class_2158.java:96) ~[server-intermediary.jar:?]
	at net.minecraft.class_2158$class_2160.method_9198(class_2158.java:90) ~[server-intermediary.jar:?]
	at net.minecraft.class_2991$class_2992.method_12914(class_2991.java:135) ~[server-intermediary.jar:?]
	at net.minecraft.class_2991$class_6345.method_36346(class_2991.java:210) ~[server-intermediary.jar:?]
	at net.minecraft.class_2991.method_36341(class_2991.java:85) ~[server-intermediary.jar:?]
	at net.minecraft.class_2991.method_12904(class_2991.java:69) ~[server-intermediary.jar:?]
	at net.minecraft.class_3062.method_13381(class_3062.java:46) ~[server-intermediary.jar:?]
	at net.minecraft.class_3062.method_13383(class_3062.java:35) ~[server-intermediary.jar:?]
	at com.mojang.brigadier.CommandDispatcher.execute(CommandDispatcher.java:264) ~[brigadier-1.1.8.jar:?]
	at net.minecraft.class_2170.redirect$zia000$architectury$performCommand(class_2170.java:1045) ~[server-intermediary.jar:?]
	at net.minecraft.class_2170.method_9249(class_2170.java:287) ~[server-intermediary.jar:?]
	at net.minecraft.class_2170.method_44252(class_2170.java:280) ~[server-intermediary.jar:?]
	at dev.ftb.mods.ftbquests.quest.reward.CommandReward.claim(CommandReward.java:104) ~[ftb-quests-fabric-2001.4.5.jar:?]
	at dev.ftb.mods.ftbquests.quest.TeamData.claimReward(TeamData.java:538) ~[ftb-quests-fabric-2001.4.5.jar:?]
	at dev.ftb.mods.ftbquests.quest.TeamData.checkAutoCompletion(TeamData.java:568) ~[ftb-quests-fabric-2001.4.5.jar:?]
	at dev.ftb.mods.ftbquests.quest.Quest.onCompleted(Quest.java:544) ~[ftb-quests-fabric-2001.4.5.jar:?]
	at dev.ftb.mods.ftbquests.quest.ServerQuestFile.lambda$playerLoggedIn$4(ServerQuestFile.java:185) ~[ftb-quests-fabric-2001.4.5.jar:?]
	at java.util.ArrayList.forEach(ArrayList.java:1511) ~[?:?]
	at java.util.Collections$UnmodifiableCollection.forEach(Collections.java:1092) ~[?:?]
	at dev.ftb.mods.ftbquests.quest.BaseQuestFile.lambda$forAllQuests$48(BaseQuestFile.java:1402) ~[ftb-quests-fabric-2001.4.5.jar:?]
	at java.util.ArrayList.forEach(ArrayList.java:1511) ~[?:?]
	at java.util.Collections$UnmodifiableCollection.forEach(Collections.java:1092) ~[?:?]
	at dev.ftb.mods.ftbquests.quest.BaseQuestFile.lambda$forAllChapters$47(BaseQuestFile.java:1397) ~[ftb-quests-fabric-2001.4.5.jar:?]
	at java.util.ArrayList.forEach(ArrayList.java:1511) ~[?:?]
	at dev.ftb.mods.ftbquests.quest.BaseQuestFile.forAllChapterGroups(BaseQuestFile.java:1392) ~[ftb-quests-fabric-2001.4.5.jar:?]
	at dev.ftb.mods.ftbquests.quest.BaseQuestFile.forAllChapters(BaseQuestFile.java:1397) ~[ftb-quests-fabric-2001.4.5.jar:?]
	at dev.ftb.mods.ftbquests.quest.BaseQuestFile.forAllQuests(BaseQuestFile.java:1402) ~[ftb-quests-fabric-2001.4.5.jar:?]
	at dev.ftb.mods.ftbquests.quest.ServerQuestFile.lambda$playerLoggedIn$5(ServerQuestFile.java:179) ~[ftb-quests-fabric-2001.4.5.jar:?]
	at dev.ftb.mods.ftbquests.quest.ServerQuestFile.withPlayerContext(ServerQuestFile.java:159) ~[ftb-quests-fabric-2001.4.5.jar:?]
	at dev.ftb.mods.ftbquests.quest.ServerQuestFile.playerLoggedIn(ServerQuestFile.java:179) ~[ftb-quests-fabric-2001.4.5.jar:?]
	at dev.ftb.mods.ftbquests.FTBQuestsEventHandler.playerLoggedIn(FTBQuestsEventHandler.java:104) ~[ftb-quests-fabric-2001.4.5.jar:?]
	at java.lang.invoke.MethodHandle.invokeWithArguments(MethodHandle.java:732) ~[?:?]
	at dev.architectury.event.EventFactory.invokeMethod(EventFactory.java:53) ~[architectury-9.2.14-fabric.jar:?]
	at dev.architectury.event.EventFactory$4.handleInvocation(EventFactory.java:125) ~[architectury-9.2.14-fabric.jar:?]
	at com.google.common.reflect.AbstractInvocationHandler.invoke(AbstractInvocationHandler.java:87) ~[guava-31.1-jre.jar:?]
	at jdk.proxy2.$Proxy127.accept(Unknown Source) ~[?:?]
	at dev.ftb.mods.ftbteams.data.TeamManagerImpl.playerLoggedIn(TeamManagerImpl.java:319) ~[ftb-teams-fabric-2001.3.0.jar:?]
	at dev.ftb.mods.ftbteams.FTBTeams.playerLoggedIn(FTBTeams.java:77) ~[ftb-teams-fabric-2001.3.0.jar:?]
	at java.lang.invoke.MethodHandle.invokeWithArguments(MethodHandle.java:732) ~[?:?]
	at dev.architectury.event.EventFactory.invokeMethod(EventFactory.java:53) ~[architectury-9.2.14-fabric.jar:?]
	at dev.architectury.event.EventFactory$1.handleInvocation(EventFactory.java:62) ~[architectury-9.2.14-fabric.jar:?]
	at com.google.common.reflect.AbstractInvocationHandler.invoke(AbstractInvocationHandler.java:87) ~[guava-31.1-jre.jar:?]
	at jdk.proxy2.$Proxy198.join(Unknown Source) ~[?:?]
	at net.minecraft.class_3324.handler$zjc000$architectury$placeNewPlayer(class_3324.java:2520) ~[server-intermediary.jar:?]
	at net.minecraft.class_3324.method_14570(class_3324.java:307) ~[server-intermediary.jar:?]
	at net.minecraft.class_3248.method_33800(class_3248.java:131) ~[server-intermediary.jar:?]
	at net.minecraft.class_3248.md1e683e$polymer-networking$lambda$polymerNet$prePlayHandshakeHackfest$0$0(class_3248.java:549) ~[server-intermediary.jar:?]
	at eu.pb4.polymer.networking.impl.EarlyConnectionMagic.lambda$handle$0(EarlyConnectionMagic.java:32) ~[polymer-networking-0.5.15+1.20.1-dc18d44a422d3193.jar:?]
	at eu.pb4.polymer.networking.api.EarlyPlayNetworkHandler.lambda$onKeepAlive$0(EarlyPlayNetworkHandler.java:108) ~[polymer-networking-0.5.15+1.20.1-dc18d44a422d3193.jar:?]
	at net.minecraft.class_3738.run(class_3738.java:18) ~[server-intermediary.jar:?]
	at net.minecraft.class_1255.method_18859(class_1255.java:156) ~[server-intermediary.jar:?]
	at net.minecraft.class_4093.method_18859(class_4093.java:23) ~[server-intermediary.jar:?]
	at net.minecraft.server.MinecraftServer.method_24306(MinecraftServer.java:782) ~[server-intermediary.jar:?]
	at net.minecraft.server.MinecraftServer.method_18859(MinecraftServer.java:164) ~[server-intermediary.jar:?]
	at net.minecraft.class_1255.method_16075(class_1255.java:130) ~[server-intermediary.jar:?]
	at net.minecraft.server.MinecraftServer.method_20415(MinecraftServer.java:764) ~[server-intermediary.jar:?]
	at net.minecraft.server.MinecraftServer.method_16075(MinecraftServer.java:758) ~[server-intermediary.jar:?]
	at net.minecraft.class_1255.method_18857(class_1255.java:139) ~[server-intermediary.jar:?]
	at net.minecraft.server.MinecraftServer.method_16208(MinecraftServer.java:743) ~[server-intermediary.jar:?]
	at net.minecraft.server.MinecraftServer.method_29741(MinecraftServer.java:675) ~[server-intermediary.jar:?]
	at net.minecraft.server.MinecraftServer.method_29739(MinecraftServer.java:265) ~[server-intermediary.jar:?]
	at java.lang.Thread.run(Thread.java:840) ~[?:?]
[18:47:24] [Server thread/ERROR]: Parsing error loading recipe digs_dnd_origins:netherite_horns_helmet
com.google.gson.JsonSyntaxException: Invalid or unsupported recipe type 'minecraft:smithing'
	at net.minecraft.class_1863.method_17875(class_1863.java:134) ~[server-intermediary.jar:?]
	at java.util.Optional.orElseThrow(Optional.java:403) ~[?:?]
	at net.minecraft.class_1863.method_17720(class_1863.java:134) ~[server-intermediary.jar:?]
	at net.minecraft.class_1863.method_20705(class_1863.java:56) ~[server-intermediary.jar:?]
	at net.minecraft.class_1863.method_18788(class_1863.java:35) ~[server-intermediary.jar:?]
	at net.minecraft.class_4080.method_18790(class_4080.java:13) ~[server-intermediary.jar:?]
	at java.util.concurrent.CompletableFuture$UniAccept.tryFire(CompletableFuture.java:718) ~[?:?]
	at java.util.concurrent.CompletableFuture$Completion.run(CompletableFuture.java:482) ~[?:?]
	at net.minecraft.class_4014.method_18365(class_4014.java:69) ~[server-intermediary.jar:?]
	at net.minecraft.class_3738.run(class_3738.java:18) ~[server-intermediary.jar:?]
	at net.minecraft.class_1255.method_18859(class_1255.java:156) ~[server-intermediary.jar:?]
	at net.minecraft.class_4093.method_18859(class_4093.java:23) ~[server-intermediary.jar:?]
	at net.minecraft.server.MinecraftServer.method_24306(MinecraftServer.java:782) ~[server-intermediary.jar:?]
	at net.minecraft.server.MinecraftServer.method_18859(MinecraftServer.java:164) ~[server-intermediary.jar:?]
	at net.minecraft.class_1255.method_16075(class_1255.java:130) ~[server-intermediary.jar:?]
	at net.minecraft.server.MinecraftServer.method_20415(MinecraftServer.java:764) ~[server-intermediary.jar:?]
	at net.minecraft.server.MinecraftServer.method_16075(MinecraftServer.java:758) ~[server-intermediary.jar:?]
	at net.minecraft.class_1255.method_18857(class_1255.java:139) ~[server-intermediary.jar:?]
	at net.minecraft.server.MinecraftServer.method_29439(MinecraftServer.java:1345) ~[server-intermediary.jar:?]
	at net.minecraft.class_3097.method_29480(class_3097.java:22) ~[server-intermediary.jar:?]
	at net.minecraft.class_3097.method_13530(class_3097.java:53) ~[server-intermediary.jar:?]
	at com.mojang.brigadier.CommandDispatcher.execute(CommandDispatcher.java:264) ~[brigadier-1.1.8.jar:?]
	at net.minecraft.class_2158$class_2160.method_36318(class_2158.java:96) ~[server-intermediary.jar:?]
	at net.minecraft.class_2158$class_2160.method_9198(class_2158.java:90) ~[server-intermediary.jar:?]
	at net.minecraft.class_2991$class_2992.method_12914(class_2991.java:135) ~[server-intermediary.jar:?]
	at net.minecraft.class_2991$class_6345.method_36346(class_2991.java:210) ~[server-intermediary.jar:?]
	at net.minecraft.class_2991.method_36341(class_2991.java:85) ~[server-intermediary.jar:?]
	at net.minecraft.class_2991.method_12904(class_2991.java:69) ~[server-intermediary.jar:?]
	at net.minecraft.class_3062.method_13381(class_3062.java:46) ~[server-intermediary.jar:?]
	at net.minecraft.class_3062.method_13383(class_3062.java:35) ~[server-intermediary.jar:?]
	at com.mojang.brigadier.CommandDispatcher.execute(CommandDispatcher.java:264) ~[brigadier-1.1.8.jar:?]
	at net.minecraft.class_2170.redirect$zia000$architectury$performCommand(class_2170.java:1045) ~[server-intermediary.jar:?]
	at net.minecraft.class_2170.method_9249(class_2170.java:287) ~[server-intermediary.jar:?]
	at net.minecraft.class_2170.method_44252(class_2170.java:280) ~[server-intermediary.jar:?]
	at dev.ftb.mods.ftbquests.quest.reward.CommandReward.claim(CommandReward.java:104) ~[ftb-quests-fabric-2001.4.5.jar:?]
	at dev.ftb.mods.ftbquests.quest.TeamData.claimReward(TeamData.java:538) ~[ftb-quests-fabric-2001.4.5.jar:?]
	at dev.ftb.mods.ftbquests.quest.TeamData.checkAutoCompletion(TeamData.java:568) ~[ftb-quests-fabric-2001.4.5.jar:?]
	at dev.ftb.mods.ftbquests.quest.Quest.onCompleted(Quest.java:544) ~[ftb-quests-fabric-2001.4.5.jar:?]
	at dev.ftb.mods.ftbquests.quest.ServerQuestFile.lambda$playerLoggedIn$4(ServerQuestFile.java:185) ~[ftb-quests-fabric-2001.4.5.jar:?]
	at java.util.ArrayList.forEach(ArrayList.java:1511) ~[?:?]
	at java.util.Collections$UnmodifiableCollection.forEach(Collections.java:1092) ~[?:?]
	at dev.ftb.mods.ftbquests.quest.BaseQuestFile.lambda$forAllQuests$48(BaseQuestFile.java:1402) ~[ftb-quests-fabric-2001.4.5.jar:?]
	at java.util.ArrayList.forEach(ArrayList.java:1511) ~[?:?]
	at java.util.Collections$UnmodifiableCollection.forEach(Collections.java:1092) ~[?:?]
	at dev.ftb.mods.ftbquests.quest.BaseQuestFile.lambda$forAllChapters$47(BaseQuestFile.java:1397) ~[ftb-quests-fabric-2001.4.5.jar:?]
	at java.util.ArrayList.forEach(ArrayList.java:1511) ~[?:?]
	at dev.ftb.mods.ftbquests.quest.BaseQuestFile.forAllChapterGroups(BaseQuestFile.java:1392) ~[ftb-quests-fabric-2001.4.5.jar:?]
	at dev.ftb.mods.ftbquests.quest.BaseQuestFile.forAllChapters(BaseQuestFile.java:1397) ~[ftb-quests-fabric-2001.4.5.jar:?]
	at dev.ftb.mods.ftbquests.quest.BaseQuestFile.forAllQuests(BaseQuestFile.java:1402) ~[ftb-quests-fabric-2001.4.5.jar:?]
	at dev.ftb.mods.ftbquests.quest.ServerQuestFile.lambda$playerLoggedIn$5(ServerQuestFile.java:179) ~[ftb-quests-fabric-2001.4.5.jar:?]
	at dev.ftb.mods.ftbquests.quest.ServerQuestFile.withPlayerContext(ServerQuestFile.java:159) ~[ftb-quests-fabric-2001.4.5.jar:?]
	at dev.ftb.mods.ftbquests.quest.ServerQuestFile.playerLoggedIn(ServerQuestFile.java:179) ~[ftb-quests-fabric-2001.4.5.jar:?]
	at dev.ftb.mods.ftbquests.FTBQuestsEventHandler.playerLoggedIn(FTBQuestsEventHandler.java:104) ~[ftb-quests-fabric-2001.4.5.jar:?]
	at java.lang.invoke.MethodHandle.invokeWithArguments(MethodHandle.java:732) ~[?:?]
	at dev.architectury.event.EventFactory.invokeMethod(EventFactory.java:53) ~[architectury-9.2.14-fabric.jar:?]
	at dev.architectury.event.EventFactory$4.handleInvocation(EventFactory.java:125) ~[architectury-9.2.14-fabric.jar:?]
	at com.google.common.reflect.AbstractInvocationHandler.invoke(AbstractInvocationHandler.java:87) ~[guava-31.1-jre.jar:?]
	at jdk.proxy2.$Proxy127.accept(Unknown Source) ~[?:?]
	at dev.ftb.mods.ftbteams.data.TeamManagerImpl.playerLoggedIn(TeamManagerImpl.java:319) ~[ftb-teams-fabric-2001.3.0.jar:?]
	at dev.ftb.mods.ftbteams.FTBTeams.playerLoggedIn(FTBTeams.java:77) ~[ftb-teams-fabric-2001.3.0.jar:?]
	at java.lang.invoke.MethodHandle.invokeWithArguments(MethodHandle.java:732) ~[?:?]
	at dev.architectury.event.EventFactory.invokeMethod(EventFactory.java:53) ~[architectury-9.2.14-fabric.jar:?]
	at dev.architectury.event.EventFactory$1.handleInvocation(EventFactory.java:62) ~[architectury-9.2.14-fabric.jar:?]
	at com.google.common.reflect.AbstractInvocationHandler.invoke(AbstractInvocationHandler.java:87) ~[guava-31.1-jre.jar:?]
	at jdk.proxy2.$Proxy198.join(Unknown Source) ~[?:?]
	at net.minecraft.class_3324.handler$zjc000$architectury$placeNewPlayer(class_3324.java:2520) ~[server-intermediary.jar:?]
	at net.minecraft.class_3324.method_14570(class_3324.java:307) ~[server-intermediary.jar:?]
	at net.minecraft.class_3248.method_33800(class_3248.java:131) ~[server-intermediary.jar:?]
	at net.minecraft.class_3248.md1e683e$polymer-networking$lambda$polymerNet$prePlayHandshakeHackfest$0$0(class_3248.java:549) ~[server-intermediary.jar:?]
	at eu.pb4.polymer.networking.impl.EarlyConnectionMagic.lambda$handle$0(EarlyConnectionMagic.java:32) ~[polymer-networking-0.5.15+1.20.1-dc18d44a422d3193.jar:?]
	at eu.pb4.polymer.networking.api.EarlyPlayNetworkHandler.lambda$onKeepAlive$0(EarlyPlayNetworkHandler.java:108) ~[polymer-networking-0.5.15+1.20.1-dc18d44a422d3193.jar:?]
	at net.minecraft.class_3738.run(class_3738.java:18) ~[server-intermediary.jar:?]
	at net.minecraft.class_1255.method_18859(class_1255.java:156) ~[server-intermediary.jar:?]
	at net.minecraft.class_4093.method_18859(class_4093.java:23) ~[server-intermediary.jar:?]
	at net.minecraft.server.MinecraftServer.method_24306(MinecraftServer.java:782) ~[server-intermediary.jar:?]
	at net.minecraft.server.MinecraftServer.method_18859(MinecraftServer.java:164) ~[server-intermediary.jar:?]
	at net.minecraft.class_1255.method_16075(class_1255.java:130) ~[server-intermediary.jar:?]
	at net.minecraft.server.MinecraftServer.method_20415(MinecraftServer.java:764) ~[server-intermediary.jar:?]
	at net.minecraft.server.MinecraftServer.method_16075(MinecraftServer.java:758) ~[server-intermediary.jar:?]
	at net.minecraft.class_1255.method_18857(class_1255.java:139) ~[server-intermediary.jar:?]
	at net.minecraft.server.MinecraftServer.method_16208(MinecraftServer.java:743) ~[server-intermediary.jar:?]
	at net.minecraft.server.MinecraftServer.method_29741(MinecraftServer.java:675) ~[server-intermediary.jar:?]
	at net.minecraft.server.MinecraftServer.method_29739(MinecraftServer.java:265) ~[server-intermediary.jar:?]
	at java.lang.Thread.run(Thread.java:840) ~[?:?]
[18:47:24] [Server thread/INFO]: Generating Sawmill Recipes
[18:47:24] [Server thread/INFO]: Generated Sawmill recipes in 471 milliseconds
[18:47:24] [Server thread/INFO]: Loaded 37 recipes
[18:47:25] [Server thread/ERROR]: Parsing error loading custom advancement dramaticdoors:recipes/redstone/short_promenade_cherry_oak_door: Unknown item id 'promenade:cherry_oak_door'
[18:47:25] [Server thread/ERROR]: Parsing error loading custom advancement archon:mana_catalyst: Failed to parse 'location' field
[18:47:25] [Server thread/ERROR]: Parsing error loading custom advancement dramaticdoors:recipes/redstone/short_ebony_door: Unknown item id 'phantasm:ebony_door'
[18:47:25] [Server thread/ERROR]: Parsing error loading custom advancement naturescompass:natures_compass: Expected items to be a JsonArray, was "min...ss"
[18:47:25] [Server thread/ERROR]: Parsing error loading custom advancement explorerscompass:explorers_compass: Expected items to be a JsonArray, was "min...ss"
[18:47:25] [Server thread/ERROR]: Parsing error loading custom advancement dramaticdoors:recipes/redstone/tall_promenade_cherry_oak_door: Unknown item id 'promenade:cherry_oak_door'
[18:47:25] [Server thread/ERROR]: Parsing error loading custom advancement dramaticdoors:recipes/redstone/tall_ebony_door: Unknown item id 'phantasm:ebony_door'
[18:47:25] [Server thread/ERROR]: Parsing error loading custom advancement explorerscompass:explorers_compass_cobweb: Expected items to be a JsonArray, was "min...eb"
[18:47:25] [Server thread/ERROR]: Parsing error loading custom advancement explorerscompass:explorers_compass_cracked_stone_bricks: Expected items to be a JsonArray, was "min...ks"
[18:47:25] [Server thread/INFO]: Loaded 7996 advancements
[18:47:25] [Server thread/INFO]: Registered 0 gear_sets.
[18:47:25] [Server thread/INFO]: [STDOUT]: Merging fletcher_rews with fletcher_rews
[18:47:25] [Server thread/INFO]: Trying to load unloaded files from: config/bountiful/bounty_pools
[18:47:25] [Server thread/INFO]: Trying to load unloaded files from: config/bountiful/bounty_decrees
[18:47:25] [Server thread/INFO]: Loaded boss variant for: minecraft:drowned
[18:47:25] [Server thread/INFO]: Loaded boss variant for: minecraft:iron_golem
[18:47:25] [Server thread/INFO]: Loaded boss variant for: minecraft:snow_golem
[18:47:25] [Server thread/INFO]: Loaded boss variant for: minecraft:zombie
[18:47:25] [Server thread/INFO]: Loaded boss variant for: minecraft:skeleton
[18:47:25] [Server thread/INFO]: Loaded boss variant for: minecraft:pillager
[18:47:25] [Server thread/INFO]: Loaded boss variant for: minecraft:vex
[18:47:25] [Server thread/INFO]: Loaded boss variant for: minecraft:evoker
[18:47:25] [Server thread/INFO]: Loaded boss variant for: minecraft:zombie
[18:47:25] [Server thread/INFO]: Loaded boss variant for: minecraft:vindicator
[18:47:25] [Server thread/INFO]: Loaded boss variant for: minecraft:wither_skeleton
[18:47:25] [Server thread/INFO]: Loaded boss variant for: minecraft:wither_skeleton
[18:47:25] [Server thread/INFO]: Loaded boss variant for: minecraft:cave_spider
[18:47:25] [Server thread/INFO]: Loaded boss variant for: minecraft:zombie
[18:47:25] [Server thread/INFO]: Loaded boss variant for: minecraft:husk
[18:47:25] [Server thread/INFO]: Loaded boss variant for: minecraft:evoker
[18:47:25] [Server thread/INFO]: Loaded boss variant for: minecraft:wandering_trader
[18:47:25] [Server thread/INFO]: Loaded boss variant for: minecraft:guardian
[18:47:25] [Server thread/INFO]: Loaded boss variant for: minecraft:vindicator
[18:47:25] [Server thread/INFO]: Loaded boss variant for: minecraft:shulker
[18:47:25] [Server thread/INFO]: Loaded boss variant for: minecraft:zoglin
[18:47:25] [Server thread/INFO]: Loaded boss variant for: minecraft:chicken
[18:47:25] [Server thread/INFO]: Loaded boss variant for: minecraft:blaze
[18:47:25] [Server thread/INFO]: Loaded boss variant for: minecraft:witch
[18:47:25] [Server thread/INFO]: Loaded boss variant for: minecraft:phantom
[18:47:25] [Server thread/INFO]: Loaded boss variant for: minecraft:mooshroom
[18:47:25] [Server thread/INFO]: Loaded boss variant for: minecraft:rabbit
[18:47:25] [Server thread/INFO]: Loaded boss variant for: minecraft:piglin_brute
[18:47:25] [Server thread/INFO]: Loaded boss variant for: minecraft:ghast
[18:47:25] [Server thread/INFO]: Loaded boss variant for: minecraft:stray
[18:47:25] [Server thread/ERROR]: There was a problem parsing the resource condition(s) of power file medievalorigins:wood_elf/empowered_shot (skipping): Missing namespaces, expected to find a JsonArray
[18:47:25] [Server thread/ERROR]: There was a problem reading power file medievalorigins:wood_elf/empowered_shot (skipping): Cannot invoke "io.github.apace100.apoli.power.PowerType.create(net.minecraft.class_1309)" because "powerType" is null
[18:47:25] [Server thread/ERROR]: There was a problem reading power file medievalorigins:high_elf/castfreely_test (skipping): Power type "medievalorigins:cast_freely" is not defined.
[18:47:25] [Server thread/ERROR]: There was a problem reading power file origins:swim_speed (skipping): Error reading data field at modifier.attribute: Identifier "additionalentityattributes:water_speed" was not registered in registry "minecraft:attribute".
[18:47:25] [Server thread/ERROR]: There was a problem reading power file rpg_origins:stealthy_invis (skipping): Error reading data field at effect: Error reading status effect: could not find status effect with id: minecraft:invisiblity
[18:47:25] [Server thread/ERROR]: There was a problem parsing the resource condition(s) of power file medievalorigins:moon_elf/combatroll (skipping): Missing condition, expected to find a string
[18:47:25] [Server thread/INFO]: Finished loading powers from data files. Registry contains 874 powers.
[18:47:25] [Server thread/ERROR]: Origin "medievalorigins:gorgon" contained unregistered power: "origins_env_deh:thirst_resistance"
[18:47:25] [Server thread/ERROR]: Origin "rpg_origins:brute" contained unregistered power: "rpg_origins:strong_arms_break_speed"
[18:47:25] [Server thread/ERROR]: Origin "rpg_origins:bard" contained unregistered power: "rpg_origins:charismatic_switch_effect"
[18:47:25] [Server thread/ERROR]: Origin "rpg_origins:bard" contained unregistered power: "rpg_origins:charismatic_hunger"
[18:47:25] [Server thread/ERROR]: Origin "medievalorigins:siren" contained unregistered power: "origins_env_deh:water_dweller"
[18:47:25] [Server thread/ERROR]: Origin "medievalorigins:siren" contained unregistered power: "origins_env_deh:cold_resistance"
[18:47:25] [Server thread/ERROR]: Origin "medievalorigins:siren" contained unregistered power: "thermoo-patches:cold_immune"
[18:47:25] [Server thread/ERROR]: Origin "medievalorigins:incubus" contained unregistered power: "origins_env_deh:heat_resistance"
[18:47:25] [Server thread/ERROR]: Origin "medievalorigins:incubus" contained unregistered power: "thermoo-patches:heat_immune"
[18:47:25] [Server thread/ERROR]: Origin "medievalorigins:incubus" contained unregistered power: "thermoo-patches:cold_vulnerability"
[18:47:25] [Server thread/ERROR]: Origin "medievalorigins:troll" contained unregistered power: "origins_env_deh:cold_resistance"
[18:47:25] [Server thread/ERROR]: Origin "medievalorigins:troll" contained unregistered power: "thermoo-patches:cold_immune"
[18:47:25] [Server thread/ERROR]: Origin "medievalorigins:troll" contained unregistered power: "thermoo-patches:heat_vulnerability"
[18:47:25] [Server thread/ERROR]: Origin "medievalorigins:wood_elf" contained unregistered power: "medievalorigins:wood_elf/empowered_shot"
[18:47:25] [Server thread/ERROR]: Origin "medievalorigins:yeti" contained unregistered power: "origins_env_deh:cold_resistance"
[18:47:25] [Server thread/ERROR]: Origin "medievalorigins:yeti" contained unregistered power: "thermoo-patches:cold_immune"
[18:47:25] [Server thread/ERROR]: Origin "medievalorigins:yeti" contained unregistered power: "thermoo-patches:heat_vulnerability"
[18:47:25] [Server thread/ERROR]: Origin "origins:merling" contained unregistered power: "origins:swim_speed"
[18:47:25] [Server thread/ERROR]: Origin "origins:merling" contained unregistered power: "origins:swim_speed"
[18:47:25] [Server thread/INFO]: Finished loading origins from data files. Registry contains 76 origins.
[18:47:25] [Server thread/INFO]: Trying to read layer file: origins:gnome
[18:47:25] [Server thread/INFO]: Trying to read layer file: origins:elf
[18:47:25] [Server thread/INFO]: Trying to read layer file: origins:skills/skilled_feat_3
[18:47:25] [Server thread/INFO]: Trying to read layer file: origins:skills/skilled_feat_2
[18:47:25] [Server thread/INFO]: Trying to read layer file: origins:origin
[18:47:25] [Server thread/INFO]: Trying to read layer file: origins:origin
[18:47:25] [Server thread/INFO]: Trying to read layer file: origins:origin
[18:47:25] [Server thread/INFO]: Trying to read layer file: origins:origin
[18:47:25] [Server thread/INFO]: Trying to read layer file: origins:skills/skilled_feat_1
[18:47:25] [Server thread/INFO]: Trying to read layer file: medievalorigins:magic_subclasses
[18:47:25] [Server thread/INFO]: Trying to read layer file: origins:skills/skills
[18:47:25] [Server thread/INFO]: Trying to read layer file: origins:halfling
[18:47:25] [Server thread/INFO]: Trying to read layer file: origins:dragonborn
[18:47:25] [Server thread/INFO]: Trying to read layer file: origins:skills/half-elf_skills
[18:47:25] [Server thread/INFO]: Trying to read layer file: origins:cantrips/cantrips
[18:47:25] [Server thread/INFO]: Trying to read layer file: origins:feats/variant_human_feats
[18:47:25] [Server thread/INFO]: Trying to read layer file: origins:dwarf
[18:47:25] [Server thread/INFO]: Finished loading origin layers from data files. Read 14 layers.
[18:47:25] [Server thread/INFO]: Loaded 0 item attribute modifiers
[18:47:25] [Server thread/INFO]: [STDOUT]: reading set: gear_core:gear_core_sets/armor/darkknight.json
[18:47:25] [Server thread/INFO]: [STDOUT]: reading set: gear_core:gear_core_sets/armor/plenty_of_armor/emerald_set.json
[18:47:25] [Server thread/INFO]: [STDOUT]: reading set: gear_core:gear_core_sets/armor/plenty_of_armor/ender_set.json
[18:47:25] [Server thread/INFO]: [STDOUT]: reading set: gear_core:gear_core_sets/armor/plenty_of_armor/endernetherite_set.json
[18:47:25] [Server thread/INFO]: [STDOUT]: reading set: gear_core:gear_core_sets/armor/plenty_of_armor/frozen_set.json
[18:47:25] [Server thread/INFO]: [STDOUT]: reading set: gear_core:gear_core_sets/armor/plenty_of_armor/phantom.json
[18:47:25] [Server thread/INFO]: [STDOUT]: reading set: gear_core:gear_core_sets/armor/soulslikeweaponry/chaosset.json
[18:47:25] [Server thread/INFO]: [STDOUT]: reading set: gear_core:gear_core_sets/weapon/dualwield/basicweapons/daggers/normal_daggers.json
[18:47:25] [Server thread/INFO]: [STDOUT]: reading set: gear_core:gear_core_sets/weapon/dualwield/mcdw/mcdw_daggers/normal_daggers.json
[18:47:25] [Server thread/INFO]: [STDOUT]: reading set: gear_core:gear_core_sets/weapon/dualwield/mcdw/mcdw_daggers/thebeginend.json
[18:47:25] [Server thread/INFO]: [STDOUT]: reading set: gear_core:gear_core_sets/weapon/dualwield/mcdw/mcdw_fists/gauntlets.json
[18:47:25] [Server thread/INFO]: [STDOUT]: reading set: gear_core:gear_core_sets/weapon/dualwield/simplyswords/dw_emberlash.json
[18:47:25] [Server thread/INFO]: [STDOUT]: reading set: gear_core:gear_core_sets/weapon/dualwield/simplyswords/dw_tempest.json
[18:47:25] [Server thread/INFO]: [STDOUT]: reading set: gear_core:gear_core_sets/weapon/soulsweapon/frostmourne.json
[18:47:25] [Server thread/INFO]: [STDOUT]: reading set: gear_core:gear_core_sets/weapon/soulsweapon/nightfall.json
[18:47:25] [Server thread/INFO]: [STDOUT]: reading set: gear_core:gear_core_sets/weapon/soulsweapon/scythe.json
[18:47:25] [Server thread/INFO]: Parsing loot modifiers for:lootintegrations:dungeonloot_nether with loottable: lootintegrations:chests/nether
[18:47:25] [Server thread/INFO]: Parsing loot modifiers for:lootintegrations:dungeonloot_hard with loottable: lootintegrations:chests/hard
[18:47:25] [Server thread/INFO]: Parsing loot modifiers for:lootintegrations:dungeonloot_water with loottable: lootintegrations:chests/water
[18:47:25] [Server thread/INFO]: Parsing loot modifiers for:lootintegrations:dungeonloot_medium with loottable: lootintegrations:chests/medium
[18:47:25] [Server thread/INFO]: Parsing loot modifiers for:lootintegrations:villageloot_house with loottable: lootintegrations:chests/village
[18:47:25] [Server thread/INFO]: Parsing loot modifiers for:lootintegrations:dungeonloot_easy with loottable: lootintegrations:chests/easy
[18:47:25] [Server thread/INFO]: Parsing loot modifiers for:lootintegrations:dungeonloot_no_overflow with loottable: minecraft:chests/simple_dungeon
[18:47:25] [Server thread/INFO]: Reloading Spawner Rune data...
[18:47:25] [Server thread/WARN]: Invalid path in datapack: repurposed_structures:rs_pieces_spawn_counts_additions/village_mountains copy.json, ignoring
[18:47:25] [Server thread/INFO]: [REI] @@@@@@@@@@@@@@@@@@@@@@@@@@@@@@@@@@@@@@@@
[18:47:25] [Server thread/INFO]: [REI] REIPlugin starting main-reload for START.
[18:47:25] [Server thread/INFO]: [REI] Plugins (4):
[18:47:25] [Server thread/INFO]: [REI]  - (-100.00) DefaultPlugin of DefaultPlugin [roughlyenoughitems]
[18:47:25] [Server thread/INFO]: [REI]  - (0.00) FabricFluidAPISupportPlugin
[18:47:25] [Server thread/INFO]: [REI]  - (0.00) DefaultRuntimePlugin of DefaultRuntimePlugin [roughlyenoughitems]
[18:47:25] [Server thread/INFO]: [REI]  - (0.00) AlloyForgeryCommonPlugin of AlloyForgeryCommonPlugin [alloy_forgery]
[18:47:25] [Server thread/INFO]: [REI] @@@@@@@@@@@@@@@@@@@@@@@@@@@@@@@@@@@@@@@@
[18:47:25] [Server thread/INFO]: [REI] ----------------------------------------
[18:47:25] [Server thread/INFO]: [REI] REIServerPlugin starting main-reload for START.
[18:47:25] [Server thread/INFO]: [REI] Plugins (4):
[18:47:25] [Server thread/INFO]: [REI]  - (-100.00) DefaultPlugin of DefaultPlugin [roughlyenoughitems]
[18:47:25] [Server thread/INFO]: [REI]  - (0.00) FabricFluidAPISupportPlugin
[18:47:25] [Server thread/INFO]: [REI]  - (0.00) DefaultRuntimePlugin of DefaultRuntimePlugin [roughlyenoughitems]
[18:47:25] [Server thread/INFO]: [REI]  - (0.00) AlloyForgeryCommonPlugin of AlloyForgeryCommonPlugin [alloy_forgery]
[18:47:25] [Server thread/INFO]: [REI] ----------------------------------------
[18:47:25] [Server thread/INFO]: [REI] REIPlugin finished post-reload for START in 1.120 ms, totaling 7.378 ms.
[18:47:25] [Server thread/INFO]: [REI] REIServerPlugin finished post-reload for START in 589.8 μs, totaling 3.719 ms.
[18:47:25] [Server thread/INFO]: [REI] ========================================
[18:47:25] [Server thread/INFO]: [REI] REIPlugin starting main-reload for END.
[18:47:25] [Server thread/INFO]: [REI] Plugins (4):
[18:47:25] [Server thread/INFO]: [REI]  - (-100.00) DefaultPlugin of DefaultPlugin [roughlyenoughitems]
[18:47:25] [Server thread/INFO]: [REI]  - (0.00) FabricFluidAPISupportPlugin
[18:47:25] [Server thread/INFO]: [REI]  - (0.00) DefaultRuntimePlugin of DefaultRuntimePlugin [roughlyenoughitems]
[18:47:25] [Server thread/INFO]: [REI]  - (0.00) AlloyForgeryCommonPlugin of AlloyForgeryCommonPlugin [alloy_forgery]
[18:47:25] [Server thread/INFO]: [REI] ========================================
[18:47:25] [Server thread/INFO]: [REI] ========================================
[18:47:25] [Server thread/INFO]: [REI] REIServerPlugin starting main-reload for END.
[18:47:25] [Server thread/INFO]: [REI] Plugins (4):
[18:47:25] [Server thread/INFO]: [REI]  - (-100.00) DefaultPlugin of DefaultPlugin [roughlyenoughitems]
[18:47:25] [Server thread/INFO]: [REI]  - (0.00) FabricFluidAPISupportPlugin
[18:47:25] [Server thread/INFO]: [REI]  - (0.00) DefaultRuntimePlugin of DefaultRuntimePlugin [roughlyenoughitems]
[18:47:25] [Server thread/INFO]: [REI]  - (0.00) AlloyForgeryCommonPlugin of AlloyForgeryCommonPlugin [alloy_forgery]
[18:47:25] [Server thread/INFO]: [REI] ========================================
[18:47:25] [Server thread/INFO]: [REI] REIPlugin finished post-reload for END in 1.105 ms, totaling 7.107 ms.
[18:47:25] [Server thread/INFO]: [REI] REIServerPlugin finished post-reload for END in 523.8 μs, totaling 5.751 ms.
[18:47:25] [ForkJoinPool.commonPool-worker-1/INFO]: Loaded 118 translation keys
[18:47:25] [Server thread/INFO]: Loaded 3 global temperature effects
[18:47:25] [Server thread/INFO]: Loaded 12 type specific temperature effects
[18:47:25] [Server thread/INFO]: Loaded 296 recipes
[18:47:25] [Server thread/INFO]: Resource tiered:reforge_items/archerreforges1.json was not loaded cause archers:netherite_rapid_shortbow is not a valid item identifier
[18:47:25] [Server thread/INFO]: Resource tiered:reforge_items/archerreforges1.json was not loaded cause archers:netherite_heavy_shortbow is not a valid item identifier
[18:47:25] [Server thread/INFO]: Resource tiered:reforge_items/crossbow.json was not loaded cause archers:mechanical_shortbow is not a valid item identifier
[18:47:25] [Server thread/INFO]: Deserializing default trades of profession: villagersplus:alchemist
[18:47:25] [Server thread/INFO]: Deserializing default trades of profession: villagersplus:horticulturist
[18:47:25] [Server thread/INFO]: Deserializing default trades of profession: villagersplus:occultist
[18:47:25] [Server thread/INFO]: Deserializing default trades of profession: villagersplus:oceanographer
[18:47:25] [Server thread/INFO]: Reloading grave shape (server)
[18:47:25] [Server thread/INFO]: Grave model and shape reload successful (server)
[18:47:25] [Server thread/INFO]: Reloading YIGD graveyard data (server)
[18:47:25] [Server thread/INFO]: Graveyard data successfully reloaded (server)
[18:47:25] [Server thread/INFO]: Reloading YIGD grave area overrides (server)
[18:47:25] [Server thread/INFO]: Grave area overrides successfully reloaded (server)
[18:47:25] [Server thread/INFO]: Loaded 1 global power sets.
[18:47:25] [Server thread/INFO]: Took 12.4352 ms to reload cauldron interactions
[18:47:25] [Server thread/INFO]: Applied 12 data villager trades
[18:47:25] [Server thread/INFO]: [betternether] Freeze Registry[ResourceKey[minecraft:root / worlds_together:worldgen/betterx/surface_rules] (Stable)]
[18:47:25] [Server thread/WARN]: Can't keep up! Is the server overloaded? Running 11608ms or 232 ticks behind
[18:47:26] [Server thread/INFO]: [STDOUT]: Caching sets
[18:47:26] [Server thread/INFO]: File exists, reading config for elocindev.item_obliterator.fabric_quilt.config.ConfigEntries.
[18:47:26] [Server thread/INFO]: Config for elocindev.item_obliterator.fabric_quilt.config.ConfigEntries read successfully.
[18:47:26] [Server thread/INFO]: Sending reload packet to clients
[18:47:26] [Server thread/INFO]: [puffish_skills] Configuration loaded successfully!
[18:47:26] [Server thread/INFO]: [puffish_skills] Data pack `simplyskills` loaded successfully!
[18:47:26] [Server thread/INFO]: Finished reload on Thread[Server thread,5,main]
[18:47:43] [Server thread/WARN]: Can't keep up! Is the server overloaded? Running 2736ms or 54 ticks behind
[18:49:45] [Server thread/INFO]: Named entity class_1641['Phillip'/283, l='ServerLevel[world]', x=-640.75, y=120.00, z=86.20] died: Phillip burned to death
[18:50:21] [Worker-Main-10/WARN]: Tried to access a block entity before it was created. class_2338{x=-772, y=22, z=153}
[18:50:21] [Worker-Main-10/WARN]: Tried to access a block entity before it was created. class_2338{x=-772, y=22, z=153}
[18:50:28] [Server thread/INFO]: Purificador25 has made the advancement [Simple Dungeon Room]
[18:50:46] [Server thread/INFO]: Purificador25 has made the advancement [Crops of the Wild]
[18:51:07] [Server thread/INFO]: Named entity class_1641['Edmundo'/233, l='ServerLevel[world]', x=-562.51, y=118.88, z=22.85] died: Edmundo was slain by Purificador25
[18:51:15] [Server thread/INFO]: Named entity class_1641['Yu'/663, l='ServerLevel[world]', x=-561.62, y=119.00, z=22.86] died: Yu was slain by Purificador25
[18:51:40] [Worker-Main-10/WARN]: Tried to access a block entity before it was created. class_2338{x=-744, y=-46, z=249}
[18:51:40] [Worker-Main-10/WARN]: Tried to access a block entity before it was created. class_2338{x=-744, y=-46, z=249}
[18:51:58] [Server thread/INFO]: Purificador25 has made the advancement [Stay dead]
[18:55:02] [Server thread/INFO]: Purificador25 has made the advancement [Path of Frost]
[18:55:04] [Server thread/INFO]: Purificador25 has made the advancement [Path of Fire]
[18:55:05] [Server thread/INFO]: Purificador25 has made the advancement [Path of Arcane]
[18:56:24] [Server thread/INFO]: Named entity class_5762['Thorny Resistant Undying Starving Axolotl'/406, l='ServerLevel[world]', x=-412.01, y=18.00, z=-91.50] died: Thorny Resistant Undying Starving Axolotl died from dehydration
[18:56:43] [Server thread/INFO]: [Handshake] Sending channel query
[18:56:43] [Netty Epoll Server IO #3/INFO]: [Handshake] Receiving client channels
[18:56:43] [Netty Epoll Server IO #3/INFO]: [Handshake] Handshake completed successfully
[18:56:44] [Server thread/INFO]: MeRebornRekt[/127.189.148.44:49125] logged in with entity id 3556 at (-520.9469733259915, 122.0, 25.640442511938996)
[18:56:44] [Server thread/INFO]: Sending server config values to client
[18:56:45] [Server thread/INFO]: Syncing config to MeRebornRekt (bca94202-89e4-337a-a0ac-6123b2358471)
[18:56:45] [Server thread/INFO]: [betternether] Freeze Registry[ResourceKey[minecraft:root / worlds_together:worldgen/betterx/surface_rules] (Stable)]
[18:56:45] [Server thread/INFO]: MeRebornRekt joined the game
[18:56:45] [Netty Epoll Server IO #3/INFO]: [showmeyourskin] Client of MeRebornRekt accepted server config.
[18:56:45] [Netty Epoll Server IO #3/INFO]: Receiving client config
[18:56:48] [Netty Epoll Server IO #3/INFO]: Priority overwritten for player MeRebornRekt. Claiming: GRAVE / Robbing: INVENTORY
[18:56:48] [Server thread/INFO]: [betternether] Freeze Registry[ResourceKey[minecraft:root / worlds_together:worldgen/betterx/surface_rules] (Stable)]
[18:56:48] [Server thread/INFO]: [bclib] Received Hello from Client. (server=3.0.14, client=3.0.14)
[18:56:48] [Server thread/INFO]: [bclib] Sending Hello to Client. (server=3.0.14)
[18:56:48] [Server thread/INFO]: [bclib] 	- Listing Mod bclib v3.0.14 (size: 2.2 MiB, download=true)
[18:56:48] [Server thread/INFO]: [bclib] 	- Listing Mod betternether v9.0.10 (size: 21.9 MiB, download=true)
[18:56:48] [Server thread/INFO]: [bclib] 	- Offering Config bclib.CONFIG_betternether.main
[18:56:48] [Server thread/INFO]: [bclib] 	- Offering Config bclib.CONFIG_betternether.generator
[18:56:48] [Server thread/INFO]: [bclib] 	- Offering Config bclib.CONFIG_betternether.blocks
[18:56:48] [Server thread/INFO]: [bclib] 	- Offering Config bclib.CONFIG_betternether.items
[18:56:48] [Server thread/INFO]: [bclib] 	- Offering Config bclib.CONFIG_betternether.biomes
[18:56:48] [Server thread/INFO]: [bclib] 	- Offering Config bclib.CONFIG_betternether.mobs
[18:56:48] [Server thread/INFO]: [bclib] 	- Offering Config bclib.CONFIG_bclib.generator
[18:56:48] [Server thread/INFO]: [bclib] 	- Offering Config bclib.CONFIG_bclib.main
[18:56:48] [Server thread/INFO]: [bclib] 	- Offering Config bclib.CONFIG_bclib.biomes
[18:56:48] [Server thread/INFO]: [bclib] 	- Offering Config bclib.CONFIG_betterend.entities
[18:56:48] [Server thread/INFO]: [bclib] 	- Offering Config bclib.CONFIG_betterend.blocks
[18:56:48] [Server thread/INFO]: [bclib] 	- Offering Config bclib.CONFIG_betterend.items
[18:56:48] [Server thread/INFO]: [bclib] 	- Offering Config bclib.CONFIG_betterend.enchantments
[18:56:48] [Server thread/INFO]: [bclib] 	- Offering Folder /workspaces/MSX/servidor_minecraft/bclib-sync (allowDelete=true)
[18:57:10] [Server thread/INFO]: MeRebornRekt has made the advancement [Path of Fire]
[18:57:12] [Server thread/INFO]: MeRebornRekt has made the advancement [Path of Arcane]
[19:00:31] [Server thread/INFO]: Villager class_1646['Sandy'/198, l='ServerLevel[world]', x=-531.96, y=120.00, z=34.63] died, message: 'Sandy was slain by Zombie'
[19:00:31] [Server thread/INFO]: Named entity class_1646['Sandy'/198, l='ServerLevel[world]', x=-531.96, y=120.00, z=34.63] died: Sandy was slain by Zombie
[19:00:44] [Server thread/INFO]: Named entity class_1641['Sandy'/4761, l='ServerLevel[world]', x=-512.61, y=122.00, z=27.63] died: Sandy was shot by Marlys
[19:01:01] [Server thread/INFO]: Named entity GuardEntity['Madison'/295, l='ServerLevel[world]', x=-511.93, y=122.00, z=18.30] died: Madison was slain by Purificador25
[19:01:38] [Server thread/INFO]: MeRebornRekt has made the advancement [Suit Up]
[19:01:48] [Server thread/INFO]: Named entity class_1641['Alexis'/278, l='ServerLevel[world]', x=-607.79, y=126.00, z=137.49] died: Alexis burned to death
[19:02:32] [Server thread/INFO]: Purificador25 has made the advancement [A Seedy Place]
[19:03:09] [Worker-Main-10/WARN]: Unable to read property: type with value: single for blockstate: {Name:"meadow:bench",Properties:{facing:"west",type:"single",waterlogged:"false"}}
[19:03:09] [Worker-Main-10/WARN]: Unable to read property: type with value: single for blockstate: {Name:"meadow:bench",Properties:{facing:"south",type:"single",waterlogged:"false"}}
[19:03:09] [Worker-Main-10/WARN]: Empty height range: biased[-3 absolute--5 absolute inner: 1]
[19:03:19] [Server thread/INFO]: MeRebornRekt has made the advancement [Invitation to the Tea Party]
[19:03:21] [Worker-Main-20/WARN]: Tried to access a block entity before it was created. class_2338{x=-820, y=-56, z=164}
[19:03:21] [Worker-Main-20/WARN]: Tried to access a block entity before it was created. class_2338{x=-820, y=-56, z=162}
[19:03:21] [Worker-Main-20/WARN]: Tried to access a block entity before it was created. class_2338{x=-820, y=-55, z=163}
[19:03:21] [Worker-Main-20/WARN]: Tried to access a block entity before it was created. class_2338{x=-820, y=-56, z=164}
[19:03:21] [Worker-Main-20/WARN]: Tried to access a block entity before it was created. class_2338{x=-820, y=-56, z=162}
[19:03:21] [Worker-Main-20/WARN]: Tried to access a block entity before it was created. class_2338{x=-820, y=-55, z=163}
[19:03:21] [Worker-Main-10/WARN]: Tried to access a block entity before it was created. class_2338{x=-827, y=-57, z=158}
[19:03:21] [Worker-Main-10/WARN]: Tried to access a block entity before it was created. class_2338{x=-827, y=-57, z=158}
[19:03:24] [Worker-Main-2/WARN]: Tried to access a block entity before it was created. class_2338{x=-837, y=-54, z=181}
[19:03:24] [Worker-Main-2/WARN]: Tried to access a block entity before it was created. class_2338{x=-836, y=-53, z=180}
[19:03:24] [Worker-Main-2/WARN]: Tried to access a block entity before it was created. class_2338{x=-837, y=-54, z=181}
[19:03:24] [Worker-Main-2/WARN]: Tried to access a block entity before it was created. class_2338{x=-836, y=-53, z=180}
[19:04:39] [Server thread/INFO]: [MeRebornRekt: Set own game mode to Spectator Mode]
[19:04:40] [Worker-Main-10/WARN]: Tried to access a block entity before it was created. class_2338{x=-859, y=-54, z=234}
[19:04:40] [Worker-Main-10/WARN]: Tried to access a block entity before it was created. class_2338{x=-859, y=-53, z=234}
[19:04:40] [Worker-Main-10/WARN]: Tried to access a block entity before it was created. class_2338{x=-859, y=-54, z=234}
[19:04:40] [Worker-Main-10/WARN]: Tried to access a block entity before it was created. class_2338{x=-859, y=-53, z=234}
[19:08:23] [Server thread/INFO]: Purificador25 has made the advancement [Wild Grapes]
[19:09:50] [Server thread/INFO]: <MeRebornRekt> le falta aji :c
[19:09:53] [Server thread/INFO]: [MeRebornRekt: Set own game mode to Survival Mode]
[19:10:45] [Server thread/INFO]: MeRebornRekt has made the advancement [What's this?]
[19:11:06] [Server thread/INFO]: [MeRebornRekt: Teleported Purificador25 to MeRebornRekt]
[19:11:47] [Server thread/INFO]: MeRebornRekt has made the advancement [Diamonds!]
[19:11:47] [Server thread/INFO]: Purificador25 has made the advancement [What's this?]
[19:11:57] [Server thread/INFO]: Purificador25 has made the advancement [Diamonds!]
[19:14:24] [Server thread/INFO]: [MeRebornRekt: Teleported MeRebornRekt to Purificador25]
[19:15:39] [Worker-Main-4/WARN]: Tried to access a block entity before it was created. class_2338{x=-940, y=-29, z=161}
[19:15:39] [Worker-Main-4/WARN]: Tried to access a block entity before it was created. class_2338{x=-940, y=-29, z=161}
[19:17:40] [Worker-Main-4/WARN]: Empty height range: biased[-3 absolute--5 absolute inner: 1]
[19:17:54] [Server thread/WARN]: Can't keep up! Is the server overloaded? Running 2155ms or 43 ticks behind
[19:18:05] [Worker-Main-4/WARN]: Empty height range: biased[-10 absolute--15 absolute inner: 1]
[19:18:11] [Server thread/WARN]: Can't keep up! Is the server overloaded? Running 2015ms or 40 ticks behind
[19:18:30] [Server thread/INFO]: Named entity class_1642['Alchemist Ghastly Ender Zombie'/13210, l='ServerLevel[world]', x=-940.08, y=99.00, z=-230.49] died: Alchemist Ghastly Ender Zombie was slain by Purificador25
[19:18:47] [Worker-Main-4/WARN]: Empty height range: biased[-10 absolute--15 absolute inner: 1]
[19:18:58] [Server thread/WARN]: Can't keep up! Is the server overloaded? Running 2021ms or 40 ticks behind
[19:19:21] [Server thread/WARN]: Purificador25 moved too quickly! -9.797588695322247,-0.5061351021062137,2.78816468067825
[19:19:21] [Server thread/WARN]: Can't keep up! Is the server overloaded? Running 2252ms or 45 ticks behind
[19:19:59] [Worker-Main-20/WARN]: Empty height range: biased[-3 absolute--5 absolute inner: 1]
[19:20:05] [Server thread/INFO]: Purificador25 has made the advancement [Smashing Success]
[19:21:59] [Worker-Main-4/WARN]: Tried to access a block entity before it was created. class_2338{x=-873, y=-3, z=242}
[19:21:59] [Worker-Main-4/WARN]: Tried to access a block entity before it was created. class_2338{x=-873, y=-3, z=242}
[19:22:20] [Worker-Main-20/WARN]: Empty height range: biased[-3 absolute--5 absolute inner: 1]
[19:22:24] [Server thread/WARN]: Can't keep up! Is the server overloaded? Running 2021ms or 40 ticks behind
[19:22:30] [Worker-Main-10/WARN]: Empty or non-existent pool: kaisyn:village/meadow_swiss/villagers
[19:22:39] [Worker-Main-2/WARN]: Empty height range: [-33 absolute--50 absolute]
[19:22:41] [Server thread/WARN]: Can't keep up! Is the server overloaded? Running 2022ms or 40 ticks behind
[19:23:14] [Worker-Main-20/WARN]: Empty height range: biased[-3 absolute--5 absolute inner: 1]
[19:23:15] [Worker-Main-10/WARN]: Unable to read property: type with value: single for blockstate: {Name:"meadow:bench",Properties:{facing:"east",type:"single",waterlogged:"false"}}
[19:23:15] [Worker-Main-10/WARN]: Unable to read property: type with value: single for blockstate: {Name:"meadow:table",Properties:{facing:"east",type:"single",waterlogged:"false"}}
[19:23:20] [Server thread/WARN]: Can't keep up! Is the server overloaded? Running 5915ms or 118 ticks behind
[19:23:20] [Worker-Main-10/WARN]: Tried to access a block entity before it was created. class_2338{x=-1126, y=226, z=24}
[19:23:20] [Worker-Main-10/WARN]: Tried to access a block entity before it was created. class_2338{x=-1126, y=226, z=24}
[19:24:56] [Server thread/WARN]: Purificador25 moved too quickly! -4.754470046709457,2.249187078744683,-8.898819521506027
[19:24:56] [Server thread/WARN]: Can't keep up! Is the server overloaded? Running 5434ms or 108 ticks behind
[19:24:57] [Worker-Main-4/WARN]: Empty height range: biased[-10 absolute--15 absolute inner: 1]
[19:25:00] [Server thread/INFO]: Purificador25 has made the advancement [Safe Haven]
[19:25:52] [Server thread/INFO]: Named entity WanderingBakerEntity['Salvatore'/16293, l='ServerLevel[world]', x=-727.11, y=113.00, z=-44.54] died: Salvatore was slain by Zombie
[19:25:56] [Server thread/INFO]: Purificador25 has made the advancement [The Parrots and the Bats]
[19:26:56] [Worker-Main-20/WARN]: Tried to access a block entity before it was created. class_2338{x=-1355, y=136, z=-705}
[19:26:56] [Worker-Main-20/WARN]: Tried to access a block entity before it was created. class_2338{x=-1355, y=136, z=-705}
[19:27:17] [Worker-Main-4/WARN]: Empty height range: biased[-3 absolute--5 absolute inner: 1]
[19:27:27] [Server thread/WARN]: Can't keep up! Is the server overloaded? Running 2014ms or 40 ticks behind
[19:27:32] [Worker-Main-10/WARN]: Empty height range: biased[-3 absolute--5 absolute inner: 1]
[19:27:43] [Worker-Main-4/WARN]: Empty height range: biased[-10 absolute--15 absolute inner: 1]
[19:27:48] [Server thread/WARN]: Can't keep up! Is the server overloaded? Running 6086ms or 121 ticks behind
[19:27:56] [Netty Epoll Server IO #3/ERROR]: Server handling Packets.C2S_AttackRequest - No current attack hand!
[19:27:56] [Netty Epoll Server IO #3/ERROR]: Combo count: 0 is dual wielding: false
[19:27:56] [Netty Epoll Server IO #3/ERROR]: Main-hand stack: 28 cherries
[19:27:56] [Netty Epoll Server IO #3/ERROR]: Off-hand stack: 0 air
[19:27:56] [Netty Epoll Server IO #3/ERROR]: Selected slot server: 4 | client: 0
[19:27:57] [Netty Epoll Server IO #3/ERROR]: Server handling Packets.C2S_AttackRequest - No current attack hand!
[19:27:57] [Netty Epoll Server IO #3/ERROR]: Combo count: 1 is dual wielding: false
[19:27:57] [Netty Epoll Server IO #3/ERROR]: Main-hand stack: 28 cherries
[19:27:57] [Netty Epoll Server IO #3/ERROR]: Off-hand stack: 0 air
[19:27:57] [Netty Epoll Server IO #3/ERROR]: Selected slot server: 4 | client: 0
[19:27:57] [Netty Epoll Server IO #3/ERROR]: Server handling Packets.C2S_AttackRequest - No current attack hand!
[19:27:57] [Netty Epoll Server IO #3/ERROR]: Combo count: 2 is dual wielding: false
[19:27:57] [Netty Epoll Server IO #3/ERROR]: Main-hand stack: 28 cherries
[19:27:57] [Netty Epoll Server IO #3/ERROR]: Off-hand stack: 0 air
[19:27:57] [Netty Epoll Server IO #3/ERROR]: Selected slot server: 4 | client: 0
[19:27:58] [Netty Epoll Server IO #3/ERROR]: Server handling Packets.C2S_AttackRequest - No current attack hand!
[19:27:58] [Netty Epoll Server IO #3/ERROR]: Combo count: 3 is dual wielding: false
[19:27:58] [Netty Epoll Server IO #3/ERROR]: Main-hand stack: 28 cherries
[19:27:58] [Netty Epoll Server IO #3/ERROR]: Off-hand stack: 0 air
[19:27:58] [Netty Epoll Server IO #3/ERROR]: Selected slot server: 4 | client: 0
[19:27:58] [Server thread/WARN]: Purificador25 moved too quickly! -9.839894024839623,0.0,-2.2022683575573865
[19:27:58] [Server thread/WARN]: MeRebornRekt moved too quickly! 9.711102461938594,0.49520087700592796,2.7226399998565185
[19:28:10] [Server thread/INFO]: Purificador25 has made the advancement [Penteconter]
[19:28:11] [Worker-Main-2/INFO]: [STDOUT]: []
[19:28:15] [Server thread/WARN]: Can't keep up! Is the server overloaded? Running 11728ms or 234 ticks behind
[19:28:16] [Worker-Main-10/WARN]: Tried to access a block entity before it was created. class_2338{x=-826, y=-54, z=275}
[19:28:16] [Worker-Main-10/WARN]: Tried to access a block entity before it was created. class_2338{x=-828, y=-54, z=275}
[19:28:16] [Worker-Main-10/WARN]: Tried to access a block entity before it was created. class_2338{x=-827, y=-53, z=275}
[19:28:16] [Worker-Main-10/WARN]: Tried to access a block entity before it was created. class_2338{x=-826, y=-54, z=275}
[19:28:16] [Worker-Main-10/WARN]: Tried to access a block entity before it was created. class_2338{x=-828, y=-54, z=275}
[19:28:16] [Worker-Main-10/WARN]: Tried to access a block entity before it was created. class_2338{x=-827, y=-53, z=275}
[19:28:21] [Worker-Main-2/WARN]: Tried to access a block entity before it was created. class_2338{x=-817, y=-32, z=288}
[19:28:21] [Worker-Main-2/WARN]: Tried to access a block entity before it was created. class_2338{x=-817, y=-32, z=288}
[19:28:31] [Server thread/INFO]: Named entity class_1641['Miyoko'/275, l='ServerLevel[world]', x=-651.02, y=121.00, z=118.55] died: Miyoko was slain by MeRebornRekt
[19:28:37] [Server thread/WARN]: Can't keep up! Is the server overloaded? Running 7372ms or 147 ticks behind
[19:28:42] [Server thread/INFO]: [STDOUT]: []
[19:28:44] [Worker-Main-2/WARN]: Empty height range: biased[-10 absolute--15 absolute inner: 1]
[19:28:49] [Server thread/INFO]: Purificador25 has reached the goal [The Myths Were True]
[19:28:59] [Worker-Main-2/WARN]: Empty height range: biased[-3 absolute--5 absolute inner: 1]
[19:28:59] [Server thread/WARN]: Can't keep up! Is the server overloaded? Running 6953ms or 139 ticks behind
[19:29:18] [Server thread/WARN]: Can't keep up! Is the server overloaded? Running 3198ms or 63 ticks behind
[19:29:32] [Server thread/INFO]: Purificador25 has made the advancement [Amateur Archaeologist]
[19:29:36] [Server thread/WARN]: Can't keep up! Is the server overloaded? Running 3110ms or 62 ticks behind
[19:29:54] [Server thread/WARN]: Can't keep up! Is the server overloaded? Running 3334ms or 66 ticks behind
[19:30:05] [Server thread/WARN]: Purificador25 moved wrongly!
[19:30:12] [Worker-Main-10/WARN]: Empty height range: biased[-10 absolute--15 absolute inner: 1]
[19:30:14] [Netty Epoll Server IO #3/ERROR]: Server handling Packets.C2S_AttackRequest - No current attack hand!
[19:30:14] [Netty Epoll Server IO #3/ERROR]: Combo count: 0 is dual wielding: false
[19:30:14] [Netty Epoll Server IO #3/ERROR]: Main-hand stack: 0 air
[19:30:14] [Netty Epoll Server IO #3/ERROR]: Off-hand stack: 1 shield
[19:30:14] [Netty Epoll Server IO #3/ERROR]: Selected slot server: 5 | client: 0
[19:30:15] [Netty Epoll Server IO #3/ERROR]: Server handling Packets.C2S_AttackRequest - No current attack hand!
[19:30:15] [Netty Epoll Server IO #3/ERROR]: Combo count: 1 is dual wielding: false
[19:30:15] [Netty Epoll Server IO #3/ERROR]: Main-hand stack: 0 air
[19:30:15] [Netty Epoll Server IO #3/ERROR]: Off-hand stack: 1 shield
[19:30:15] [Netty Epoll Server IO #3/ERROR]: Selected slot server: 5 | client: 0
[19:30:16] [Netty Epoll Server IO #3/ERROR]: Server handling Packets.C2S_AttackRequest - No current attack hand!
[19:30:16] [Netty Epoll Server IO #3/ERROR]: Combo count: 2 is dual wielding: false
[19:30:16] [Netty Epoll Server IO #3/ERROR]: Main-hand stack: 0 air
[19:30:16] [Netty Epoll Server IO #3/ERROR]: Off-hand stack: 1 shield
[19:30:16] [Netty Epoll Server IO #3/ERROR]: Selected slot server: 5 | client: 0
[19:30:16] [Netty Epoll Server IO #3/ERROR]: Server handling Packets.C2S_AttackRequest - No current attack hand!
[19:30:16] [Netty Epoll Server IO #3/ERROR]: Combo count: 3 is dual wielding: false
[19:30:16] [Netty Epoll Server IO #3/ERROR]: Main-hand stack: 0 air
[19:30:16] [Netty Epoll Server IO #3/ERROR]: Off-hand stack: 1 shield
[19:30:16] [Netty Epoll Server IO #3/ERROR]: Selected slot server: 5 | client: 0
[19:30:17] [Netty Epoll Server IO #3/ERROR]: Server handling Packets.C2S_AttackRequest - No current attack hand!
[19:30:17] [Netty Epoll Server IO #3/ERROR]: Combo count: 4 is dual wielding: false
[19:30:17] [Netty Epoll Server IO #3/ERROR]: Main-hand stack: 0 air
[19:30:17] [Netty Epoll Server IO #3/ERROR]: Off-hand stack: 1 shield
[19:30:17] [Netty Epoll Server IO #3/ERROR]: Selected slot server: 5 | client: 0
[19:30:17] [Netty Epoll Server IO #3/ERROR]: Server handling Packets.C2S_AttackRequest - No current attack hand!
[19:30:17] [Netty Epoll Server IO #3/ERROR]: Combo count: 5 is dual wielding: false
[19:30:17] [Netty Epoll Server IO #3/ERROR]: Main-hand stack: 0 air
[19:30:17] [Netty Epoll Server IO #3/ERROR]: Off-hand stack: 1 shield
[19:30:17] [Netty Epoll Server IO #3/ERROR]: Selected slot server: 5 | client: 0
[19:30:18] [Netty Epoll Server IO #3/ERROR]: Server handling Packets.C2S_AttackRequest - No current attack hand!
[19:30:18] [Netty Epoll Server IO #3/ERROR]: Combo count: 6 is dual wielding: false
[19:30:18] [Netty Epoll Server IO #3/ERROR]: Main-hand stack: 0 air
[19:30:18] [Netty Epoll Server IO #3/ERROR]: Off-hand stack: 1 shield
[19:30:18] [Netty Epoll Server IO #3/ERROR]: Selected slot server: 5 | client: 0
[19:30:18] [Netty Epoll Server IO #3/ERROR]: Server handling Packets.C2S_AttackRequest - No current attack hand!
[19:30:18] [Netty Epoll Server IO #3/ERROR]: Combo count: 7 is dual wielding: false
[19:30:18] [Netty Epoll Server IO #3/ERROR]: Main-hand stack: 0 air
[19:30:18] [Netty Epoll Server IO #3/ERROR]: Off-hand stack: 1 shield
[19:30:18] [Netty Epoll Server IO #3/ERROR]: Selected slot server: 5 | client: 0
[19:30:19] [Netty Epoll Server IO #3/ERROR]: Server handling Packets.C2S_AttackRequest - No current attack hand!
[19:30:19] [Netty Epoll Server IO #3/ERROR]: Combo count: 8 is dual wielding: false
[19:30:19] [Netty Epoll Server IO #3/ERROR]: Main-hand stack: 0 air
[19:30:19] [Netty Epoll Server IO #3/ERROR]: Off-hand stack: 1 shield
[19:30:19] [Netty Epoll Server IO #3/ERROR]: Selected slot server: 5 | client: 0
[19:30:19] [Worker-Main-20/WARN]: Empty height range: biased[-3 absolute--5 absolute inner: 1]
[19:30:19] [Netty Epoll Server IO #3/ERROR]: Server handling Packets.C2S_AttackRequest - No current attack hand!
[19:30:19] [Netty Epoll Server IO #3/ERROR]: Combo count: 9 is dual wielding: false
[19:30:19] [Netty Epoll Server IO #3/ERROR]: Main-hand stack: 0 air
[19:30:19] [Netty Epoll Server IO #3/ERROR]: Off-hand stack: 1 shield
[19:30:19] [Netty Epoll Server IO #3/ERROR]: Selected slot server: 5 | client: 0
[19:30:20] [Netty Epoll Server IO #3/ERROR]: Server handling Packets.C2S_AttackRequest - No current attack hand!
[19:30:20] [Netty Epoll Server IO #3/ERROR]: Combo count: 10 is dual wielding: false
[19:30:20] [Netty Epoll Server IO #3/ERROR]: Main-hand stack: 0 air
[19:30:20] [Netty Epoll Server IO #3/ERROR]: Off-hand stack: 1 shield
[19:30:20] [Netty Epoll Server IO #3/ERROR]: Selected slot server: 5 | client: 0
[19:30:20] [Netty Epoll Server IO #3/ERROR]: Server handling Packets.C2S_AttackRequest - No current attack hand!
[19:30:20] [Netty Epoll Server IO #3/ERROR]: Combo count: 11 is dual wielding: false
[19:30:20] [Netty Epoll Server IO #3/ERROR]: Main-hand stack: 0 air
[19:30:20] [Netty Epoll Server IO #3/ERROR]: Off-hand stack: 1 shield
[19:30:20] [Netty Epoll Server IO #3/ERROR]: Selected slot server: 5 | client: 0
[19:30:21] [Netty Epoll Server IO #3/ERROR]: Server handling Packets.C2S_AttackRequest - No current attack hand!
[19:30:21] [Netty Epoll Server IO #3/ERROR]: Combo count: 12 is dual wielding: false
[19:30:21] [Netty Epoll Server IO #3/ERROR]: Main-hand stack: 0 air
[19:30:21] [Netty Epoll Server IO #3/ERROR]: Off-hand stack: 1 shield
[19:30:21] [Netty Epoll Server IO #3/ERROR]: Selected slot server: 5 | client: 0
[19:30:22] [Netty Epoll Server IO #3/ERROR]: Server handling Packets.C2S_AttackRequest - No current attack hand!
[19:30:22] [Netty Epoll Server IO #3/ERROR]: Combo count: 0 is dual wielding: false
[19:30:22] [Netty Epoll Server IO #3/ERROR]: Main-hand stack: 0 air
[19:30:22] [Netty Epoll Server IO #3/ERROR]: Off-hand stack: 1 shield
[19:30:22] [Netty Epoll Server IO #3/ERROR]: Selected slot server: 5 | client: 0
[19:30:23] [Netty Epoll Server IO #3/ERROR]: Server handling Packets.C2S_AttackRequest - No current attack hand!
[19:30:23] [Netty Epoll Server IO #3/ERROR]: Combo count: 1 is dual wielding: false
[19:30:23] [Netty Epoll Server IO #3/ERROR]: Main-hand stack: 0 air
[19:30:23] [Netty Epoll Server IO #3/ERROR]: Off-hand stack: 1 shield
[19:30:23] [Netty Epoll Server IO #3/ERROR]: Selected slot server: 5 | client: 0
[19:30:23] [Netty Epoll Server IO #3/ERROR]: Server handling Packets.C2S_AttackRequest - No current attack hand!
[19:30:23] [Netty Epoll Server IO #3/ERROR]: Combo count: 2 is dual wielding: false
[19:30:23] [Netty Epoll Server IO #3/ERROR]: Main-hand stack: 0 air
[19:30:23] [Netty Epoll Server IO #3/ERROR]: Off-hand stack: 1 shield
[19:30:23] [Netty Epoll Server IO #3/ERROR]: Selected slot server: 5 | client: 0
[19:30:24] [Netty Epoll Server IO #3/ERROR]: Server handling Packets.C2S_AttackRequest - No current attack hand!
[19:30:24] [Netty Epoll Server IO #3/ERROR]: Combo count: 3 is dual wielding: false
[19:30:24] [Netty Epoll Server IO #3/ERROR]: Main-hand stack: 0 air
[19:30:24] [Netty Epoll Server IO #3/ERROR]: Off-hand stack: 1 shield
[19:30:24] [Netty Epoll Server IO #3/ERROR]: Selected slot server: 5 | client: 0
[19:30:26] [Server thread/WARN]: Can't keep up! Is the server overloaded? Running 17394ms or 347 ticks behind
[19:30:40] [Worker-Main-10/WARN]: Empty height range: biased[-10 absolute--15 absolute inner: 1]
[19:30:49] [Server thread/WARN]: Can't keep up! Is the server overloaded? Running 7584ms or 151 ticks behind
[19:31:01] [Server thread/INFO]: [STDOUT]: []
[19:31:08] [Server thread/WARN]: Can't keep up! Is the server overloaded? Running 4308ms or 86 ticks behind
[19:31:26] [Server thread/INFO]: MeRebornRekt has made the advancement [Not Today, Thank You]
[19:31:26] [Server thread/WARN]: Can't keep up! Is the server overloaded? Running 2633ms or 52 ticks behind
[19:31:44] [Server thread/WARN]: Can't keep up! Is the server overloaded? Running 2914ms or 58 ticks behind
[19:31:56] [Server thread/INFO]: Purificador25 has made the advancement [Novice Spellcaster]
[19:32:01] [Server thread/WARN]: Can't keep up! Is the server overloaded? Running 2827ms or 56 ticks behind
[19:32:10] [Server thread/INFO]: [MeRebornRekt: Teleported Purificador25 to MeRebornRekt]
[19:36:10] [Server thread/INFO]: MeRebornRekt has made the advancement [Ice Bucket Challenge]
[19:41:35] [Server thread/INFO]: MeRebornRekt has made the advancement [Ol' Betsy]
[19:45:38] [Server thread/INFO]: Purificador25 has made the advancement [World of illusion]
[19:46:36] [Server thread/WARN]: Purificador25 moved too quickly! 4.901622885924098,3.2122731292522815,-8.250976431909436
[19:46:36] [Server thread/WARN]: Can't keep up! Is the server overloaded? Running 2853ms or 57 ticks behind
[19:46:43] [Server thread/INFO]: MeRebornRekt has made the advancement [Voluntary Exile]
[19:50:56] [Server thread/INFO]: Purificador25 has made the advancement [Enchanter]
[19:52:13] [Server thread/INFO]: Purificador25 has made the advancement [Ice Bucket Challenge]
[19:52:36] [Server thread/WARN]: Can't keep up! Is the server overloaded? Running 2042ms or 40 ticks behind
[19:52:59] [Server thread/INFO]: [STDOUT]: []
[19:53:13] [Server thread/WARN]: Can't keep up! Is the server overloaded? Running 2002ms or 40 ticks behind
[19:53:41] [Server thread/ERROR]: Unable to fill loot chest in ResourceKey[minecraft:dimension / minecraft:overworld] at class_2338{x=-646, y=114, z=298} as the loot table 'ctov:pillager_outpost/halloween/tower' couldn't be resolved! Please search the loot table in `latest.log` to see if there are errors in loading.
[19:53:41] [Server thread/INFO]: MeRebornRekt has made the advancement [Close Quarters]
[19:54:01] [Server thread/ERROR]: Unable to fill loot chest in ResourceKey[minecraft:dimension / minecraft:overworld] at class_2338{x=-645, y=114, z=297} as the loot table 'ctov:pillager_outpost/halloween/tower' couldn't be resolved! Please search the loot table in `latest.log` to see if there are errors in loading.
[19:54:30] [Server thread/INFO]: [MeRebornRekt: Set the time to 1000]
[19:54:31] [Server thread/WARN]: Can't keep up! Is the server overloaded? Running 2008ms or 40 ticks behind
[19:54:36] [Server thread/INFO]: [STDOUT]: []
[19:54:48] [Server thread/WARN]: Can't keep up! Is the server overloaded? Running 2254ms or 45 ticks behind
[19:55:03] [Server thread/INFO]: [STDOUT]: []
[19:55:14] [Server thread/INFO]: [STDOUT]: []
[19:55:19] [Server thread/WARN]: Can't keep up! Is the server overloaded? Running 2018ms or 40 ticks behind
[19:55:24] [Server thread/INFO]: [STDOUT]: []
[19:55:29] [Server thread/INFO]: [STDOUT]: []
[19:55:37] [Server thread/INFO]: [STDOUT]: []
[19:55:52] [Server thread/INFO]: [STDOUT]: []
[19:56:08] [Worker-Main-20/WARN]: Tried to access a block entity before it was created. class_2338{x=-881, y=21, z=243}
[19:56:08] [Worker-Main-20/WARN]: Tried to access a block entity before it was created. class_2338{x=-881, y=22, z=242}
[19:56:08] [Worker-Main-20/WARN]: Tried to access a block entity before it was created. class_2338{x=-881, y=21, z=243}
[19:56:08] [Worker-Main-20/WARN]: Tried to access a block entity before it was created. class_2338{x=-881, y=22, z=242}
[19:56:08] [Worker-Main-20/WARN]: Tried to access a block entity before it was created. class_2338{x=-884, y=21, z=273}
[19:56:08] [Worker-Main-20/WARN]: Tried to access a block entity before it was created. class_2338{x=-884, y=21, z=273}
[19:56:09] [Worker-Main-4/WARN]: Tried to access a block entity before it was created. class_2338{x=-891, y=-31, z=348}
[19:56:09] [Worker-Main-4/WARN]: Tried to access a block entity before it was created. class_2338{x=-892, y=-31, z=346}
[19:56:09] [Worker-Main-4/WARN]: Tried to access a block entity before it was created. class_2338{x=-891, y=-31, z=348}
[19:56:09] [Worker-Main-4/WARN]: Tried to access a block entity before it was created. class_2338{x=-892, y=-31, z=346}
[19:56:21] [Server thread/INFO]: [MeRebornRekt: Set own game mode to Creative Mode]
[19:56:30] [Server thread/INFO]: [MeRebornRekt: Set own game mode to Survival Mode]
[19:56:55] [Server thread/INFO]: [STDOUT]: []
[19:57:10] [Server thread/INFO]: [STDOUT]: []
[19:57:19] [Server thread/INFO]: [STDOUT]: []
[19:57:41] [Server thread/INFO]: MeRebornRekt has made the advancement [Goody Bag]
[19:58:13] [Server thread/INFO]: Purificador25 has made the advancement [Goody Bag]
[19:58:53] [Server thread/INFO]: Villager class_1646['Minh'/40469, l='ServerLevel[world]', x=-533.18, y=120.00, z=40.14] died, message: 'Minh was slain by Zombie'
[19:58:53] [Server thread/INFO]: Named entity class_1646['Minh'/40469, l='ServerLevel[world]', x=-533.18, y=120.00, z=40.14] died: Minh was slain by Zombie
[19:59:00] [Server thread/INFO]: MeRebornRekt has made the advancement [Backpack Beginnings]
[19:59:03] [Server thread/INFO]: Named entity class_1641['Minh'/41591, l='ServerLevel[world]', x=-541.28, y=120.00, z=43.01] died: Minh was slain by Golem Kit Golem
[19:59:33] [Server thread/INFO]: [MeRebornRekt: Set own game mode to Creative Mode]
[19:59:43] [Server thread/INFO]: [MeRebornRekt: Set own game mode to Survival Mode]
[19:59:52] [Server thread/INFO]: MeRebornRekt has made the advancement [Leveling Up]
[20:00:26] [Server thread/INFO]: Purificador25 has made the advancement [Backpack Beginnings]
[20:02:02] [Server thread/INFO]: [MeRebornRekt: Teleported MeRebornRekt to Purificador25]
[20:02:30] [Worker-Main-20/WARN]: Moog's Voyager Structures: Empty or nonexistent pool: mvs:farm/side_pool which is being called from mvs:other_decoration/wooden_wheat_farm
[20:02:40] [Server thread/INFO]: Villager class_1646['Charline'/31661, l='ServerLevel[world]', x=-491.56, y=125.00, z=-41.51] died, message: 'Charline was shot by Provoker'
[20:02:40] [Server thread/INFO]: Named entity class_1646['Charline'/31661, l='ServerLevel[world]', x=-491.56, y=125.00, z=-41.51] died: Charline was shot by Provoker
[20:02:41] [Server thread/WARN]: Can't keep up! Is the server overloaded? Running 2023ms or 40 ticks behind
[20:02:48] [Server thread/INFO]: Villager class_1646['Chadwick'/31559, l='ServerLevel[world]', x=-501.69, y=125.00, z=-34.68] died, message: 'Chadwick was slain by Basher'
[20:02:48] [Server thread/INFO]: Named entity class_1646['Chadwick'/31559, l='ServerLevel[world]', x=-501.69, y=125.00, z=-34.68] died: Chadwick was slain by Basher
[20:02:54] [Server thread/INFO]: Villager class_1646['Dale'/31534, l='ServerLevel[world]', x=-505.45, y=125.00, z=-25.99] died, message: 'Dale was slain by Basher'
[20:02:54] [Server thread/INFO]: Named entity class_1646['Dale'/31534, l='ServerLevel[world]', x=-505.45, y=125.00, z=-25.99] died: Dale was slain by Basher
[20:03:00] [Server thread/WARN]: Can't keep up! Is the server overloaded? Running 2616ms or 52 ticks behind
[20:03:09] [Server thread/INFO]: Villager class_1646['Barbie'/31606, l='ServerLevel[world]', x=-487.03, y=125.00, z=-41.54] died, message: 'Barbie was impaled by Marauder'
[20:03:09] [Server thread/INFO]: Named entity class_1646['Barbie'/31606, l='ServerLevel[world]', x=-487.03, y=125.00, z=-41.54] died: Barbie was impaled by Marauder
[20:03:19] [Server thread/WARN]: Can't keep up! Is the server overloaded? Running 3872ms or 77 ticks behind
[20:03:19] [Server thread/INFO]: Villager class_1646['Lauralee'/43852, l='ServerLevel[world]', x=-466.22, y=112.00, z=-9.78] died, message: 'Lauralee was slain by Zombie'
[20:03:19] [Server thread/INFO]: Named entity class_1646['Lauralee'/43852, l='ServerLevel[world]', x=-466.22, y=112.00, z=-9.78] died: Lauralee was slain by Zombie
[20:03:36] [Server thread/WARN]: Can't keep up! Is the server overloaded? Running 2285ms or 45 ticks behind
[20:03:44] [Server thread/INFO]: Villager class_1646['Serina'/31554, l='ServerLevel[world]', x=-486.67, y=126.06, z=-37.80] died, message: 'Serina was shot by Provoker'
[20:03:44] [Server thread/INFO]: Named entity class_1646['Serina'/31554, l='ServerLevel[world]', x=-486.67, y=126.06, z=-37.80] died: Serina was shot by Provoker
[20:03:46] [Server thread/INFO]: MeRebornRekt has made the advancement [False Water]
[20:03:48] [Server thread/INFO]: Villager class_1646['Dewey'/44336, l='ServerLevel[world]', x=-568.45, y=104.00, z=-31.60] died, message: 'Dewey was slain by Zombie'
[20:03:48] [Server thread/INFO]: Named entity class_1646['Dewey'/44336, l='ServerLevel[world]', x=-568.45, y=104.00, z=-31.60] died: Dewey was slain by Zombie
[20:03:55] [Server thread/INFO]: Villager class_1646['Gerald'/44560, l='ServerLevel[world]', x=-521.51, y=122.00, z=22.77] died, message: 'Gerald was slain by Ghoul'
[20:03:55] [Server thread/INFO]: Named entity class_1646['Gerald'/44560, l='ServerLevel[world]', x=-521.51, y=122.00, z=22.77] died: Gerald was slain by Ghoul
[20:04:00] [Server thread/INFO]: MeRebornRekt has made the advancement [Stay dead]
[20:04:03] [Server thread/INFO]: Villager class_1646['Latonia'/44703, l='ServerLevel[world]', x=-640.49, y=115.92, z=42.76] died, message: 'Latonia was slain by Vindicator'
[20:04:03] [Server thread/INFO]: Named entity class_1646['Latonia'/44703, l='ServerLevel[world]', x=-640.49, y=115.92, z=42.76] died: Latonia was slain by Vindicator
[20:04:05] [Server thread/WARN]: Can't keep up! Is the server overloaded? Running 2019ms or 40 ticks behind
[20:04:07] [Server thread/INFO]: MeRebornRekt has made the advancement [Source of Evil]
[20:04:22] [Server thread/WARN]: Can't keep up! Is the server overloaded? Running 2009ms or 40 ticks behind
[20:04:26] [Worker-Main-2/WARN]: Empty height range: biased[-10 absolute--15 absolute inner: 1]
[20:05:18] [Server thread/INFO]: Villager class_1646['Eloy'/44723, l='ServerLevel[world]', x=-490.70, y=114.02, z=-41.19] died, message: 'Eloy was slain by Zombie'
[20:05:18] [Server thread/INFO]: Named entity class_1646['Eloy'/44723, l='ServerLevel[world]', x=-490.70, y=114.02, z=-41.19] died: Eloy was slain by Zombie
[20:05:30] [Server thread/INFO]: Villager class_1646['Janay'/44724, l='ServerLevel[world]', x=-492.70, y=113.05, z=-34.49] died, message: 'Janay was slain by Zombie'
[20:05:30] [Server thread/INFO]: Named entity class_1646['Janay'/44724, l='ServerLevel[world]', x=-492.70, y=113.05, z=-34.49] died: Janay was slain by Zombie
[20:06:34] [Worker-Main-4/WARN]: Tried to access a block entity before it was created. class_2338{x=-730, y=126, z=-704}
[20:06:34] [Worker-Main-4/WARN]: Tried to access a block entity before it was created. class_2338{x=-730, y=126, z=-704}
[20:07:18] [Server thread/WARN]: Can't keep up! Is the server overloaded? Running 2013ms or 40 ticks behind
[20:07:19] [Worker-Main-2/WARN]: Tried to access a block entity before it was created. class_2338{x=-773, y=-22, z=-807}
[20:07:42] [Server thread/WARN]: Can't keep up! Is the server overloaded? Running 2001ms or 40 ticks behind
[20:08:13] [Worker-Main-20/WARN]: Empty height range: biased[-3 absolute--5 absolute inner: 1]
[20:08:13] [Server thread/WARN]: Can't keep up! Is the server overloaded? Running 2681ms or 53 ticks behind
[20:08:33] [Server thread/WARN]: Can't keep up! Is the server overloaded? Running 5119ms or 102 ticks behind
[20:08:52] [Server thread/WARN]: Can't keep up! Is the server overloaded? Running 3314ms or 66 ticks behind
[20:09:21] [Server thread/WARN]: Can't keep up! Is the server overloaded? Running 2003ms or 40 ticks behind
[20:09:26] [Server thread/INFO]: Named entity class_1642['Starving Toxic Deflector Lifesteal Zombie'/49206, l='ServerLevel[world]', x=-466.98, y=126.00, z=-24.83] died: Starving Toxic Deflector Lifesteal Zombie was slain by Iron Golem
[20:09:44] [Server thread/WARN]: Can't keep up! Is the server overloaded? Running 2001ms or 40 ticks behind
[20:09:50] [Worker-Main-20/WARN]: Tried to access a block entity before it was created. class_2338{x=134, y=-17, z=-617}
[20:09:50] [Worker-Main-20/WARN]: Tried to access a block entity before it was created. class_2338{x=133, y=-17, z=-618}
[20:09:50] [Worker-Main-20/WARN]: Tried to access a block entity before it was created. class_2338{x=134, y=-17, z=-617}
[20:09:50] [Worker-Main-20/WARN]: Tried to access a block entity before it was created. class_2338{x=133, y=-17, z=-618}
[20:09:50] [Worker-Main-20/ERROR]: No key selector in MapLike[{event_delay:0,event_distance:0.0f,range:16,source:{source_entity:[I;672061792,-366263352,-1752079043,-405291646],type:"minecraft:entity",y_offset:0.36f}}]
[20:09:51] [Worker-Main-4/ERROR]: No key selector in MapLike[{event_delay:0,event_distance:0.0f,range:16,source:{source_entity:[I;176865803,-972338229,-2060744252,-623071664],type:"minecraft:entity",y_offset:0.36f}}]
[20:10:03] [Server thread/WARN]: Can't keep up! Is the server overloaded? Running 4792ms or 95 ticks behind
[20:10:12] [Worker-Main-20/WARN]: Empty height range: biased[-10 absolute--15 absolute inner: 1]
[20:10:24] [Server thread/INFO]: Purificador25 has made the advancement [Voluntary Exile]
[20:10:24] [Server thread/WARN]: Can't keep up! Is the server overloaded? Running 2076ms or 41 ticks behind
[20:12:10] [Server thread/WARN]: Can't keep up! Is the server overloaded? Running 2012ms or 40 ticks behind
[20:12:58] [Server thread/WARN]: Can't keep up! Is the server overloaded? Running 2004ms or 40 ticks behind
[20:14:07] [Server thread/WARN]: Can't keep up! Is the server overloaded? Running 2005ms or 40 ticks behind
[20:16:13] [Server thread/WARN]: Can't keep up! Is the server overloaded? Running 2005ms or 40 ticks behind
[20:16:52] [Server thread/WARN]: Can't keep up! Is the server overloaded? Running 2002ms or 40 ticks behind
[20:16:55] [Server thread/INFO]: Villager class_1646['Jerrod'/31525, l='ServerLevel[world]', x=-509.57, y=126.56, z=-42.24] died, message: 'Jerrod was slain by Vindicator'
[20:16:55] [Server thread/INFO]: Named entity class_1646['Jerrod'/31525, l='ServerLevel[world]', x=-509.57, y=126.56, z=-42.24] died: Jerrod was slain by Vindicator
[20:18:33] [Server thread/INFO]: Purificador25 has completed the challenge [Centennial]
[20:24:26] [Server thread/INFO]: Purificador25 has made the advancement [Leveling Up]
[20:24:30] [Server thread/INFO]: Purificador25 has made the advancement [Gilded Expansions]
[20:26:16] [Server thread/INFO]: Purificador25 has made the advancement [Legendary Bang]
[20:26:51] [Server thread/WARN]: Can't keep up! Is the server overloaded? Running 2052ms or 41 ticks behind
[20:29:40] [Server thread/INFO]: Villager class_1646['Seth'/31655, l='ServerLevel[world]', x=-487.30, y=126.00, z=-37.50] died, message: 'Seth was slain by Zombie'
[20:29:40] [Server thread/INFO]: Named entity class_1646['Seth'/31655, l='ServerLevel[world]', x=-487.30, y=126.00, z=-37.50] died: Seth was slain by Zombie
[20:29:47] [Server thread/INFO]: MeRebornRekt fell from a high place
[20:29:48] [Server thread/INFO]: [STDOUT]: copyFrom?
[20:29:48] [Server thread/INFO]: [STDOUT]: alive?
[20:30:07] [Server thread/INFO]: [MeRebornRekt: Set own game mode to Creative Mode]
[20:30:24] [Server thread/INFO]: MeRebornRekt claimed a grave belonging to MeRebornRekt at -611, 130, 206, minecraft:overworld
[20:30:59] [Server thread/WARN]: Can't keep up! Is the server overloaded? Running 2036ms or 40 ticks behind
[20:31:06] [Worker-Main-2/WARN]: Tried to access a block entity before it was created. class_2338{x=-914, y=22, z=300}
[20:31:06] [Worker-Main-2/WARN]: Tried to access a block entity before it was created. class_2338{x=-914, y=22, z=300}
[20:31:19] [Server thread/WARN]: Can't keep up! Is the server overloaded? Running 4372ms or 87 ticks behind
[20:31:37] [Server thread/WARN]: Can't keep up! Is the server overloaded? Running 3246ms or 64 ticks behind
[20:31:51] [Server thread/INFO]: [MeRebornRekt: Set own game mode to Survival Mode]
[20:31:56] [Server thread/WARN]: Can't keep up! Is the server overloaded? Running 4191ms or 83 ticks behind
[20:32:03] [Worker-Main-10/WARN]: Tried to access a block entity before it was created. class_2338{x=-959, y=-4, z=266}
[20:32:03] [Worker-Main-10/WARN]: Tried to access a block entity before it was created. class_2338{x=-958, y=-4, z=265}
[20:32:03] [Worker-Main-10/WARN]: Tried to access a block entity before it was created. class_2338{x=-959, y=-3, z=265}
[20:32:03] [Worker-Main-10/WARN]: Tried to access a block entity before it was created. class_2338{x=-959, y=-4, z=266}
[20:32:03] [Worker-Main-10/WARN]: Tried to access a block entity before it was created. class_2338{x=-958, y=-4, z=265}
[20:32:03] [Worker-Main-10/WARN]: Tried to access a block entity before it was created. class_2338{x=-959, y=-3, z=265}
[20:32:19] [Server thread/WARN]: Can't keep up! Is the server overloaded? Running 7446ms or 148 ticks behind
[20:32:40] [Server thread/WARN]: Can't keep up! Is the server overloaded? Running 6749ms or 134 ticks behind
[20:32:59] [Server thread/WARN]: Can't keep up! Is the server overloaded? Running 4058ms or 81 ticks behind
[20:33:18] [Server thread/WARN]: Can't keep up! Is the server overloaded? Running 3927ms or 78 ticks behind
[20:33:37] [Server thread/WARN]: Can't keep up! Is the server overloaded? Running 3740ms or 74 ticks behind
[20:33:55] [Server thread/WARN]: Can't keep up! Is the server overloaded? Running 3477ms or 69 ticks behind
[20:34:14] [Server thread/WARN]: Can't keep up! Is the server overloaded? Running 3429ms or 68 ticks behind
[20:34:32] [Server thread/WARN]: Can't keep up! Is the server overloaded? Running 3621ms or 72 ticks behind
[20:34:50] [Server thread/WARN]: Can't keep up! Is the server overloaded? Running 2975ms or 59 ticks behind
[20:34:52] [Server thread/INFO]: [STDOUT]: []
[20:35:09] [Server thread/WARN]: Can't keep up! Is the server overloaded? Running 3722ms or 74 ticks behind
[20:35:29] [Server thread/WARN]: Can't keep up! Is the server overloaded? Running 5100ms or 102 ticks behind
[20:35:48] [Server thread/WARN]: Can't keep up! Is the server overloaded? Running 3604ms or 72 ticks behind
[20:36:06] [Server thread/WARN]: Can't keep up! Is the server overloaded? Running 3509ms or 70 ticks behind
[20:36:09] [Server thread/INFO]: [STDOUT]: []
[20:39:58] [Server thread/INFO]: MeRebornRekt has made the advancement [A Seedy Place]
[20:40:02] [Server thread/INFO]: <MeRebornRekt> Q
[20:40:05] [Server thread/INFO]: <MeRebornRekt> c
[20:40:08] [Server thread/INFO]: <MeRebornRekt> lo c
[20:40:17] [Server thread/INFO]: <MeRebornRekt> oci
[20:40:40] [Server thread/INFO]: <MeRebornRekt> en la casa hab ia :v
[20:40:50] [Server thread/INFO]: <MeRebornRekt> oc
[20:40:57] [Server thread/INFO]: <MeRebornRekt> oc
[20:41:24] [Server thread/INFO]: Purificador25 has made the advancement [Underwater Expeditions]
[20:42:04] [Server thread/INFO]: MeRebornRekt has made the advancement [Mine Cells]
[20:42:08] [Server thread/INFO]: <MeRebornRekt> encontre un portal
[20:42:10] [Server thread/INFO]: <MeRebornRekt> a otra dimensiona
[20:42:17] [Server thread/INFO]: MeRebornRekt has made the advancement [Behind bars]
[20:42:18] [Server thread/WARN]: MeRebornRekt moved too quickly! 199.25653715969395,-57.5,-106.13749998807907
[20:42:31] [Server thread/INFO]: <MeRebornRekt> wa a chequear el perimetro
[20:43:39] [Server thread/INFO]: Purificador25 has made the advancement [The Exchange Project]
[20:43:44] [Server thread/INFO]: <MeRebornRekt> ando en la dung
[20:43:49] [Server thread/INFO]: <MeRebornRekt> idog en la otra dimension
[20:43:54] [Server thread/INFO]: <MeRebornRekt> al parecer son celdas de prisioneros
[20:43:57] [Server thread/INFO]: <MeRebornRekt> por lo q dice el lore
[20:44:25] [Server thread/INFO]: <MeRebornRekt> negro con portal verde
[20:44:30] [Server thread/INFO]: <Purificador25> xaero-waypoint:Shared Location:S:-822:-11:-697:10:false:0:Internal-overworld-waypoints
[20:44:45] [Server thread/INFO]: <MeRebornRekt> no es el mismo tonc
[20:45:05] [Server thread/INFO]: <MeRebornRekt> tu haz ese yo este
[20:46:13] [Server thread/INFO]: <MeRebornRekt> mira las estd
[20:46:45] [Server thread/INFO]: <MeRebornRekt> alo
[20:50:49] [Server thread/INFO]: <MeRebornRekt> usa p
[20:51:05] [Server thread/INFO]: <MeRebornRekt> de aca salgo con mucho diamante creo
[20:51:15] [Server thread/INFO]: <MeRebornRekt> 9
[20:51:27] [Server thread/INFO]: <MeRebornRekt> es gosu sus bloques
[20:51:29] [Server thread/INFO]: <MeRebornRekt> de decoracion
[20:51:30] [Server thread/INFO]: <MeRebornRekt> aca
[20:51:35] [Server thread/INFO]: <MeRebornRekt> taria interesante para la casa mas adelante
[20:51:49] [Server thread/INFO]: Purificador25 has made the advancement [Into Darkness]
[20:52:25] [Server thread/INFO]: Purificador25 has made the advancement [Source of Evil]
[20:52:56] [Server thread/INFO]: MeRebornRekt has made the advancement [Penteconter]
[20:55:20] [Server thread/INFO]: [MeRebornRekt: Set own game mode to Spectator Mode]
[20:55:49] [Server thread/INFO]: [MeRebornRekt: Set own game mode to Survival Mode]
