[03:47:20] [main/INFO] ========================================
[03:47:20] [main/INFO] Minecraft: 1.20.1
[03:47:20] [main/INFO] Side: server
[03:47:20] [main/INFO] Development: false
[03:47:20] [main/INFO] Version: 12.1.725
[03:47:20] [main/INFO] Loader:
[03:47:20] [main/INFO] - Fabric: 0.16.3
[03:47:20] [main/INFO] - Fabric API: 0.92.1+1.20.1
[03:47:20] [main/INFO] Dependencies:
[03:47:20] [main/INFO] - Cloth Config: 11.1.118
[03:47:20] [main/INFO] - Architectury: 9.2.14
[03:47:20] [main/INFO] Mixin: 0.8.7
[03:47:20] [main/INFO] OS: Linux 6.8.0-1021-azure (amd64)
[03:47:20] [main/INFO] Java: 17.0.14 (Ubuntu)
[03:47:20] [main/INFO] ========================================
[03:47:20] [main/INFO] Mods:
[03:47:20] [main/INFO] - additional_rpg_jewelry: 1.0.2
[03:47:20] [main/INFO] - additionalentityattributes: 1.7.3+1.20.0
[03:47:20] [main/INFO] - additionalstructures: 4.2.1
[03:47:20] [main/INFO] - advanced_runtime_resource_pack: 0.8.1
[03:47:20] [main/INFO] - adventurez: 1.4.20
[03:47:20] [main/INFO] - alloy_forgery: 2.1.2+1.20
[03:47:20] [main/INFO] - amethyst_core: 1.4.10+1.20.1
[03:47:20] [main/INFO] - amplified_nether: 1.2.5
[03:47:20] [main/INFO] - animal_feeding_trough: 1.1.0+1.20.1
[03:47:20] [main/INFO] - apoli: 2.9.0
[03:47:20] [main/INFO] - apugli: 2.10.1+1.20.1-fabric
[03:47:20] [main/INFO] - aquamirae: 6
[03:47:20] [main/INFO] - archers: 1.2.1+1.20.1
[03:47:20] [main/INFO] - architectury: 9.2.14
[03:47:20] [main/INFO] - archon: 0.6.2
[03:47:20] [main/INFO] - areas: 5.6
[03:47:20] [main/INFO] - artifacts: 9.5.6
[03:47:20] [main/INFO] - artifality: 0.6.0+1.20
[03:47:20] [main/INFO] - ati_structures: 1.0.0
[03:47:20] [main/INFO] - attributefix: 21.0.4
[03:47:20] [main/INFO] - autotag: 2.0.2+1.20
[03:47:20] [main/INFO] - autotag-convention: 2.0.2+1.20
[03:47:20] [main/INFO] - awesomedungeon: 3.2.0
[03:47:20] [main/INFO] - awesomedungeonnether: 3.1.1
[03:47:20] [main/INFO] - azurelib: 2.0.22
[03:47:20] [main/INFO] - azurelibarmor: 2.0.3
[03:47:20] [main/INFO] - bakery: 1.1.10
[03:47:20] [main/INFO] - balm-fabric: 7.2.2
[03:47:20] [main/INFO] - bcc: 4.0.8
[03:47:20] [main/INFO] - bclib: 3.0.14
[03:47:20] [main/INFO] - berserker-rpg: 1.0.5
[03:47:20] [main/INFO] - besmirchment: 1.20.1-4
[03:47:20] [main/INFO] - betterarcheology: 1.1.9-1.20.1
[03:47:20] [main/INFO] - bettercombat: 1.8.5+1.20.1
[03:47:20] [main/INFO] - betterdeserttemples: 1.20-Fabric-3.0.3
[03:47:20] [main/INFO] - betterdungeons: 1.20-Fabric-4.0.4
[03:47:20] [main/INFO] - betterend: 4.0.11
[03:47:20] [main/INFO] - betterfortresses: 1.20-Fabric-2.0.6
[03:47:20] [main/INFO] - betterjungletemples: 1.20-Fabric-2.0.5
[03:47:20] [main/INFO] - bettermineshafts: 1.20-Fabric-4.0.4
[03:47:20] [main/INFO] - betternether: 9.0.10
[03:47:20] [main/INFO] - betteroceanmonuments: 1.20-Fabric-3.0.4
[03:47:20] [main/INFO] - betterstats: 3.9.7+fabric-1.20.1
[03:47:20] [main/INFO] - betterstrongholds: 1.20-Fabric-4.0.3
[03:47:20] [main/INFO] - betterwitchhuts: 1.20-Fabric-3.0.3
[03:47:20] [main/INFO] - bewitchment: 1.20-8
[03:47:20] [main/INFO] - biolith: 1.0.0-alpha.8
[03:47:20] [main/INFO] - blabber: 1.5.1-mc1.20.1
[03:47:20] [main/INFO] - blahaj: 0.3.2
[03:47:20] [main/INFO] - blossom: 1.0.7
[03:47:20] [main/INFO] - blue_endless_jankson: 1.2.3
[03:47:20] [main/INFO] - bno: 9.1.1
[03:47:20] [main/INFO] - bookshelf: 20.1.10
[03:47:20] [main/INFO] - bosses_of_mass_destruction: 1.7.5-1.20.1
[03:47:20] [main/INFO] - bountiful: 6.0.3+1.20.1
[03:47:20] [main/INFO] - brutalbosses: 1.20.1-6.9
[03:47:20] [main/INFO] - bwncr: 3.17.0
[03:47:20] [main/INFO] - bygonenether: 1.3.2
[03:47:20] [main/INFO] - bypass_anvil_restriction: 1.0.7+1.20.1
[03:47:20] [main/INFO] - calio: 1.11.0
[03:47:20] [main/INFO] - cardinal-components: 5.2.2
[03:47:20] [main/INFO] - cardinal-components-base: 5.2.2
[03:47:20] [main/INFO] - cardinal-components-block: 5.2.2
[03:47:20] [main/INFO] - cardinal-components-chunk: 5.2.2
[03:47:20] [main/INFO] - cardinal-components-entity: 5.2.2
[03:47:20] [main/INFO] - cardinal-components-item: 5.2.2
[03:47:20] [main/INFO] - cardinal-components-level: 5.2.2
[03:47:20] [main/INFO] - cardinal-components-scoreboard: 5.2.2
[03:47:20] [main/INFO] - cardinal-components-world: 5.2.2
[03:47:20] [main/INFO] - castle_dungeons: 4.0.0
[03:47:20] [main/INFO] - ch_skyfy_tomlconfiglib_toml-config-lib: 1.0.4
[03:47:20] [main/INFO] - chas: 1.20
[03:47:20] [main/INFO] - chimes: 2.0.1
[03:47:20] [main/INFO] - chunky: 1.3.146
[03:47:20] [main/INFO] - cicada: 0.7.1+1.20.1
[03:47:20] [main/INFO] - cloth-basic-math: 0.6.1
[03:47:20] [main/INFO] - cloth-config: 11.1.118
[03:47:20] [main/INFO] - cloth-config: 11.1.118
[03:47:20] [main/INFO] - clumps: 12.0.0.4
[03:47:20] [main/INFO] - clutter: 1.20-0.5.8
[03:47:20] [main/INFO] - collective: 7.60
[03:47:20] [main/INFO] - com_electronwill_night-config_core: 3.6.7
[03:47:20] [main/INFO] - com_electronwill_night-config_toml: 3.6.7
[03:47:20] [main/INFO] - com_eliotlash_mclib_mclib: 20
[03:47:20] [main/INFO] - com_fasterxml_jackson_core_jackson-annotations: 2.17.0
[03:47:20] [main/INFO] - com_fasterxml_jackson_core_jackson-core: 2.17.0
[03:47:20] [main/INFO] - com_fasterxml_jackson_core_jackson-databind: 2.17.0
[03:47:20] [main/INFO] - com_github_zsoltmolnarrr_tinyconfig: 2.3.2
[03:47:20] [main/INFO] - com_teamresourceful_bytecodecs: 1.0.2
[03:47:20] [main/INFO] - com_teamresourceful_yabn: 1.0.3
[03:47:20] [main/INFO] - com_twelvemonkeys_common_common-image: 3.10.0
[03:47:20] [main/INFO] - com_twelvemonkeys_common_common-io: 3.10.0
[03:47:20] [main/INFO] - com_twelvemonkeys_common_common-lang: 3.10.0
[03:47:20] [main/INFO] - com_twelvemonkeys_imageio_imageio-core: 3.10.0
[03:47:20] [main/INFO] - com_twelvemonkeys_imageio_imageio-metadata: 3.10.0
[03:47:20] [main/INFO] - com_twelvemonkeys_imageio_imageio-webp: 3.10.0
[03:47:20] [main/INFO] - combatroll: 1.3.2+1.20.1
[03:47:20] [main/INFO] - comforts: 6.3.5+1.20.1
[03:47:20] [main/INFO] - common-economy-api: 1.1.1
[03:47:20] [main/INFO] - common-protection-api: 1.0.0
[03:47:20] [main/INFO] - commonnetworking: 1.0.3-1.20.1
[03:47:20] [main/INFO] - completeconfig-base: 2.5.2
[03:47:20] [main/INFO] - cooldown-coordinator: 0.6.3
[03:47:20] [main/INFO] - corgilib: 4.0.1.1
[03:47:20] [main/INFO] - coroutil: 1.20.1-1.3.7
[03:47:20] [main/INFO] - creativecore: 2.11.28
[03:47:20] [main/INFO] - cristellib: 1.1.5
[03:47:20] [main/INFO] - cthulib: 1.0.2
[03:47:20] [main/INFO] - ctov: 3.4.3
[03:47:20] [main/INFO] - cupboard: 1.20.1-2.6
[03:47:20] [main/INFO] - customportalapi: 0.0.1-beta64-1.20
[03:47:20] [main/INFO] - davespotioneering: 10
[03:47:20] [main/INFO] - dawn: 5.0.0
[03:47:20] [main/INFO] - decorative_blocks: 4.0.3
[03:47:20] [main/INFO] - deeperdarker: 1.2.6
[03:47:20] [main/INFO] - digs_dnd_origins: 1.20.1-0.0.11
[03:47:20] [main/INFO] - dimensional_traders: 1.1.1
[03:47:20] [main/INFO] - disenchanter: 0.1.8+1.20
[03:47:20] [main/INFO] - doapi: 1.2.12
[03:47:20] [main/INFO] - dramaticdoors: 1.20.1-3.2.2
[03:47:20] [main/INFO] - druids: 0.9.7.0
[03:47:20] [main/INFO] - dummmmmmy: 1.20-1.8.17b
[03:47:20] [main/INFO] - dungeonnowloading: 1.5
[03:47:20] [main/INFO] - dungeons_arise_seven_seas: 1.0.2
[03:47:20] [main/INFO] - dungeonz: 1.0.5
[03:47:20] [main/INFO] - easymagic: 8.0.1
[03:47:20] [main/INFO] - eldritch_mobs: 1.15.1
[03:47:20] [main/INFO] - elemental_wizards_rpg: 1.1.1
[03:47:20] [main/INFO] - ender_dragon_egg_respawn: 2.0.0
[03:47:20] [main/INFO] - endermanoverhaul: 1.0.4
[03:47:20] [main/INFO] - endrem: 5.2.4
[03:47:20] [main/INFO] - epicknightsnmages: 0.0.2
[03:47:20] [main/INFO] - error_notifier: 1.0.9
[03:47:20] [main/INFO] - expandability: 9.0.4
[03:47:20] [main/INFO] - explorations: 1.20.1-1.5.2
[03:47:20] [main/INFO] - explorerscompass: 1.20.1-2.2.3-fabric
[03:47:20] [main/INFO] - explorify: v1.4.0
[03:47:20] [main/INFO] - extensibleenums: 7.0.1
[03:47:20] [main/INFO] - extraspellattributes: 1.2.2
[03:47:20] [main/INFO] - fabric-api: 0.92.1+1.20.1
[03:47:20] [main/INFO] - fabric-api: 0.92.1+1.20.1
[03:47:20] [main/INFO] - fabric-api-base: 0.4.31+1802ada577
[03:47:20] [main/INFO] - fabric-api-lookup-api-v1: 1.6.36+1802ada577
[03:47:20] [main/INFO] - fabric-biome-api-v1: 13.0.13+1802ada577
[03:47:20] [main/INFO] - fabric-block-api-v1: 1.0.11+1802ada577
[03:47:20] [main/INFO] - fabric-block-view-api-v2: 1.0.1+1802ada577
[03:47:20] [main/INFO] - fabric-command-api-v1: 1.2.34+f71b366f77
[03:47:20] [main/INFO] - fabric-command-api-v2: 2.2.13+1802ada577
[03:47:20] [main/INFO] - fabric-commands-v0: 0.2.51+df3654b377
[03:47:20] [main/INFO] - fabric-containers-v0: 0.1.64+df3654b377
[03:47:20] [main/INFO] - fabric-content-registries-v0: 4.0.11+1802ada577
[03:47:20] [main/INFO] - fabric-convention-tags-v1: 1.5.5+1802ada577
[03:47:20] [main/INFO] - fabric-crash-report-info-v1: 0.2.19+1802ada577
[03:47:20] [main/INFO] - fabric-data-attachment-api-v1: 1.0.0+de0fd6d177
[03:47:20] [main/INFO] - fabric-data-generation-api-v1: 12.3.4+1802ada577
[03:47:20] [main/INFO] - fabric-dimensions-v1: 2.1.54+1802ada577
[03:47:20] [main/INFO] - fabric-entity-events-v1: 1.6.0+1c78457f77
[03:47:20] [main/INFO] - fabric-events-interaction-v0: 0.6.2+1802ada577
[03:47:20] [main/INFO] - fabric-events-lifecycle-v0: 0.2.63+df3654b377
[03:47:20] [main/INFO] - fabric-game-rule-api-v1: 1.0.40+1802ada577
[03:47:20] [main/INFO] - fabric-item-api-v1: 2.1.28+1802ada577
[03:47:20] [main/INFO] - fabric-item-group-api-v1: 4.0.12+1802ada577
[03:47:20] [main/INFO] - fabric-language-kotlin: 1.11.0+kotlin.2.0.0
[03:47:20] [main/INFO] - fabric-lifecycle-events-v1: 2.2.22+1802ada577
[03:47:20] [main/INFO] - fabric-loot-api-v2: 1.2.1+1802ada577
[03:47:20] [main/INFO] - fabric-loot-tables-v1: 1.1.45+9e7660c677
[03:47:20] [main/INFO] - fabric-message-api-v1: 5.1.9+1802ada577
[03:47:20] [main/INFO] - fabric-mining-level-api-v1: 2.1.50+1802ada577
[03:47:20] [main/INFO] - fabric-networking-api-v1: 1.3.11+1802ada577
[03:47:20] [main/INFO] - fabric-networking-v0: 0.3.51+df3654b377
[03:47:20] [main/INFO] - fabric-object-builder-api-v1: 11.1.3+1802ada577
[03:47:20] [main/INFO] - fabric-particles-v1: 1.1.2+1802ada577
[03:47:20] [main/INFO] - fabric-permissions-api-v0: 0.2-SNAPSHOT
[03:47:20] [main/INFO] - fabric-recipe-api-v1: 1.0.21+1802ada577
[03:47:20] [main/INFO] - fabric-registry-sync-v0: 2.3.3+1802ada577
[03:47:20] [main/INFO] - fabric-rendering-data-attachment-v1: 0.3.37+92a0d36777
[03:47:20] [main/INFO] - fabric-rendering-fluids-v1: 3.0.28+1802ada577
[03:47:20] [main/INFO] - fabric-resource-conditions-api-v1: 2.3.8+1802ada577
[03:47:20] [main/INFO] - fabric-resource-loader-v0: 0.11.10+1802ada577
[03:47:20] [main/INFO] - fabric-screen-handler-api-v1: 1.3.30+1802ada577
[03:47:20] [main/INFO] - fabric-transfer-api-v1: 3.3.5+8dd72ea377
[03:47:20] [main/INFO] - fabric-transitive-access-wideners-v1: 4.3.1+1802ada577
[03:47:20] [main/INFO] - fabricloader: 0.16.3
[03:47:20] [main/INFO] - fakerlib: 0.1.3
[03:47:20] [main/INFO] - farmersdelight: 1.20.1-1.4.3
[03:47:20] [main/INFO] - farsight: 1.20.1-4.2
[03:47:20] [main/INFO] - faux-custom-entity-data: 6.0.1
[03:47:20] [main/INFO] - ferritecore: 6.0.1
[03:47:20] [main/INFO] - fiber: 0.23.0-2
[03:47:20] [main/INFO] - forcemaster-rpg: 1.0.5
[03:47:20] [main/INFO] - forgeconfigapiport: 8.0.0
[03:47:20] [main/INFO] - formations: 1.0.2
[03:47:20] [main/INFO] - formationsnether: 1.0.4
[03:47:20] [main/INFO] - formationsoverworld: 1.0.3
[03:47:20] [main/INFO] - framework: 0.6.16
[03:47:20] [main/INFO] - friendsandfoes: 2.0.10
[03:47:20] [main/INFO] - frostiful: 1.0.9
[03:47:20] [main/INFO] - ftbchunks: 2001.3.1
[03:47:20] [main/INFO] - ftblibrary: 2001.2.2
[03:47:20] [main/INFO] - ftbquests: 2001.4.5
[03:47:20] [main/INFO] - ftbranks: 2001.1.3
[03:47:20] [main/INFO] - ftbteams: 2001.3.0
[03:47:20] [main/INFO] - ftbxmodcompat: 2.1.1
[03:47:20] [main/INFO] - fwaystones: 3.3.2+mc1.20.1
[03:47:20] [main/INFO] - fzzy_config: 0.1.2+1.20.1
[03:47:20] [main/INFO] - fzzy_core: 0.5.0+1.20.1
[03:47:20] [main/INFO] - galosphere: 1.20.1-1.4.1
[03:47:20] [main/INFO] - gazebo: 1.1.1+1.20.1
[03:47:20] [main/INFO] - gear_core: 0.3.8+1.20.1
[03:47:20] [main/INFO] - geckolib: 4.4.4
[03:47:20] [main/INFO] - genshinstrument: 3.4.1
[03:47:20] [main/INFO] - gimm1q: 0.5.3
[03:47:20] [main/INFO] - glasses: Fabric-1.20.1-1.2.5
[03:47:20] [main/INFO] - globalxp: 1.11
[03:47:20] [main/INFO] - goblintraders: 1.9.3
[03:47:20] [main/INFO] - graveyard: 3.0
[03:47:20] [main/INFO] - guardiansgalore: 1.20.1-3.1
[03:47:20] [main/INFO] - guardvillagers: 2.0.9-1.20.1
[03:47:20] [main/INFO] - handcrafted: 3.0.6
[03:47:20] [main/INFO] - harvest_scythes: 2.5.6+mc1.20
[03:47:20] [main/INFO] - healpgood: 1.3.2
[03:47:20] [main/INFO] - hopobetterruinedportal: 1.3.7
[03:47:20] [main/INFO] - hybrid-aquatic: 1.3.2
[03:47:20] [main/INFO] - icarus: 2.7.1
[03:47:20] [main/INFO] - iceberg: 1.1.18
[03:47:20] [main/INFO] - illagerinvasion: 8.0.5
[03:47:20] [main/INFO] - immersive_armors: 1.6.1+1.20.1
[03:47:20] [main/INFO] - immersive_melodies: 0.1.2+1.20.1
[03:47:20] [main/INFO] - impersonate: 2.10.2
[03:47:20] [main/INFO] - inmis: 2.7.2-1.20.1
[03:47:20] [main/INFO] - inmisaddon: 1.0.4
[03:47:20] [main/INFO] - inventorysorter: 1.9.0-1.20
[03:47:20] [main/INFO] - invoke: 0.2.3
[03:47:20] [main/INFO] - io_github_microutils_kotlin-logging-jvm: 3.0.5
[03:47:20] [main/INFO] - item_obliterator: 2.2.0
[03:47:20] [main/INFO] - itemfilters: 2001.1.0-build.59
[03:47:20] [main/INFO] - jade: 11.8.0
[03:47:20] [main/INFO] - jankson: 6.0.0+j1.2.3
[03:47:20] [main/INFO] - java: 17
[03:47:20] [main/INFO] - jewelry: 1.3.0+1.20.1
[03:47:20] [main/INFO] - kambrik: 6.1.1+1.20.1
[03:47:20] [main/INFO] - kanos_config: 0.4.1+1.14.4-1.19.4
[03:47:20] [main/INFO] - kevsequipmentsets: 1.1.1
[03:47:20] [main/INFO] - kevslibrary: 1.1.0
[03:47:20] [main/INFO] - kevstierifymodifiers: 1.2.4
[03:47:20] [main/INFO] - knavesneeds: 2.0.1+1.20.1
[03:47:20] [main/INFO] - konkrete: 1.8.1
[03:47:20] [main/INFO] - kyrptconfig: 1.5.6-1.20
[03:47:20] [main/INFO] - libgui: 8.1.1+1.20.1
[03:47:20] [main/INFO] - libninepatch: 1.2.0
[03:47:20] [main/INFO] - libraryferret: 4.0.0
[03:47:20] [main/INFO] - libz: 1.0.3
[03:47:20] [main/INFO] - lithium: 0.11.2
[03:47:20] [main/INFO] - lithostitched: 1.1.5
[03:47:20] [main/INFO] - livingthings: 1.20.1-2.0.2
[03:47:20] [main/INFO] - lootintegrations: 1.20.1-3.7
[03:47:20] [main/INFO] - lootr: 0.7.33.81
[03:47:20] [main/INFO] - lovely_snails: 1.1.3+1.20.1
[03:47:20] [main/INFO] - maelstrom_library: 1.6.1-1.20
[03:47:20] [main/INFO] - magistuarmory: 9.8
[03:47:20] [main/INFO] - maxhealthfix: 12.0.3
[03:47:20] [main/INFO] - mcda: 5.0.2
[03:47:20] [main/INFO] - mcdar: 4.0.3
[03:47:20] [main/INFO] - mcdw: 9.0.4
[03:47:20] [main/INFO] - meadow: 1.3.15
[03:47:20] [main/INFO] - medievalorigins: 6.3.8+1.20.1
[03:47:20] [main/INFO] - memoryleakfix: 1.1.2
[03:47:20] [main/INFO] - mermod: 2.41
[03:47:20] [main/INFO] - mes: 1.3.1-1.20-fabric
[03:47:20] [main/INFO] - midnightlib: 1.4.1
[03:47:20] [main/INFO] - minecells: 1.8.2
[03:47:20] [main/INFO] - minecraft: 1.20.1
[03:47:20] [main/INFO] - minerally: 1.20.2-1.2
[03:47:20] [main/INFO] - mixinextras: 0.4.1
[03:47:20] [main/INFO] - mixinsquared: 0.1.2-beta.5
[03:47:20] [main/INFO] - mm: 2.3
[03:47:20] [main/INFO] - mns: 1.0.1-1.20-fabric
[03:47:20] [main/INFO] - modernfix: 5.17.0+mc1.20.1
[03:47:20] [main/INFO] - moonlight: 1.20-2.11.30
[03:47:20] [main/INFO] - more_rpg_classes: 1.1.7-1.20.1
[03:47:20] [main/INFO] - mr_dungeons_andtaverns: 3.0.3.f
[03:47:20] [main/INFO] - mr_reds_morestructures: 1.0.8
[03:47:20] [main/INFO] - mr_tidal_towns: 1.3
[03:47:20] [main/INFO] - multipart_entities: 1.5-1.20
[03:47:20] [main/INFO] - mutantmonsters: 8.0.7
[03:47:20] [main/INFO] - mvs: 4.1.2-1.20-fabric
[03:47:20] [main/INFO] - mysticaloaktree: 1.20-1.11
[03:47:20] [main/INFO] - mythicmetals: 0.19.7+1.20.1
[03:47:20] [main/INFO] - mythicmetals_decorations: 0.6.0+1.20
[03:47:20] [main/INFO] - mythicmobs: 1.20.1-fabric-1.4.5
[03:47:20] [main/INFO] - mythicmounts: 1.20.1-7.4
[03:47:20] [main/INFO] - nameplate: 1.1.4
[03:47:20] [main/INFO] - naturescompass: 1.20.1-2.2.3-fabric
[03:47:20] [main/INFO] - necronomicon: 1.4.2
[03:47:20] [main/INFO] - neruina: 2.0.0-beta.10
[03:47:20] [main/INFO] - net_minecraftforge_eventbus: 6.0.3
[03:47:20] [main/INFO] - net_peanuuutz_tomlkt-jvm: 0.2.0
[03:47:20] [main/INFO] - netherdepthsupgrade: fabric-3.1.6-1.20
[03:47:20] [main/INFO] - nochatreports: 1.20.1-v2.2.2
[03:47:20] [main/INFO] - noisium: 2.0.3+mc1.20-1.20.1
[03:47:20] [main/INFO] - nyctophobia: 1.9
[03:47:20] [main/INFO] - nyfsspiders: 2.1.1
[03:47:20] [main/INFO] - obscure_api: 16
[03:47:20] [main/INFO] - observable: 4.4.1
[03:47:20] [main/INFO] - omega-config: 1.3.0+1.19.2
[03:47:20] [main/INFO] - org_apache_maven_maven-artifact: 3.8.1
[03:47:20] [main/INFO] - org_javassist_javassist: 3.29.2-GA
[03:47:20] [main/INFO] - org_jctools_jctools-core: 4.0.1
[03:47:20] [main/INFO] - org_jetbrains_kotlin_kotlin-reflect: 2.0.0
[03:47:20] [main/INFO] - org_jetbrains_kotlin_kotlin-stdlib: 2.0.0
[03:47:20] [main/INFO] - org_jetbrains_kotlin_kotlin-stdlib-jdk7: 2.0.0
[03:47:20] [main/INFO] - org_jetbrains_kotlin_kotlin-stdlib-jdk8: 2.0.0
[03:47:20] [main/INFO] - org_jetbrains_kotlinx_atomicfu-jvm: 0.24.0
[03:47:20] [main/INFO] - org_jetbrains_kotlinx_kotlinx-coroutines-core-jvm: 1.8.1
[03:47:20] [main/INFO] - org_jetbrains_kotlinx_kotlinx-coroutines-jdk8: 1.8.1
[03:47:20] [main/INFO] - org_jetbrains_kotlinx_kotlinx-datetime-jvm: 0.6.0
[03:47:20] [main/INFO] - org_jetbrains_kotlinx_kotlinx-serialization-cbor-jvm: 1.6.3
[03:47:20] [main/INFO] - org_jetbrains_kotlinx_kotlinx-serialization-core-jvm: 1.6.3
[03:47:20] [main/INFO] - org_jetbrains_kotlinx_kotlinx-serialization-json-jvm: 1.6.3
[03:47:20] [main/INFO] - org_kohsuke_github-api: 1.318
[03:47:20] [main/INFO] - org_quiltmc_parsers_gson: 0.2.1
[03:47:20] [main/INFO] - org_quiltmc_parsers_json: 0.2.1
[03:47:20] [main/INFO] - org_reflections_reflections: 0.10.2
[03:47:20] [main/INFO] - origins: 1.10.0
[03:47:20] [main/INFO] - owo: 0.11.2+1.20
[03:47:20] [main/INFO] - packet_tweaker: 0.4.0+1.19.4
[03:47:20] [main/INFO] - paladins: 1.2.0+1.20.1
[03:47:20] [main/INFO] - paraglider: 20.1.3
[03:47:20] [main/INFO] - patchouli: 1.20.1-84-FABRIC
[03:47:20] [main/INFO] - paxi: 1.20-Fabric-4.0
[03:47:20] [main/INFO] - pehkui: 3.8.0+1.14.4-1.20.4
[03:47:20] [main/INFO] - phantasm: 0.2
[03:47:20] [main/INFO] - philipsruins: 1.20.1
[03:47:20] [main/INFO] - piratesdoom: 1.0.0
[03:47:20] [main/INFO] - placeholder-api: 2.1.1+1.20
[03:47:20] [main/INFO] - player-animator: 1.0.2-rc1+1.20
[03:47:20] [main/INFO] - playerabilitylib: 1.8.0
[03:47:20] [main/INFO] - plentyofarmors: 1.3.0
[03:47:20] [main/INFO] - polymer-blocks: 0.5.15+1.20.1
[03:47:20] [main/INFO] - polymer-common: 0.5.15+1.20.1
[03:47:20] [main/INFO] - polymer-core: 0.5.15+1.20.1
[03:47:20] [main/INFO] - polymer-networking: 0.5.15+1.20.1
[03:47:20] [main/INFO] - polymer-registry-sync-manipulator: 0.5.15+1.20.1
[03:47:20] [main/INFO] - polymer-resource-pack: 0.5.3+1.20.1
[03:47:20] [main/INFO] - polymer-virtual-entity: 0.5.3+1.20.1
[03:47:20] [main/INFO] - polymorph: 0.49.5+1.20.1
[03:47:20] [main/INFO] - porting_lib_accessors: 2.3.4+1.20.1
[03:47:20] [main/INFO] - porting_lib_attributes: 2.3.4+1.20.1
[03:47:20] [main/INFO] - porting_lib_common: 2.3.4+1.20.1
[03:47:20] [main/INFO] - porting_lib_core: 2.3.4+1.20.1
[03:47:20] [main/INFO] - porting_lib_entity: 2.3.4+1.20.1
[03:47:20] [main/INFO] - porting_lib_extensions: 2.3.4+1.20.1
[03:47:20] [main/INFO] - porting_lib_mixin_extensions: 2.3.4+1.20.1
[03:47:20] [main/INFO] - projectile_damage: 3.2.3+1.20.1
[03:47:20] [main/INFO] - promenade: 4.1.1
[03:47:20] [main/INFO] - puffish_attributes: 0.2.0
[03:47:20] [main/INFO] - puffish_skills: 0.12.2
[03:47:20] [main/INFO] - puzzlesaccessapi: 8.0.7
[03:47:20] [main/INFO] - puzzleslib: 8.1.19
[03:47:20] [main/INFO] - qu-enchantments: 1.3.6-1.20
[03:47:20] [main/INFO] - ranged_weapon_api: 1.1.1+1.20.1
[03:47:20] [main/INFO] - reach-entity-attributes: 2.4.0
[03:47:20] [main/INFO] - reddensstonelantern: 1.0.3
[03:47:20] [main/INFO] - redirector: 1.20.1-4.4.0
[03:47:20] [main/INFO] - regions_unexplored: 0.5.5+1.20.1
[03:47:20] [main/INFO] - repurposed_structures: 7.1.15+1.20.1-fabric
[03:47:20] [main/INFO] - resourcefulconfig: 2.1.2
[03:47:20] [main/INFO] - resourcefullib: 2.1.25
[03:47:20] [main/INFO] - respawningstructures: 1.20.1-2.5
[03:47:20] [main/INFO] - roughlyenoughitems: 12.1.725
[03:47:20] [main/INFO] - rpg_origins: 1.4.2
[03:47:20] [main/INFO] - rpgdifficulty: 1.3.13
[03:47:20] [main/INFO] - rpgmana: 1.0.7.1
[03:47:20] [main/INFO] - runes: 0.9.11+1.20.1
[03:47:20] [main/INFO] - saflib: 1.1.0
[03:47:20] [main/INFO] - sawmill: 1.20-1.4.0
[03:47:20] [main/INFO] - server_translations_api: 2.0.0+1.20
[03:47:20] [main/INFO] - sgui: 1.2.2+1.20
[03:47:20] [main/INFO] - showmeyourskin: 1.9.0+1.20
[03:47:20] [main/INFO] - shrek: 1.0.0
[03:47:20] [main/INFO] - simplyskills: 1.4.1+1.20.1
[03:47:20] [main/INFO] - simplyswords: 1.55.0-1.20.1
[03:47:20] [main/INFO] - skinlayers3d: 1.6.4
[03:47:20] [main/INFO] - skyvillages: 1.0.3.2-1.19.2-1.20.1
[03:47:20] [main/INFO] - slayersbeasts: 1.2.0
[03:47:20] [main/INFO] - smallships: 2.0.0-b1.2
[03:47:20] [main/INFO] - smartbrainlib: 1.14
[03:47:20] [main/INFO] - smarterfarmers: 1.20-1.8.2
[03:47:20] [main/INFO] - smwyg: 1.1.1
[03:47:20] [main/INFO] - soaringstructures2: 1.20.1 - 2.5.1
[03:47:20] [main/INFO] - soulsweapons: 1.1.3-1.20-fabric
[03:47:20] [main/INFO] - sound_physics_remastered: 1.20.1-1.4.2
[03:47:20] [main/INFO] - spark: 1.10.53
[03:47:20] [main/INFO] - species: 1.3-fabric
[03:47:20] [main/INFO] - spectrelib: 0.13.15+1.20.1
[03:47:20] [main/INFO] - spell_engine: 0.14.3+1.20.1
[03:47:20] [main/INFO] - spell_power: 0.10.2+1.20.1
[03:47:20] [main/INFO] - spellbladenext: 1.15.1
[03:47:20] [main/INFO] - spellslabextra: 1.1-1.20.1
[03:47:20] [main/INFO] - starlight: 1.1.2+fabric.dbc156f
[03:47:20] [main/INFO] - starterkit: 6.7
[03:47:20] [main/INFO] - step-height-entity-attribute: 1.2.0
[03:47:20] [main/INFO] - structory: 1.3.5
[03:47:20] [main/INFO] - structory_towers: 1.0.7
[03:47:20] [main/INFO] - structure_pool_api: 1.0+1.20.1
[03:47:20] [main/INFO] - structurecredits: 1.7
[03:47:20] [main/INFO] - structureessentials: 1.20.1-3.3
[03:47:20] [main/INFO] - t_and_t: 1.12
[03:47:20] [main/INFO] - tcdcommons: 3.9.6+fabric-1.20.1
[03:47:20] [main/INFO] - team_reborn_energy: 3.0.0
[03:47:20] [main/INFO] - tectonic: 2.3.4
[03:47:20] [main/INFO] - terrablender: 3.0.1.7
[03:47:20] [main/INFO] - terraform-shapes-api-v1: 7.0.1
[03:47:20] [main/INFO] - terraform-surfaces-api-v1: 7.0.1
[03:47:20] [main/INFO] - terraform-wood-api-v1: 7.0.3
[03:47:20] [main/INFO] - terralith: 2.5.1
[03:47:20] [main/INFO] - textanimator: 2.3.3
[03:47:20] [main/INFO] - theorcs: fabric-1.20.x-1.0
[03:47:20] [main/INFO] - thermoo: 2.3.1
[03:47:20] [main/INFO] - thiccpackets: 1.17-1.19+
[03:47:20] [main/INFO] - tiered: 1.1.0
[03:47:20] [main/INFO] - tinyfoes: 1.20.1-1.0
[03:47:20] [main/INFO] - tlc: 1.0.1
[03:47:20] [main/INFO] - toms_storage: 1.6.6
[03:47:20] [main/INFO] - totw_additions: 1.3
[03:47:20] [main/INFO] - travelerscompass: 2.0.4.0
[03:47:20] [main/INFO] - travellersbootsreloaded: 2.1.1-fabric
[03:47:20] [main/INFO] - treechop: 0.19.0
[03:47:20] [main/INFO] - tridents_n_stuff: 0.1.3+1.20.1
[03:47:20] [main/INFO] - trimeffects: 1.1.1-fabric
[03:47:20] [main/INFO] - trinkets: 3.7.2
[03:47:20] [main/INFO] - twigs: 3.1.0
[03:47:20] [main/INFO] - universal_shops: 1.3.2+1.20.1
[03:47:20] [main/INFO] - variantshields: 2.1
[03:47:20] [main/INFO] - villagernames: 7.3
[03:47:20] [main/INFO] - villagersplus: 3.1
[03:47:20] [main/INFO] - villagesandpillages: 1.0.0
[03:47:20] [main/INFO] - vinery: 1.4.19
[03:47:20] [main/INFO] - visualworkbench: 8.0.0
[03:47:20] [main/INFO] - voidz: 1.0.11
[03:47:20] [main/INFO] - wabi_sabi_structures: 2.0.0-1.20
[03:47:20] [main/INFO] - watut: 1.20.1-1.1.1
[03:47:20] [main/INFO] - waveycapes: 1.4.7
[03:47:20] [main/INFO] - weaponmaster: 3.0.5
[03:47:20] [main/INFO] - wetlands: 1.2
[03:47:20] [main/INFO] - wildlife: 1.19.2-2.2
[03:47:20] [main/INFO] - witcher-rpg: 1.0.6
[03:47:20] [main/INFO] - wits: 1.1.0+1.20.1-fabric
[03:47:20] [main/INFO] - wizards: 1.2.0+1.20.1
[03:47:20] [main/INFO] - wunderlib: 1.1.5
[03:47:20] [main/INFO] - xaerominimap: 24.1.1
[03:47:20] [main/INFO] - xaeroworldmap: 1.38.4
[03:47:20] [main/INFO] - xercapaint: fabric-1.20.1-1.0.0
[03:47:20] [main/INFO] - xtraarrows: 3.0.4.1
[03:47:20] [main/INFO] - yeetusexperimentus: 2.3.1-build.6+mc1.20.1
[03:47:20] [main/INFO] - yet_another_config_lib_v3: 3.4.2+1.20.1-fabric
[03:47:20] [main/INFO] - yigd: 2.0.0-beta.13
[03:47:20] [main/INFO] - yosbr: 0.1.2
[03:47:20] [main/INFO] - yungsapi: 1.20-Fabric-4.0.5
[03:47:20] [main/INFO] - yungsbridges: 1.20-Fabric-4.0.3
[03:47:20] [main/INFO] - zenith_attributes: 0.2.4
[03:47:20] [main/INFO] ========================================
[03:47:20] [main/INFO] [REI] Registered plugin provider AlloyForgeryCommonPlugin [alloy_forgery] for REIPlugin
[03:47:20] [main/INFO] [REI] Registered plugin provider DefaultPlugin [roughlyenoughitems] for REIPlugin
[03:47:20] [main/INFO] [REI] Registered plugin provider DefaultRuntimePlugin [roughlyenoughitems] for REIPlugin
[03:47:20] [main/INFO] [REI] Registered plugin provider AlloyForgeryCommonPlugin [alloy_forgery] for REIServerPlugin
[03:47:20] [main/INFO] [REI] Registered plugin provider DefaultPlugin [roughlyenoughitems] for REIServerPlugin
[03:47:20] [main/INFO] [REI] Registered plugin provider DefaultRuntimePlugin [roughlyenoughitems] for REIServerPlugin
[03:47:20] [main/INFO] [REI] Registered plugin provider FabricFluidAPISupportPlugin for REIServerPlugin
[03:47:20] [main/INFO] [REI] Registered plugin provider FabricFluidAPISupportPlugin for REIPlugin
[03:47:29] [Worker-Main-4/DEBUG] [REI] Processed 0 tags in 70.91 μs for minecraft:dimension
[03:47:29] [Worker-Main-5/DEBUG] [REI] Processed 2 tags in 2.038 ms for minecraft:mob_effect
[03:47:29] [Worker-Main-4/DEBUG] [REI] Processed 0 tags in 16.76 μs for minecraft:damage_type
[03:47:29] [Worker-Main-4/DEBUG] [REI] Processed 0 tags in 8.476 μs for minecraft:worldgen/density_function
[03:47:29] [Worker-Main-5/DEBUG] [REI] Processed 6 tags in 90.85 μs for minecraft:point_of_interest_type
[03:47:29] [Worker-Main-4/DEBUG] [REI] Processed 0 tags in 39.22 μs for minecraft:worldgen/structure
[03:47:29] [Worker-Main-4/DEBUG] [REI] Processed 4 tags in 53.48 μs for minecraft:instrument
[03:47:29] [Worker-Main-5/DEBUG] [REI] Processed 0 tags in 8.866 μs for minecraft:trim_pattern
[03:47:29] [Worker-Main-5/DEBUG] [REI] Processed 0 tags in 8.395 μs for minecraft:worldgen/world_preset
[03:47:29] [Worker-Main-4/DEBUG] [REI] Processed 2 tags in 116.5 μs for minecraft:painting_variant
[03:47:29] [Worker-Main-3/DEBUG] [REI] Processed 0 tags in 324.0 μs for minecraft:worldgen/biome
[03:47:29] [Worker-Main-5/DEBUG] [REI] Processed 118 tags in 4.245 ms for minecraft:entity_type
[03:47:29] [Worker-Main-5/DEBUG] [REI] Processed 0 tags in 9.167 μs for minecraft:dimension_type
[03:47:29] [Worker-Main-5/DEBUG] [REI] Processed 7 tags in 161.6 μs for minecraft:game_event
[03:47:29] [Worker-Main-3/DEBUG] [REI] Processed 1 tags in 20.07 μs for minecraft:recipe_type
[03:47:29] [Worker-Main-5/DEBUG] [REI] Processed 0 tags in 96.25 μs for minecraft:worldgen/structure_set
[03:47:29] [Worker-Main-3/DEBUG] [REI] Processed 2 tags in 30.08 μs for minecraft:cat_variant
[03:47:29] [Worker-Main-5/DEBUG] [REI] Processed 26 tags in 512.7 μs for minecraft:banner_pattern
[03:47:29] [Worker-Main-5/DEBUG] [REI] Processed 10 tags in 137.7 μs for minecraft:fluid
[03:47:29] [Worker-Main-5/DEBUG] [REI] Processed 13 tags in 432.7 μs for minecraft:enchantment
[03:47:30] [Worker-Main-5/DEBUG] [REI] Processed 0 tags in 4.879 μs for minecraft:worldgen/flat_level_generator_preset
[03:47:30] [Worker-Main-4/DEBUG] [REI] Processed 1323 tags in 23.21 ms for minecraft:item
[03:47:30] [Worker-Main-3/DEBUG] [REI] Processed 888 tags in 18.22 ms for minecraft:block
[03:47:41] [main/DEBUG] [REI] ========================================
[03:47:41] [main/DEBUG] [REI] REIPlugin starting pre-reload for START.
[03:47:41] [main/DEBUG] [REI] Reloadables (7):
[03:47:41] [main/DEBUG] [REI]  - EntryTypeRegistryImpl
[03:47:41] [main/DEBUG] [REI]  - EntrySettingsAdapterRegistryImpl
[03:47:41] [main/DEBUG] [REI]  - RecipeManagerContextImpl
[03:47:41] [main/DEBUG] [REI]  - ItemComparatorRegistryImpl
[03:47:41] [main/DEBUG] [REI]  - FluidComparatorRegistryImpl
[03:47:41] [main/DEBUG] [REI]  - DisplaySerializerRegistryImpl
[03:47:41] [main/DEBUG] [REI]  - FluidSupportProviderImpl
[03:47:41] [main/DEBUG] [REI] Plugins (4):
[03:47:41] [main/DEBUG] [REI]  - (-100.00) DefaultPlugin of DefaultPlugin [roughlyenoughitems]
[03:47:41] [main/DEBUG] [REI]  - (0.00) FabricFluidAPISupportPlugin
[03:47:41] [main/DEBUG] [REI]  - (0.00) DefaultRuntimePlugin of DefaultRuntimePlugin [roughlyenoughitems]
[03:47:41] [main/DEBUG] [REI]  - (0.00) AlloyForgeryCommonPlugin of AlloyForgeryCommonPlugin [alloy_forgery]
[03:47:41] [main/DEBUG] [REI] ========================================
[03:47:41] [main/TRACE] [REI] [REIPlugin START] Reloading Section: "pre-register/"
[03:47:41] [main/TRACE] [REI] [REIPlugin START] Reloading Section: "pre-register/DefaultPlugin of DefaultPlugin [roughlyenoughitems]/"
[03:47:41] [main/TRACE] [REI] [REIPlugin START] Reloading Section: "pre-register/DefaultPlugin of DefaultPlugin [roughlyenoughitems]/" done in 1.069 ms
[03:47:41] [main/TRACE] [REI] [REIPlugin START] Reloading Section: "pre-register/FabricFluidAPISupportPlugin/"
[03:47:41] [main/TRACE] [REI] [REIPlugin START] Reloading Section: "pre-register/FabricFluidAPISupportPlugin/" done in 11.76 μs
[03:47:41] [main/TRACE] [REI] [REIPlugin START] Reloading Section: "pre-register/DefaultRuntimePlugin of DefaultRuntimePlugin [roughlyenoughitems]/"
[03:47:41] [main/TRACE] [REI] [REIPlugin START] Reloading Section: "pre-register/DefaultRuntimePlugin of DefaultRuntimePlugin [roughlyenoughitems]/" done in 10.03 μs
[03:47:41] [main/TRACE] [REI] [REIPlugin START] Reloading Section: "pre-register/AlloyForgeryCommonPlugin of AlloyForgeryCommonPlugin [alloy_forgery]/"
[03:47:41] [main/TRACE] [REI] [REIPlugin START] Reloading Section: "pre-register/AlloyForgeryCommonPlugin of AlloyForgeryCommonPlugin [alloy_forgery]/" done in 8.916 μs
[03:47:41] [main/TRACE] [REI] [REIPlugin START] Reloading Section: "pre-register/" done in 14.29 ms
[03:47:41] [main/TRACE] [REI] [REIPlugin START] Reloading Section: "pre-stage/"
[03:47:41] [main/TRACE] [REI] [REIPlugin START] Reloading Section: "pre-stage/EntryTypeRegistryImpl/"
[03:47:41] [main/TRACE] [REI] [REIPlugin START] Reloading Section: "pre-stage/EntryTypeRegistryImpl/" done in 201.8 μs
[03:47:41] [main/TRACE] [REI] [REIPlugin START] Reloading Section: "pre-stage/EntrySettingsAdapterRegistryImpl/"
[03:47:41] [main/TRACE] [REI] [REIPlugin START] Reloading Section: "pre-stage/EntrySettingsAdapterRegistryImpl/" done in 7.845 μs
[03:47:41] [main/TRACE] [REI] [REIPlugin START] Reloading Section: "pre-stage/RecipeManagerContextImpl/"
[03:47:41] [main/TRACE] [REI] [REIPlugin START] Reloading Section: "pre-stage/RecipeManagerContextImpl/" done in 7.334 μs
[03:47:41] [main/TRACE] [REI] [REIPlugin START] Reloading Section: "pre-stage/ItemComparatorRegistryImpl/"
[03:47:41] [main/TRACE] [REI] [REIPlugin START] Reloading Section: "pre-stage/ItemComparatorRegistryImpl/" done in 6.772 μs
[03:47:41] [main/TRACE] [REI] [REIPlugin START] Reloading Section: "pre-stage/FluidComparatorRegistryImpl/"
[03:47:41] [main/TRACE] [REI] [REIPlugin START] Reloading Section: "pre-stage/FluidComparatorRegistryImpl/" done in 7.254 μs
[03:47:41] [main/TRACE] [REI] [REIPlugin START] Reloading Section: "pre-stage/DisplaySerializerRegistryImpl/"
[03:47:41] [main/TRACE] [REI] [REIPlugin START] Reloading Section: "pre-stage/DisplaySerializerRegistryImpl/" done in 9.608 μs
[03:47:41] [main/TRACE] [REI] [REIPlugin START] Reloading Section: "pre-stage/FluidSupportProviderImpl/"
[03:47:41] [main/TRACE] [REI] [REIPlugin START] Reloading Section: "pre-stage/FluidSupportProviderImpl/" done in 7.464 μs
[03:47:41] [main/TRACE] [REI] [REIPlugin START] Reloading Section: "pre-stage/" done in 997.7 μs
[03:47:41] [main/DEBUG] [REI] ========================================
[03:47:41] [main/DEBUG] [REI] REIPlugin finished pre-reload for START in 16.15 ms.
[03:47:41] [main/DEBUG] [REI] ========================================
[03:47:41] [main/DEBUG] [REI] ========================================
[03:47:41] [main/DEBUG] [REI] REIServerPlugin starting pre-reload for START.
[03:47:41] [main/DEBUG] [REI] Reloadables (2):
[03:47:41] [main/DEBUG] [REI]  - MenuInfoRegistryImpl
[03:47:41] [main/DEBUG] [REI]  - SlotAccessorRegistryImpl
[03:47:41] [main/DEBUG] [REI] Plugins (4):
[03:47:41] [main/DEBUG] [REI]  - (-100.00) DefaultPlugin of DefaultPlugin [roughlyenoughitems]
[03:47:41] [main/DEBUG] [REI]  - (0.00) FabricFluidAPISupportPlugin
[03:47:41] [main/DEBUG] [REI]  - (0.00) DefaultRuntimePlugin of DefaultRuntimePlugin [roughlyenoughitems]
[03:47:41] [main/DEBUG] [REI]  - (0.00) AlloyForgeryCommonPlugin of AlloyForgeryCommonPlugin [alloy_forgery]
[03:47:41] [main/DEBUG] [REI] ========================================
[03:47:41] [main/TRACE] [REI] [REIServerPlugin START] Reloading Section: "pre-register/"
[03:47:41] [main/TRACE] [REI] [REIServerPlugin START] Reloading Section: "pre-register/DefaultPlugin of DefaultPlugin [roughlyenoughitems]/"
[03:47:41] [main/TRACE] [REI] [REIServerPlugin START] Reloading Section: "pre-register/DefaultPlugin of DefaultPlugin [roughlyenoughitems]/" done in 10.17 μs
[03:47:41] [main/TRACE] [REI] [REIServerPlugin START] Reloading Section: "pre-register/FabricFluidAPISupportPlugin/"
[03:47:41] [main/TRACE] [REI] [REIServerPlugin START] Reloading Section: "pre-register/FabricFluidAPISupportPlugin/" done in 11.37 μs
[03:47:41] [main/TRACE] [REI] [REIServerPlugin START] Reloading Section: "pre-register/DefaultRuntimePlugin of DefaultRuntimePlugin [roughlyenoughitems]/"
[03:47:41] [main/TRACE] [REI] [REIServerPlugin START] Reloading Section: "pre-register/DefaultRuntimePlugin of DefaultRuntimePlugin [roughlyenoughitems]/" done in 8.967 μs
[03:47:41] [main/TRACE] [REI] [REIServerPlugin START] Reloading Section: "pre-register/AlloyForgeryCommonPlugin of AlloyForgeryCommonPlugin [alloy_forgery]/"
[03:47:41] [main/TRACE] [REI] [REIServerPlugin START] Reloading Section: "pre-register/AlloyForgeryCommonPlugin of AlloyForgeryCommonPlugin [alloy_forgery]/" done in 8.525 μs
[03:47:41] [main/TRACE] [REI] [REIServerPlugin START] Reloading Section: "pre-register/" done in 402.0 μs
[03:47:41] [main/TRACE] [REI] [REIServerPlugin START] Reloading Section: "pre-stage/"
[03:47:41] [main/TRACE] [REI] [REIServerPlugin START] Reloading Section: "pre-stage/MenuInfoRegistryImpl/"
[03:47:41] [main/TRACE] [REI] [REIServerPlugin START] Reloading Section: "pre-stage/MenuInfoRegistryImpl/" done in 7.324 μs
[03:47:41] [main/TRACE] [REI] [REIServerPlugin START] Reloading Section: "pre-stage/SlotAccessorRegistryImpl/"
[03:47:41] [main/TRACE] [REI] [REIServerPlugin START] Reloading Section: "pre-stage/SlotAccessorRegistryImpl/" done in 7.033 μs
[03:47:41] [main/TRACE] [REI] [REIServerPlugin START] Reloading Section: "pre-stage/" done in 224.8 μs
[03:47:41] [main/DEBUG] [REI] ========================================
[03:47:41] [main/DEBUG] [REI] REIServerPlugin finished pre-reload for START in 788.1 μs.
[03:47:41] [main/DEBUG] [REI] ========================================
[03:47:41] [main/INFO] [REI] ****************************************
[03:47:41] [main/INFO] [REI] REIPlugin starting main-reload for START.
[03:47:41] [main/DEBUG] [REI] Reloadables (7):
[03:47:41] [main/DEBUG] [REI]  - EntryTypeRegistryImpl
[03:47:41] [main/DEBUG] [REI]  - EntrySettingsAdapterRegistryImpl
[03:47:41] [main/DEBUG] [REI]  - RecipeManagerContextImpl
[03:47:41] [main/DEBUG] [REI]  - ItemComparatorRegistryImpl
[03:47:41] [main/DEBUG] [REI]  - FluidComparatorRegistryImpl
[03:47:41] [main/DEBUG] [REI]  - DisplaySerializerRegistryImpl
[03:47:41] [main/DEBUG] [REI]  - FluidSupportProviderImpl
[03:47:41] [main/INFO] [REI] Plugins (4):
[03:47:41] [main/INFO] [REI]  - (-100.00) DefaultPlugin of DefaultPlugin [roughlyenoughitems]
[03:47:41] [main/INFO] [REI]  - (0.00) FabricFluidAPISupportPlugin
[03:47:41] [main/INFO] [REI]  - (0.00) DefaultRuntimePlugin of DefaultRuntimePlugin [roughlyenoughitems]
[03:47:41] [main/INFO] [REI]  - (0.00) AlloyForgeryCommonPlugin of AlloyForgeryCommonPlugin [alloy_forgery]
[03:47:41] [main/INFO] [REI] ****************************************
[03:47:41] [main/TRACE] [REI] [REIPlugin START] Reloading Section: "start-reload/"
[03:47:41] [main/TRACE] [REI] [REIPlugin START] Reloading Section: "start-reload/EntryTypeRegistryImpl/"
[03:47:41] [main/TRACE] [REI] [REIPlugin START] Reloading Section: "start-reload/EntryTypeRegistryImpl/" done in 46.30 μs
[03:47:41] [main/TRACE] [REI] [REIPlugin START] Reloading Section: "start-reload/EntrySettingsAdapterRegistryImpl/"
[03:47:41] [main/TRACE] [REI] [REIPlugin START] Reloading Section: "start-reload/EntrySettingsAdapterRegistryImpl/" done in 9.868 μs
[03:47:41] [main/TRACE] [REI] [REIPlugin START] Reloading Section: "start-reload/RecipeManagerContextImpl/"
[03:47:41] [main/TRACE] [REI] [REIPlugin START] Reloading Section: "start-reload/RecipeManagerContextImpl/" done in 8.155 μs
[03:47:41] [main/TRACE] [REI] [REIPlugin START] Reloading Section: "start-reload/ItemComparatorRegistryImpl/"
[03:47:41] [main/TRACE] [REI] [REIPlugin START] Reloading Section: "start-reload/ItemComparatorRegistryImpl/" done in 28.05 μs
[03:47:41] [main/TRACE] [REI] [REIPlugin START] Reloading Section: "start-reload/FluidComparatorRegistryImpl/"
[03:47:41] [main/TRACE] [REI] [REIPlugin START] Reloading Section: "start-reload/FluidComparatorRegistryImpl/" done in 11.27 μs
[03:47:41] [main/TRACE] [REI] [REIPlugin START] Reloading Section: "start-reload/DisplaySerializerRegistryImpl/"
[03:47:41] [main/TRACE] [REI] [REIPlugin START] Reloading Section: "start-reload/DisplaySerializerRegistryImpl/" done in 6.492 μs
[03:47:41] [main/TRACE] [REI] [REIPlugin START] Reloading Section: "start-reload/FluidSupportProviderImpl/"
[03:47:41] [main/TRACE] [REI] [REIPlugin START] Reloading Section: "start-reload/FluidSupportProviderImpl/" done in 19.23 μs
[03:47:41] [main/TRACE] [REI] [REIPlugin START] Reloading Section: "start-reload/" done in 974.1 μs
[03:47:41] [main/DEBUG] [REI] ========================================
[03:47:41] [main/DEBUG] [REI] REIPlugin started main-reload for START.
[03:47:41] [main/DEBUG] [REI] ========================================
[03:47:41] [main/TRACE] [REI] [REIPlugin START] Reloading Section: "reloadable-plugin/EntryTypeRegistryImpl/"
[03:47:41] [main/TRACE] [REI] [REIPlugin START] Reloading Section: "reloadable-plugin/EntryTypeRegistryImpl/DefaultPlugin of DefaultPlugin [roughlyenoughitems]/"
[03:47:41] [main/TRACE] [REI] [REIPlugin START] Reloading Section: "reloadable-plugin/EntryTypeRegistryImpl/DefaultPlugin of DefaultPlugin [roughlyenoughitems]/" done in 183.0 μs
[03:47:41] [main/TRACE] [REI] [REIPlugin START] Reloading Section: "reloadable-plugin/EntryTypeRegistryImpl/FabricFluidAPISupportPlugin/"
[03:47:41] [main/TRACE] [REI] [REIPlugin START] Reloading Section: "reloadable-plugin/EntryTypeRegistryImpl/FabricFluidAPISupportPlugin/" done in 13.14 μs
[03:47:41] [main/TRACE] [REI] [REIPlugin START] Reloading Section: "reloadable-plugin/EntryTypeRegistryImpl/DefaultRuntimePlugin of DefaultRuntimePlugin [roughlyenoughitems]/"
[03:47:41] [main/TRACE] [REI] [REIPlugin START] Reloading Section: "reloadable-plugin/EntryTypeRegistryImpl/DefaultRuntimePlugin of DefaultRuntimePlugin [roughlyenoughitems]/" done in 8.902 ms
[03:47:41] [main/TRACE] [REI] [REIPlugin START] Reloading Section: "reloadable-plugin/EntryTypeRegistryImpl/AlloyForgeryCommonPlugin of AlloyForgeryCommonPlugin [alloy_forgery]/"
[03:47:41] [main/TRACE] [REI] [REIPlugin START] Reloading Section: "reloadable-plugin/EntryTypeRegistryImpl/AlloyForgeryCommonPlugin of AlloyForgeryCommonPlugin [alloy_forgery]/" done in 14.64 μs
[03:47:41] [main/TRACE] [REI] [REIPlugin START] Reloading Section: "reloadable-plugin/EntryTypeRegistryImpl/" done in 9.958 ms
[03:47:41] [main/TRACE] [REI] [REIPlugin START] Reloading Section: "reloadable-plugin/EntrySettingsAdapterRegistryImpl/"
[03:47:41] [main/TRACE] [REI] [REIPlugin START] Reloading Section: "reloadable-plugin/EntrySettingsAdapterRegistryImpl/DefaultPlugin of DefaultPlugin [roughlyenoughitems]/"
[03:47:41] [main/TRACE] [REI] [REIPlugin START] Reloading Section: "reloadable-plugin/EntrySettingsAdapterRegistryImpl/DefaultPlugin of DefaultPlugin [roughlyenoughitems]/" done in 11.88 μs
[03:47:41] [main/TRACE] [REI] [REIPlugin START] Reloading Section: "reloadable-plugin/EntrySettingsAdapterRegistryImpl/FabricFluidAPISupportPlugin/"
[03:47:41] [main/TRACE] [REI] [REIPlugin START] Reloading Section: "reloadable-plugin/EntrySettingsAdapterRegistryImpl/FabricFluidAPISupportPlugin/" done in 12.14 μs
[03:47:41] [main/TRACE] [REI] [REIPlugin START] Reloading Section: "reloadable-plugin/EntrySettingsAdapterRegistryImpl/DefaultRuntimePlugin of DefaultRuntimePlugin [roughlyenoughitems]/"
[03:47:41] [main/TRACE] [REI] [REIPlugin START] Reloading Section: "reloadable-plugin/EntrySettingsAdapterRegistryImpl/DefaultRuntimePlugin of DefaultRuntimePlugin [roughlyenoughitems]/" done in 11.65 μs
[03:47:41] [main/TRACE] [REI] [REIPlugin START] Reloading Section: "reloadable-plugin/EntrySettingsAdapterRegistryImpl/AlloyForgeryCommonPlugin of AlloyForgeryCommonPlugin [alloy_forgery]/"
[03:47:41] [main/TRACE] [REI] [REIPlugin START] Reloading Section: "reloadable-plugin/EntrySettingsAdapterRegistryImpl/AlloyForgeryCommonPlugin of AlloyForgeryCommonPlugin [alloy_forgery]/" done in 11.26 μs
[03:47:41] [main/TRACE] [REI] [REIPlugin START] Reloading Section: "reloadable-plugin/EntrySettingsAdapterRegistryImpl/" done in 458.4 μs
[03:47:41] [main/TRACE] [REI] [REIPlugin START] Reloading Section: "reloadable-plugin/RecipeManagerContextImpl/"
[03:47:41] [main/TRACE] [REI] [REIPlugin START] Reloading Section: "reloadable-plugin/RecipeManagerContextImpl/DefaultPlugin of DefaultPlugin [roughlyenoughitems]/"
[03:47:41] [main/TRACE] [REI] [REIPlugin START] Reloading Section: "reloadable-plugin/RecipeManagerContextImpl/DefaultPlugin of DefaultPlugin [roughlyenoughitems]/" done in 10.69 μs
[03:47:41] [main/TRACE] [REI] [REIPlugin START] Reloading Section: "reloadable-plugin/RecipeManagerContextImpl/FabricFluidAPISupportPlugin/"
[03:47:41] [main/TRACE] [REI] [REIPlugin START] Reloading Section: "reloadable-plugin/RecipeManagerContextImpl/FabricFluidAPISupportPlugin/" done in 14.05 μs
[03:47:41] [main/TRACE] [REI] [REIPlugin START] Reloading Section: "reloadable-plugin/RecipeManagerContextImpl/DefaultRuntimePlugin of DefaultRuntimePlugin [roughlyenoughitems]/"
[03:47:41] [main/TRACE] [REI] [REIPlugin START] Reloading Section: "reloadable-plugin/RecipeManagerContextImpl/DefaultRuntimePlugin of DefaultRuntimePlugin [roughlyenoughitems]/" done in 11.08 μs
[03:47:41] [main/TRACE] [REI] [REIPlugin START] Reloading Section: "reloadable-plugin/RecipeManagerContextImpl/AlloyForgeryCommonPlugin of AlloyForgeryCommonPlugin [alloy_forgery]/"
[03:47:41] [main/TRACE] [REI] [REIPlugin START] Reloading Section: "reloadable-plugin/RecipeManagerContextImpl/AlloyForgeryCommonPlugin of AlloyForgeryCommonPlugin [alloy_forgery]/" done in 11.35 μs
[03:47:41] [main/TRACE] [REI] [REIPlugin START] Reloading Section: "reloadable-plugin/RecipeManagerContextImpl/" done in 390.7 μs
[03:47:41] [main/TRACE] [REI] [REIPlugin START] Reloading Section: "reloadable-plugin/ItemComparatorRegistryImpl/"
[03:47:41] [main/TRACE] [REI] [REIPlugin START] Reloading Section: "reloadable-plugin/ItemComparatorRegistryImpl/DefaultPlugin of DefaultPlugin [roughlyenoughitems]/"
[03:47:41] [main/TRACE] [REI] [REIPlugin START] Reloading Section: "reloadable-plugin/ItemComparatorRegistryImpl/DefaultPlugin of DefaultPlugin [roughlyenoughitems]/" done in 988.7 μs
[03:47:41] [main/TRACE] [REI] [REIPlugin START] Reloading Section: "reloadable-plugin/ItemComparatorRegistryImpl/FabricFluidAPISupportPlugin/"
[03:47:41] [main/TRACE] [REI] [REIPlugin START] Reloading Section: "reloadable-plugin/ItemComparatorRegistryImpl/FabricFluidAPISupportPlugin/" done in 15.46 μs
[03:47:41] [main/TRACE] [REI] [REIPlugin START] Reloading Section: "reloadable-plugin/ItemComparatorRegistryImpl/DefaultRuntimePlugin of DefaultRuntimePlugin [roughlyenoughitems]/"
[03:47:41] [main/TRACE] [REI] [REIPlugin START] Reloading Section: "reloadable-plugin/ItemComparatorRegistryImpl/DefaultRuntimePlugin of DefaultRuntimePlugin [roughlyenoughitems]/" done in 14.38 μs
[03:47:41] [main/TRACE] [REI] [REIPlugin START] Reloading Section: "reloadable-plugin/ItemComparatorRegistryImpl/AlloyForgeryCommonPlugin of AlloyForgeryCommonPlugin [alloy_forgery]/"
[03:47:41] [main/TRACE] [REI] [REIPlugin START] Reloading Section: "reloadable-plugin/ItemComparatorRegistryImpl/AlloyForgeryCommonPlugin of AlloyForgeryCommonPlugin [alloy_forgery]/" done in 12.34 μs
[03:47:41] [main/TRACE] [REI] [REIPlugin START] Reloading Section: "reloadable-plugin/ItemComparatorRegistryImpl/" done in 1.647 ms
[03:47:41] [main/TRACE] [REI] [REIPlugin START] Reloading Section: "reloadable-plugin/FluidComparatorRegistryImpl/"
[03:47:41] [main/TRACE] [REI] [REIPlugin START] Reloading Section: "reloadable-plugin/FluidComparatorRegistryImpl/DefaultPlugin of DefaultPlugin [roughlyenoughitems]/"
[03:47:41] [main/TRACE] [REI] [REIPlugin START] Reloading Section: "reloadable-plugin/FluidComparatorRegistryImpl/DefaultPlugin of DefaultPlugin [roughlyenoughitems]/" done in 18.12 μs
[03:47:41] [main/TRACE] [REI] [REIPlugin START] Reloading Section: "reloadable-plugin/FluidComparatorRegistryImpl/FabricFluidAPISupportPlugin/"
[03:47:41] [main/TRACE] [REI] [REIPlugin START] Reloading Section: "reloadable-plugin/FluidComparatorRegistryImpl/FabricFluidAPISupportPlugin/" done in 12.13 μs
[03:47:41] [main/TRACE] [REI] [REIPlugin START] Reloading Section: "reloadable-plugin/FluidComparatorRegistryImpl/DefaultRuntimePlugin of DefaultRuntimePlugin [roughlyenoughitems]/"
[03:47:41] [main/TRACE] [REI] [REIPlugin START] Reloading Section: "reloadable-plugin/FluidComparatorRegistryImpl/DefaultRuntimePlugin of DefaultRuntimePlugin [roughlyenoughitems]/" done in 15.46 μs
[03:47:41] [main/TRACE] [REI] [REIPlugin START] Reloading Section: "reloadable-plugin/FluidComparatorRegistryImpl/AlloyForgeryCommonPlugin of AlloyForgeryCommonPlugin [alloy_forgery]/"
[03:47:41] [main/TRACE] [REI] [REIPlugin START] Reloading Section: "reloadable-plugin/FluidComparatorRegistryImpl/AlloyForgeryCommonPlugin of AlloyForgeryCommonPlugin [alloy_forgery]/" done in 12.91 μs
[03:47:41] [main/TRACE] [REI] [REIPlugin START] Reloading Section: "reloadable-plugin/FluidComparatorRegistryImpl/" done in 645.1 μs
[03:47:41] [main/TRACE] [REI] [REIPlugin START] Reloading Section: "reloadable-plugin/DisplaySerializerRegistryImpl/"
[03:47:41] [main/TRACE] [REI] [REIPlugin START] Reloading Section: "reloadable-plugin/DisplaySerializerRegistryImpl/DefaultPlugin of DefaultPlugin [roughlyenoughitems]/"
[03:47:41] [main/TRACE] [REI] [REIPlugin START] Reloading Section: "reloadable-plugin/DisplaySerializerRegistryImpl/DefaultPlugin of DefaultPlugin [roughlyenoughitems]/" done in 15.50 μs
[03:47:41] [main/TRACE] [REI] [REIPlugin START] Reloading Section: "reloadable-plugin/DisplaySerializerRegistryImpl/FabricFluidAPISupportPlugin/"
[03:47:41] [main/TRACE] [REI] [REIPlugin START] Reloading Section: "reloadable-plugin/DisplaySerializerRegistryImpl/FabricFluidAPISupportPlugin/" done in 13.44 μs
[03:47:41] [main/TRACE] [REI] [REIPlugin START] Reloading Section: "reloadable-plugin/DisplaySerializerRegistryImpl/DefaultRuntimePlugin of DefaultRuntimePlugin [roughlyenoughitems]/"
[03:47:41] [main/TRACE] [REI] [REIPlugin START] Reloading Section: "reloadable-plugin/DisplaySerializerRegistryImpl/DefaultRuntimePlugin of DefaultRuntimePlugin [roughlyenoughitems]/" done in 14.80 μs
[03:47:41] [main/TRACE] [REI] [REIPlugin START] Reloading Section: "reloadable-plugin/DisplaySerializerRegistryImpl/AlloyForgeryCommonPlugin of AlloyForgeryCommonPlugin [alloy_forgery]/"
[03:47:41] [main/TRACE] [REI] [REIPlugin START] Reloading Section: "reloadable-plugin/DisplaySerializerRegistryImpl/AlloyForgeryCommonPlugin of AlloyForgeryCommonPlugin [alloy_forgery]/" done in 15.57 μs
[03:47:41] [main/TRACE] [REI] [REIPlugin START] Reloading Section: "reloadable-plugin/DisplaySerializerRegistryImpl/" done in 665.6 μs
[03:47:41] [main/TRACE] [REI] [REIPlugin START] Reloading Section: "reloadable-plugin/FluidSupportProviderImpl/"
[03:47:41] [main/TRACE] [REI] [REIPlugin START] Reloading Section: "reloadable-plugin/FluidSupportProviderImpl/DefaultPlugin of DefaultPlugin [roughlyenoughitems]/"
[03:47:41] [main/TRACE] [REI] [REIPlugin START] Reloading Section: "reloadable-plugin/FluidSupportProviderImpl/DefaultPlugin of DefaultPlugin [roughlyenoughitems]/" done in 567.1 μs
[03:47:41] [main/TRACE] [REI] [REIPlugin START] Reloading Section: "reloadable-plugin/FluidSupportProviderImpl/FabricFluidAPISupportPlugin/"
[03:47:41] [main/TRACE] [REI] [REIPlugin START] Reloading Section: "reloadable-plugin/FluidSupportProviderImpl/FabricFluidAPISupportPlugin/" done in 169.7 μs
[03:47:41] [main/TRACE] [REI] [REIPlugin START] Reloading Section: "reloadable-plugin/FluidSupportProviderImpl/DefaultRuntimePlugin of DefaultRuntimePlugin [roughlyenoughitems]/"
[03:47:41] [main/TRACE] [REI] [REIPlugin START] Reloading Section: "reloadable-plugin/FluidSupportProviderImpl/DefaultRuntimePlugin of DefaultRuntimePlugin [roughlyenoughitems]/" done in 14.64 μs
[03:47:41] [main/TRACE] [REI] [REIPlugin START] Reloading Section: "reloadable-plugin/FluidSupportProviderImpl/AlloyForgeryCommonPlugin of AlloyForgeryCommonPlugin [alloy_forgery]/"
[03:47:41] [main/TRACE] [REI] [REIPlugin START] Reloading Section: "reloadable-plugin/FluidSupportProviderImpl/AlloyForgeryCommonPlugin of AlloyForgeryCommonPlugin [alloy_forgery]/" done in 12.47 μs
[03:47:41] [main/TRACE] [REI] [REIPlugin START] Reloading Section: "reloadable-plugin/FluidSupportProviderImpl/" done in 1.353 ms
[03:47:41] [main/DEBUG] [REI] ========================================
[03:47:41] [main/DEBUG] [REI] REIPlugin ending main-reload for START.
[03:47:41] [main/DEBUG] [REI] ========================================
[03:47:41] [main/TRACE] [REI] [REIPlugin START] Reloading Section: "end-reload/"
[03:47:41] [main/TRACE] [REI] [REIPlugin START] Reloading Section: "end-reload/EntryTypeRegistryImpl/"
[03:47:41] [main/TRACE] [REI] [REIPlugin START] Reloading Section: "end-reload/EntryTypeRegistryImpl/" done in 14.49 μs
[03:47:41] [main/TRACE] [REI] [REIPlugin START] Reloading Section: "end-reload/EntrySettingsAdapterRegistryImpl/"
[03:47:41] [main/TRACE] [REI] [REIPlugin START] Reloading Section: "end-reload/EntrySettingsAdapterRegistryImpl/" done in 7.694 μs
[03:47:41] [main/TRACE] [REI] [REIPlugin START] Reloading Section: "end-reload/RecipeManagerContextImpl/"
[03:47:41] [main/TRACE] [REI] [REIPlugin START] Reloading Section: "end-reload/RecipeManagerContextImpl/" done in 7.715 μs
[03:47:41] [main/TRACE] [REI] [REIPlugin START] Reloading Section: "end-reload/ItemComparatorRegistryImpl/"
[03:47:41] [main/TRACE] [REI] [REIPlugin START] Reloading Section: "end-reload/ItemComparatorRegistryImpl/" done in 7.364 μs
[03:47:41] [main/TRACE] [REI] [REIPlugin START] Reloading Section: "end-reload/FluidComparatorRegistryImpl/"
[03:47:41] [main/TRACE] [REI] [REIPlugin START] Reloading Section: "end-reload/FluidComparatorRegistryImpl/" done in 7.834 μs
[03:47:41] [main/TRACE] [REI] [REIPlugin START] Reloading Section: "end-reload/DisplaySerializerRegistryImpl/"
[03:47:41] [main/TRACE] [REI] [REIPlugin START] Reloading Section: "end-reload/DisplaySerializerRegistryImpl/" done in 7.153 μs
[03:47:41] [main/TRACE] [REI] [REIPlugin START] Reloading Section: "end-reload/FluidSupportProviderImpl/"
[03:47:41] [main/TRACE] [REI] [REIPlugin START] Reloading Section: "end-reload/FluidSupportProviderImpl/" done in 7.344 μs
[03:47:41] [main/TRACE] [REI] [REIPlugin START] Reloading Section: "end-reload/" done in 863.3 μs
[03:47:41] [main/DEBUG] [REI] ========================================
[03:47:41] [main/DEBUG] [REI] REIPlugin ended main-reload for START in 19.50 ms.
[03:47:41] [main/DEBUG] [REI] ========================================
[03:47:41] [main/INFO] [REI] @@@@@@@@@@@@@@@@@@@@@@@@@@@@@@@@@@@@@@@@
[03:47:41] [main/INFO] [REI] REIServerPlugin starting main-reload for START.
[03:47:41] [main/DEBUG] [REI] Reloadables (2):
[03:47:41] [main/DEBUG] [REI]  - MenuInfoRegistryImpl
[03:47:41] [main/DEBUG] [REI]  - SlotAccessorRegistryImpl
[03:47:41] [main/INFO] [REI] Plugins (4):
[03:47:41] [main/INFO] [REI]  - (-100.00) DefaultPlugin of DefaultPlugin [roughlyenoughitems]
[03:47:41] [main/INFO] [REI]  - (0.00) FabricFluidAPISupportPlugin
[03:47:41] [main/INFO] [REI]  - (0.00) DefaultRuntimePlugin of DefaultRuntimePlugin [roughlyenoughitems]
[03:47:41] [main/INFO] [REI]  - (0.00) AlloyForgeryCommonPlugin of AlloyForgeryCommonPlugin [alloy_forgery]
[03:47:41] [main/INFO] [REI] @@@@@@@@@@@@@@@@@@@@@@@@@@@@@@@@@@@@@@@@
[03:47:41] [main/TRACE] [REI] [REIServerPlugin START] Reloading Section: "start-reload/"
[03:47:41] [main/TRACE] [REI] [REIServerPlugin START] Reloading Section: "start-reload/MenuInfoRegistryImpl/"
[03:47:41] [main/TRACE] [REI] [REIServerPlugin START] Reloading Section: "start-reload/MenuInfoRegistryImpl/" done in 8.306 μs
[03:47:41] [main/TRACE] [REI] [REIServerPlugin START] Reloading Section: "start-reload/SlotAccessorRegistryImpl/"
[03:47:41] [main/TRACE] [REI] [REIServerPlugin START] Reloading Section: "start-reload/SlotAccessorRegistryImpl/" done in 6.041 μs
[03:47:41] [main/TRACE] [REI] [REIServerPlugin START] Reloading Section: "start-reload/" done in 179.8 μs
[03:47:41] [main/DEBUG] [REI] ========================================
[03:47:41] [main/DEBUG] [REI] REIServerPlugin started main-reload for START.
[03:47:41] [main/DEBUG] [REI] ========================================
[03:47:41] [main/TRACE] [REI] [REIServerPlugin START] Reloading Section: "reloadable-plugin/MenuInfoRegistryImpl/"
[03:47:41] [main/TRACE] [REI] [REIServerPlugin START] Reloading Section: "reloadable-plugin/MenuInfoRegistryImpl/DefaultPlugin of DefaultPlugin [roughlyenoughitems]/"
[03:47:41] [main/TRACE] [REI] [REIServerPlugin START] Reloading Section: "reloadable-plugin/MenuInfoRegistryImpl/DefaultPlugin of DefaultPlugin [roughlyenoughitems]/" done in 9.007 μs
[03:47:41] [main/TRACE] [REI] [REIServerPlugin START] Reloading Section: "reloadable-plugin/MenuInfoRegistryImpl/FabricFluidAPISupportPlugin/"
[03:47:41] [main/TRACE] [REI] [REIServerPlugin START] Reloading Section: "reloadable-plugin/MenuInfoRegistryImpl/FabricFluidAPISupportPlugin/" done in 8.726 μs
[03:47:41] [main/TRACE] [REI] [REIServerPlugin START] Reloading Section: "reloadable-plugin/MenuInfoRegistryImpl/DefaultRuntimePlugin of DefaultRuntimePlugin [roughlyenoughitems]/"
[03:47:41] [main/TRACE] [REI] [REIServerPlugin START] Reloading Section: "reloadable-plugin/MenuInfoRegistryImpl/DefaultRuntimePlugin of DefaultRuntimePlugin [roughlyenoughitems]/" done in 8.416 μs
[03:47:41] [main/TRACE] [REI] [REIServerPlugin START] Reloading Section: "reloadable-plugin/MenuInfoRegistryImpl/AlloyForgeryCommonPlugin of AlloyForgeryCommonPlugin [alloy_forgery]/"
[03:47:41] [main/TRACE] [REI] [REIServerPlugin START] Reloading Section: "reloadable-plugin/MenuInfoRegistryImpl/AlloyForgeryCommonPlugin of AlloyForgeryCommonPlugin [alloy_forgery]/" done in 8.946 μs
[03:47:41] [main/TRACE] [REI] [REIServerPlugin START] Reloading Section: "reloadable-plugin/MenuInfoRegistryImpl/" done in 367.4 μs
[03:47:41] [main/TRACE] [REI] [REIServerPlugin START] Reloading Section: "reloadable-plugin/SlotAccessorRegistryImpl/"
[03:47:41] [main/TRACE] [REI] [REIServerPlugin START] Reloading Section: "reloadable-plugin/SlotAccessorRegistryImpl/DefaultPlugin of DefaultPlugin [roughlyenoughitems]/"
[03:47:41] [main/TRACE] [REI] [REIServerPlugin START] Reloading Section: "reloadable-plugin/SlotAccessorRegistryImpl/DefaultPlugin of DefaultPlugin [roughlyenoughitems]/" done in 9.408 μs
[03:47:41] [main/TRACE] [REI] [REIServerPlugin START] Reloading Section: "reloadable-plugin/SlotAccessorRegistryImpl/FabricFluidAPISupportPlugin/"
[03:47:41] [main/TRACE] [REI] [REIServerPlugin START] Reloading Section: "reloadable-plugin/SlotAccessorRegistryImpl/FabricFluidAPISupportPlugin/" done in 11.74 μs
[03:47:41] [main/TRACE] [REI] [REIServerPlugin START] Reloading Section: "reloadable-plugin/SlotAccessorRegistryImpl/DefaultRuntimePlugin of DefaultRuntimePlugin [roughlyenoughitems]/"
[03:47:41] [main/TRACE] [REI] [REIServerPlugin START] Reloading Section: "reloadable-plugin/SlotAccessorRegistryImpl/DefaultRuntimePlugin of DefaultRuntimePlugin [roughlyenoughitems]/" done in 10.74 μs
[03:47:41] [main/TRACE] [REI] [REIServerPlugin START] Reloading Section: "reloadable-plugin/SlotAccessorRegistryImpl/AlloyForgeryCommonPlugin of AlloyForgeryCommonPlugin [alloy_forgery]/"
[03:47:41] [main/TRACE] [REI] [REIServerPlugin START] Reloading Section: "reloadable-plugin/SlotAccessorRegistryImpl/AlloyForgeryCommonPlugin of AlloyForgeryCommonPlugin [alloy_forgery]/" done in 13.71 μs
[03:47:41] [main/TRACE] [REI] [REIServerPlugin START] Reloading Section: "reloadable-plugin/SlotAccessorRegistryImpl/" done in 812.8 μs
[03:47:41] [main/DEBUG] [REI] ========================================
[03:47:41] [main/DEBUG] [REI] REIServerPlugin ending main-reload for START.
[03:47:41] [main/DEBUG] [REI] ========================================
[03:47:41] [main/TRACE] [REI] [REIServerPlugin START] Reloading Section: "end-reload/"
[03:47:41] [main/TRACE] [REI] [REIServerPlugin START] Reloading Section: "end-reload/MenuInfoRegistryImpl/"
[03:47:41] [main/TRACE] [REI] [REIServerPlugin START] Reloading Section: "end-reload/MenuInfoRegistryImpl/" done in 7.925 μs
[03:47:41] [main/TRACE] [REI] [REIServerPlugin START] Reloading Section: "end-reload/SlotAccessorRegistryImpl/"
[03:47:41] [main/TRACE] [REI] [REIServerPlugin START] Reloading Section: "end-reload/SlotAccessorRegistryImpl/" done in 7.443 μs
[03:47:41] [main/TRACE] [REI] [REIServerPlugin START] Reloading Section: "end-reload/" done in 222.8 μs
[03:47:41] [main/DEBUG] [REI] ========================================
[03:47:41] [main/DEBUG] [REI] REIServerPlugin ended main-reload for START in 4.861 ms.
[03:47:41] [main/DEBUG] [REI] ========================================
[03:47:41] [main/DEBUG] [REI] ========================================
[03:47:41] [main/DEBUG] [REI] REIPlugin starting post-reload for START.
[03:47:41] [main/DEBUG] [REI] Reloadables (7):
[03:47:41] [main/DEBUG] [REI]  - EntryTypeRegistryImpl
[03:47:41] [main/DEBUG] [REI]  - EntrySettingsAdapterRegistryImpl
[03:47:41] [main/DEBUG] [REI]  - RecipeManagerContextImpl
[03:47:41] [main/DEBUG] [REI]  - ItemComparatorRegistryImpl
[03:47:41] [main/DEBUG] [REI]  - FluidComparatorRegistryImpl
[03:47:41] [main/DEBUG] [REI]  - DisplaySerializerRegistryImpl
[03:47:41] [main/DEBUG] [REI]  - FluidSupportProviderImpl
[03:47:41] [main/DEBUG] [REI] Plugins (4):
[03:47:41] [main/DEBUG] [REI]  - (-100.00) DefaultPlugin of DefaultPlugin [roughlyenoughitems]
[03:47:41] [main/DEBUG] [REI]  - (0.00) FabricFluidAPISupportPlugin
[03:47:41] [main/DEBUG] [REI]  - (0.00) DefaultRuntimePlugin of DefaultRuntimePlugin [roughlyenoughitems]
[03:47:41] [main/DEBUG] [REI]  - (0.00) AlloyForgeryCommonPlugin of AlloyForgeryCommonPlugin [alloy_forgery]
[03:47:41] [main/DEBUG] [REI] ========================================
[03:47:41] [main/TRACE] [REI] [REIPlugin START] Reloading Section: "post-register/"
[03:47:41] [main/TRACE] [REI] [REIPlugin START] Reloading Section: "post-register/DefaultPlugin of DefaultPlugin [roughlyenoughitems]/"
[03:47:41] [main/TRACE] [REI] [REIPlugin START] Reloading Section: "post-register/DefaultPlugin of DefaultPlugin [roughlyenoughitems]/" done in 179.9 μs
[03:47:41] [main/TRACE] [REI] [REIPlugin START] Reloading Section: "post-register/FabricFluidAPISupportPlugin/"
[03:47:41] [main/TRACE] [REI] [REIPlugin START] Reloading Section: "post-register/FabricFluidAPISupportPlugin/" done in 9.778 μs
[03:47:41] [main/TRACE] [REI] [REIPlugin START] Reloading Section: "post-register/DefaultRuntimePlugin of DefaultRuntimePlugin [roughlyenoughitems]/"
[03:47:41] [main/TRACE] [REI] [REIPlugin START] Reloading Section: "post-register/DefaultRuntimePlugin of DefaultRuntimePlugin [roughlyenoughitems]/" done in 9.288 μs
[03:47:41] [main/TRACE] [REI] [REIPlugin START] Reloading Section: "post-register/AlloyForgeryCommonPlugin of AlloyForgeryCommonPlugin [alloy_forgery]/"
[03:47:41] [main/TRACE] [REI] [REIPlugin START] Reloading Section: "post-register/AlloyForgeryCommonPlugin of AlloyForgeryCommonPlugin [alloy_forgery]/" done in 9.057 μs
[03:47:41] [main/TRACE] [REI] [REIPlugin START] Reloading Section: "post-register/" done in 941.2 μs
[03:47:41] [main/TRACE] [REI] [REIPlugin START] Reloading Section: "post-stage/"
[03:47:41] [main/TRACE] [REI] [REIPlugin START] Reloading Section: "post-stage/EntryTypeRegistryImpl/"
[03:47:41] [main/TRACE] [REI] [REIPlugin START] Reloading Section: "post-stage/EntryTypeRegistryImpl/" done in 27.40 μs
[03:47:41] [main/TRACE] [REI] [REIPlugin START] Reloading Section: "post-stage/EntrySettingsAdapterRegistryImpl/"
[03:47:41] [main/TRACE] [REI] [REIPlugin START] Reloading Section: "post-stage/EntrySettingsAdapterRegistryImpl/" done in 6.502 μs
[03:47:41] [main/TRACE] [REI] [REIPlugin START] Reloading Section: "post-stage/RecipeManagerContextImpl/"
[03:47:41] [main/TRACE] [REI] [REIPlugin START] Reloading Section: "post-stage/RecipeManagerContextImpl/" done in 6.612 μs
[03:47:41] [main/TRACE] [REI] [REIPlugin START] Reloading Section: "post-stage/ItemComparatorRegistryImpl/"
[03:47:41] [main/TRACE] [REI] [REIPlugin START] Reloading Section: "post-stage/ItemComparatorRegistryImpl/" done in 6.232 μs
[03:47:41] [main/TRACE] [REI] [REIPlugin START] Reloading Section: "post-stage/FluidComparatorRegistryImpl/"
[03:47:41] [main/TRACE] [REI] [REIPlugin START] Reloading Section: "post-stage/FluidComparatorRegistryImpl/" done in 5.680 μs
[03:47:41] [main/TRACE] [REI] [REIPlugin START] Reloading Section: "post-stage/DisplaySerializerRegistryImpl/"
[03:47:41] [main/TRACE] [REI] [REIPlugin START] Reloading Section: "post-stage/DisplaySerializerRegistryImpl/" done in 6.221 μs
[03:47:41] [main/TRACE] [REI] [REIPlugin START] Reloading Section: "post-stage/FluidSupportProviderImpl/"
[03:47:41] [main/TRACE] [REI] [REIPlugin START] Reloading Section: "post-stage/FluidSupportProviderImpl/" done in 6.652 μs
[03:47:41] [main/TRACE] [REI] [REIPlugin START] Reloading Section: "post-stage/" done in 835.0 μs
[03:47:41] [main/DEBUG] [REI] ========================================
[03:47:41] [main/INFO] [REI] REIPlugin finished post-reload for START in 2.002 ms, totaling 37.63 ms.
[03:47:41] [main/DEBUG] [REI] ========================================
[03:47:41] [main/DEBUG] [REI] ========================================
[03:47:41] [main/DEBUG] [REI] REIServerPlugin starting post-reload for START.
[03:47:41] [main/DEBUG] [REI] Reloadables (2):
[03:47:41] [main/DEBUG] [REI]  - MenuInfoRegistryImpl
[03:47:41] [main/DEBUG] [REI]  - SlotAccessorRegistryImpl
[03:47:41] [main/DEBUG] [REI] Plugins (4):
[03:47:41] [main/DEBUG] [REI]  - (-100.00) DefaultPlugin of DefaultPlugin [roughlyenoughitems]
[03:47:41] [main/DEBUG] [REI]  - (0.00) FabricFluidAPISupportPlugin
[03:47:41] [main/DEBUG] [REI]  - (0.00) DefaultRuntimePlugin of DefaultRuntimePlugin [roughlyenoughitems]
[03:47:41] [main/DEBUG] [REI]  - (0.00) AlloyForgeryCommonPlugin of AlloyForgeryCommonPlugin [alloy_forgery]
[03:47:41] [main/DEBUG] [REI] ========================================
[03:47:41] [main/TRACE] [REI] [REIServerPlugin START] Reloading Section: "post-register/"
[03:47:41] [main/TRACE] [REI] [REIServerPlugin START] Reloading Section: "post-register/DefaultPlugin of DefaultPlugin [roughlyenoughitems]/"
[03:47:41] [main/TRACE] [REI] [REIServerPlugin START] Reloading Section: "post-register/DefaultPlugin of DefaultPlugin [roughlyenoughitems]/" done in 10.71 μs
[03:47:41] [main/TRACE] [REI] [REIServerPlugin START] Reloading Section: "post-register/FabricFluidAPISupportPlugin/"
[03:47:41] [main/TRACE] [REI] [REIServerPlugin START] Reloading Section: "post-register/FabricFluidAPISupportPlugin/" done in 10.21 μs
[03:47:41] [main/TRACE] [REI] [REIServerPlugin START] Reloading Section: "post-register/DefaultRuntimePlugin of DefaultRuntimePlugin [roughlyenoughitems]/"
[03:47:41] [main/TRACE] [REI] [REIServerPlugin START] Reloading Section: "post-register/DefaultRuntimePlugin of DefaultRuntimePlugin [roughlyenoughitems]/" done in 24.24 μs
[03:47:41] [main/TRACE] [REI] [REIServerPlugin START] Reloading Section: "post-register/AlloyForgeryCommonPlugin of AlloyForgeryCommonPlugin [alloy_forgery]/"
[03:47:41] [main/TRACE] [REI] [REIServerPlugin START] Reloading Section: "post-register/AlloyForgeryCommonPlugin of AlloyForgeryCommonPlugin [alloy_forgery]/" done in 8.977 μs
[03:47:41] [main/TRACE] [REI] [REIServerPlugin START] Reloading Section: "post-register/" done in 490.1 μs
[03:47:41] [main/TRACE] [REI] [REIServerPlugin START] Reloading Section: "post-stage/"
[03:47:41] [main/TRACE] [REI] [REIServerPlugin START] Reloading Section: "post-stage/MenuInfoRegistryImpl/"
[03:47:41] [main/TRACE] [REI] [REIServerPlugin START] Reloading Section: "post-stage/MenuInfoRegistryImpl/" done in 7.324 μs
[03:47:41] [main/TRACE] [REI] [REIServerPlugin START] Reloading Section: "post-stage/SlotAccessorRegistryImpl/"
[03:47:41] [main/TRACE] [REI] [REIServerPlugin START] Reloading Section: "post-stage/SlotAccessorRegistryImpl/" done in 6.021 μs
[03:47:41] [main/TRACE] [REI] [REIServerPlugin START] Reloading Section: "post-stage/" done in 203.3 μs
[03:47:41] [main/DEBUG] [REI] ========================================
[03:47:41] [main/INFO] [REI] REIServerPlugin finished post-reload for START in 925.0 μs, totaling 6.554 ms.
[03:47:41] [main/DEBUG] [REI] ========================================
[03:47:41] [main/DEBUG] [REI] ========================================
[03:47:41] [main/DEBUG] [REI] REIPlugin starting pre-reload for END.
[03:47:41] [main/DEBUG] [REI] Reloadables (7):
[03:47:41] [main/DEBUG] [REI]  - EntryTypeRegistryImpl
[03:47:41] [main/DEBUG] [REI]  - EntrySettingsAdapterRegistryImpl
[03:47:41] [main/DEBUG] [REI]  - RecipeManagerContextImpl
[03:47:41] [main/DEBUG] [REI]  - ItemComparatorRegistryImpl
[03:47:41] [main/DEBUG] [REI]  - FluidComparatorRegistryImpl
[03:47:41] [main/DEBUG] [REI]  - DisplaySerializerRegistryImpl
[03:47:41] [main/DEBUG] [REI]  - FluidSupportProviderImpl
[03:47:41] [main/DEBUG] [REI] Plugins (4):
[03:47:41] [main/DEBUG] [REI]  - (-100.00) DefaultPlugin of DefaultPlugin [roughlyenoughitems]
[03:47:41] [main/DEBUG] [REI]  - (0.00) FabricFluidAPISupportPlugin
[03:47:41] [main/DEBUG] [REI]  - (0.00) DefaultRuntimePlugin of DefaultRuntimePlugin [roughlyenoughitems]
[03:47:41] [main/DEBUG] [REI]  - (0.00) AlloyForgeryCommonPlugin of AlloyForgeryCommonPlugin [alloy_forgery]
[03:47:41] [main/DEBUG] [REI] ========================================
[03:47:41] [main/TRACE] [REI] [REIPlugin END] Reloading Section: "pre-register/"
[03:47:41] [main/TRACE] [REI] [REIPlugin END] Reloading Section: "pre-register/DefaultPlugin of DefaultPlugin [roughlyenoughitems]/"
[03:47:41] [main/TRACE] [REI] [REIPlugin END] Reloading Section: "pre-register/DefaultPlugin of DefaultPlugin [roughlyenoughitems]/" done in 10.20 μs
[03:47:41] [main/TRACE] [REI] [REIPlugin END] Reloading Section: "pre-register/FabricFluidAPISupportPlugin/"
[03:47:41] [main/TRACE] [REI] [REIPlugin END] Reloading Section: "pre-register/FabricFluidAPISupportPlugin/" done in 9.758 μs
[03:47:41] [main/TRACE] [REI] [REIPlugin END] Reloading Section: "pre-register/DefaultRuntimePlugin of DefaultRuntimePlugin [roughlyenoughitems]/"
[03:47:41] [main/TRACE] [REI] [REIPlugin END] Reloading Section: "pre-register/DefaultRuntimePlugin of DefaultRuntimePlugin [roughlyenoughitems]/" done in 17.02 μs
[03:47:41] [main/TRACE] [REI] [REIPlugin END] Reloading Section: "pre-register/AlloyForgeryCommonPlugin of AlloyForgeryCommonPlugin [alloy_forgery]/"
[03:47:41] [main/TRACE] [REI] [REIPlugin END] Reloading Section: "pre-register/AlloyForgeryCommonPlugin of AlloyForgeryCommonPlugin [alloy_forgery]/" done in 8.916 μs
[03:47:41] [main/TRACE] [REI] [REIPlugin END] Reloading Section: "pre-register/" done in 465.1 μs
[03:47:41] [main/TRACE] [REI] [REIPlugin END] Reloading Section: "pre-stage/"
[03:47:41] [main/TRACE] [REI] [REIPlugin END] Reloading Section: "pre-stage/EntryTypeRegistryImpl/"
[03:47:41] [main/TRACE] [REI] [REIPlugin END] Reloading Section: "pre-stage/EntryTypeRegistryImpl/" done in 6.953 μs
[03:47:41] [main/TRACE] [REI] [REIPlugin END] Reloading Section: "pre-stage/EntrySettingsAdapterRegistryImpl/"
[03:47:41] [main/TRACE] [REI] [REIPlugin END] Reloading Section: "pre-stage/EntrySettingsAdapterRegistryImpl/" done in 15.82 μs
[03:47:41] [main/TRACE] [REI] [REIPlugin END] Reloading Section: "pre-stage/RecipeManagerContextImpl/"
[03:47:41] [main/TRACE] [REI] [REIPlugin END] Reloading Section: "pre-stage/RecipeManagerContextImpl/" done in 7.123 μs
[03:47:41] [main/TRACE] [REI] [REIPlugin END] Reloading Section: "pre-stage/ItemComparatorRegistryImpl/"
[03:47:41] [main/TRACE] [REI] [REIPlugin END] Reloading Section: "pre-stage/ItemComparatorRegistryImpl/" done in 6.422 μs
[03:47:41] [main/TRACE] [REI] [REIPlugin END] Reloading Section: "pre-stage/FluidComparatorRegistryImpl/"
[03:47:41] [main/TRACE] [REI] [REIPlugin END] Reloading Section: "pre-stage/FluidComparatorRegistryImpl/" done in 11.63 μs
[03:47:41] [main/TRACE] [REI] [REIPlugin END] Reloading Section: "pre-stage/DisplaySerializerRegistryImpl/"
[03:47:41] [main/TRACE] [REI] [REIPlugin END] Reloading Section: "pre-stage/DisplaySerializerRegistryImpl/" done in 6.161 μs
[03:47:41] [main/TRACE] [REI] [REIPlugin END] Reloading Section: "pre-stage/FluidSupportProviderImpl/"
[03:47:41] [main/TRACE] [REI] [REIPlugin END] Reloading Section: "pre-stage/FluidSupportProviderImpl/" done in 5.951 μs
[03:47:41] [main/TRACE] [REI] [REIPlugin END] Reloading Section: "pre-stage/" done in 757.9 μs
[03:47:41] [main/DEBUG] [REI] ========================================
[03:47:41] [main/DEBUG] [REI] REIPlugin finished pre-reload for END in 1.395 ms.
[03:47:41] [main/DEBUG] [REI] ========================================
[03:47:41] [main/DEBUG] [REI] ========================================
[03:47:41] [main/DEBUG] [REI] REIServerPlugin starting pre-reload for END.
[03:47:41] [main/DEBUG] [REI] Reloadables (2):
[03:47:41] [main/DEBUG] [REI]  - MenuInfoRegistryImpl
[03:47:41] [main/DEBUG] [REI]  - SlotAccessorRegistryImpl
[03:47:41] [main/DEBUG] [REI] Plugins (4):
[03:47:41] [main/DEBUG] [REI]  - (-100.00) DefaultPlugin of DefaultPlugin [roughlyenoughitems]
[03:47:41] [main/DEBUG] [REI]  - (0.00) FabricFluidAPISupportPlugin
[03:47:41] [main/DEBUG] [REI]  - (0.00) DefaultRuntimePlugin of DefaultRuntimePlugin [roughlyenoughitems]
[03:47:41] [main/DEBUG] [REI]  - (0.00) AlloyForgeryCommonPlugin of AlloyForgeryCommonPlugin [alloy_forgery]
[03:47:41] [main/DEBUG] [REI] ========================================
[03:47:41] [main/TRACE] [REI] [REIServerPlugin END] Reloading Section: "pre-register/"
[03:47:41] [main/TRACE] [REI] [REIServerPlugin END] Reloading Section: "pre-register/DefaultPlugin of DefaultPlugin [roughlyenoughitems]/"
[03:47:41] [main/TRACE] [REI] [REIServerPlugin END] Reloading Section: "pre-register/DefaultPlugin of DefaultPlugin [roughlyenoughitems]/" done in 8.586 μs
[03:47:41] [main/TRACE] [REI] [REIServerPlugin END] Reloading Section: "pre-register/FabricFluidAPISupportPlugin/"
[03:47:41] [main/TRACE] [REI] [REIServerPlugin END] Reloading Section: "pre-register/FabricFluidAPISupportPlugin/" done in 8.826 μs
[03:47:41] [main/TRACE] [REI] [REIServerPlugin END] Reloading Section: "pre-register/DefaultRuntimePlugin of DefaultRuntimePlugin [roughlyenoughitems]/"
[03:47:41] [main/TRACE] [REI] [REIServerPlugin END] Reloading Section: "pre-register/DefaultRuntimePlugin of DefaultRuntimePlugin [roughlyenoughitems]/" done in 8.335 μs
[03:47:41] [main/TRACE] [REI] [REIServerPlugin END] Reloading Section: "pre-register/AlloyForgeryCommonPlugin of AlloyForgeryCommonPlugin [alloy_forgery]/"
[03:47:41] [main/TRACE] [REI] [REIServerPlugin END] Reloading Section: "pre-register/AlloyForgeryCommonPlugin of AlloyForgeryCommonPlugin [alloy_forgery]/" done in 8.686 μs
[03:47:41] [main/TRACE] [REI] [REIServerPlugin END] Reloading Section: "pre-register/" done in 444.2 μs
[03:47:41] [main/TRACE] [REI] [REIServerPlugin END] Reloading Section: "pre-stage/"
[03:47:41] [main/TRACE] [REI] [REIServerPlugin END] Reloading Section: "pre-stage/MenuInfoRegistryImpl/"
[03:47:41] [main/TRACE] [REI] [REIServerPlugin END] Reloading Section: "pre-stage/MenuInfoRegistryImpl/" done in 9.729 μs
[03:47:41] [main/TRACE] [REI] [REIServerPlugin END] Reloading Section: "pre-stage/SlotAccessorRegistryImpl/"
[03:47:41] [main/TRACE] [REI] [REIServerPlugin END] Reloading Section: "pre-stage/SlotAccessorRegistryImpl/" done in 23.54 μs
[03:47:41] [main/TRACE] [REI] [REIServerPlugin END] Reloading Section: "pre-stage/" done in 251.4 μs
[03:47:41] [main/DEBUG] [REI] ========================================
[03:47:41] [main/DEBUG] [REI] REIServerPlugin finished pre-reload for END in 887.6 μs.
[03:47:41] [main/DEBUG] [REI] ========================================
[03:47:41] [main/INFO] [REI] ****************************************
[03:47:41] [main/INFO] [REI] REIPlugin starting main-reload for END.
[03:47:41] [main/DEBUG] [REI] Reloadables (7):
[03:47:41] [main/DEBUG] [REI]  - EntryTypeRegistryImpl
[03:47:41] [main/DEBUG] [REI]  - EntrySettingsAdapterRegistryImpl
[03:47:41] [main/DEBUG] [REI]  - RecipeManagerContextImpl
[03:47:41] [main/DEBUG] [REI]  - ItemComparatorRegistryImpl
[03:47:41] [main/DEBUG] [REI]  - FluidComparatorRegistryImpl
[03:47:41] [main/DEBUG] [REI]  - DisplaySerializerRegistryImpl
[03:47:41] [main/DEBUG] [REI]  - FluidSupportProviderImpl
[03:47:41] [main/INFO] [REI] Plugins (4):
[03:47:41] [main/INFO] [REI]  - (-100.00) DefaultPlugin of DefaultPlugin [roughlyenoughitems]
[03:47:41] [main/INFO] [REI]  - (0.00) FabricFluidAPISupportPlugin
[03:47:41] [main/INFO] [REI]  - (0.00) DefaultRuntimePlugin of DefaultRuntimePlugin [roughlyenoughitems]
[03:47:41] [main/INFO] [REI]  - (0.00) AlloyForgeryCommonPlugin of AlloyForgeryCommonPlugin [alloy_forgery]
[03:47:41] [main/INFO] [REI] ****************************************
[03:47:41] [main/TRACE] [REI] [REIPlugin END] Reloading Section: "start-reload/"
[03:47:41] [main/TRACE] [REI] [REIPlugin END] Reloading Section: "start-reload/EntryTypeRegistryImpl/"
[03:47:41] [main/TRACE] [REI] [REIPlugin END] Reloading Section: "start-reload/EntryTypeRegistryImpl/" done in 7.575 μs
[03:47:41] [main/TRACE] [REI] [REIPlugin END] Reloading Section: "start-reload/EntrySettingsAdapterRegistryImpl/"
[03:47:41] [main/TRACE] [REI] [REIPlugin END] Reloading Section: "start-reload/EntrySettingsAdapterRegistryImpl/" done in 19.60 μs
[03:47:41] [main/TRACE] [REI] [REIPlugin END] Reloading Section: "start-reload/RecipeManagerContextImpl/"
[03:47:41] [main/TRACE] [REI] [REIPlugin END] Reloading Section: "start-reload/RecipeManagerContextImpl/" done in 7.574 μs
[03:47:41] [main/TRACE] [REI] [REIPlugin END] Reloading Section: "start-reload/ItemComparatorRegistryImpl/"
[03:47:41] [main/TRACE] [REI] [REIPlugin END] Reloading Section: "start-reload/ItemComparatorRegistryImpl/" done in 6.001 μs
[03:47:41] [main/TRACE] [REI] [REIPlugin END] Reloading Section: "start-reload/FluidComparatorRegistryImpl/"
[03:47:41] [main/TRACE] [REI] [REIPlugin END] Reloading Section: "start-reload/FluidComparatorRegistryImpl/" done in 10.09 μs
[03:47:41] [main/TRACE] [REI] [REIPlugin END] Reloading Section: "start-reload/DisplaySerializerRegistryImpl/"
[03:47:41] [main/TRACE] [REI] [REIPlugin END] Reloading Section: "start-reload/DisplaySerializerRegistryImpl/" done in 15.38 μs
[03:47:41] [main/TRACE] [REI] [REIPlugin END] Reloading Section: "start-reload/FluidSupportProviderImpl/"
[03:47:41] [main/TRACE] [REI] [REIPlugin END] Reloading Section: "start-reload/FluidSupportProviderImpl/" done in 6.592 μs
[03:47:41] [main/TRACE] [REI] [REIPlugin END] Reloading Section: "start-reload/" done in 748.4 μs
[03:47:41] [main/DEBUG] [REI] ========================================
[03:47:41] [main/DEBUG] [REI] REIPlugin started main-reload for END.
[03:47:41] [main/DEBUG] [REI] ========================================
[03:47:41] [main/TRACE] [REI] [REIPlugin END] Reloading Section: "reloadable-plugin/EntryTypeRegistryImpl/"
[03:47:41] [main/TRACE] [REI] [REIPlugin END] Reloading Section: "reloadable-plugin/EntryTypeRegistryImpl/DefaultPlugin of DefaultPlugin [roughlyenoughitems]/"
[03:47:41] [main/TRACE] [REI] [REIPlugin END] Reloading Section: "reloadable-plugin/EntryTypeRegistryImpl/DefaultPlugin of DefaultPlugin [roughlyenoughitems]/" done in 11.89 μs
[03:47:41] [main/TRACE] [REI] [REIPlugin END] Reloading Section: "reloadable-plugin/EntryTypeRegistryImpl/FabricFluidAPISupportPlugin/"
[03:47:41] [main/TRACE] [REI] [REIPlugin END] Reloading Section: "reloadable-plugin/EntryTypeRegistryImpl/FabricFluidAPISupportPlugin/" done in 15.55 μs
[03:47:41] [main/TRACE] [REI] [REIPlugin END] Reloading Section: "reloadable-plugin/EntryTypeRegistryImpl/DefaultRuntimePlugin of DefaultRuntimePlugin [roughlyenoughitems]/"
[03:47:41] [main/TRACE] [REI] [REIPlugin END] Reloading Section: "reloadable-plugin/EntryTypeRegistryImpl/DefaultRuntimePlugin of DefaultRuntimePlugin [roughlyenoughitems]/" done in 11.64 μs
[03:47:41] [main/TRACE] [REI] [REIPlugin END] Reloading Section: "reloadable-plugin/EntryTypeRegistryImpl/AlloyForgeryCommonPlugin of AlloyForgeryCommonPlugin [alloy_forgery]/"
[03:47:41] [main/TRACE] [REI] [REIPlugin END] Reloading Section: "reloadable-plugin/EntryTypeRegistryImpl/AlloyForgeryCommonPlugin of AlloyForgeryCommonPlugin [alloy_forgery]/" done in 11.28 μs
[03:47:41] [main/TRACE] [REI] [REIPlugin END] Reloading Section: "reloadable-plugin/EntryTypeRegistryImpl/" done in 486.5 μs
[03:47:41] [main/TRACE] [REI] [REIPlugin END] Reloading Section: "reloadable-plugin/EntrySettingsAdapterRegistryImpl/"
[03:47:41] [main/TRACE] [REI] [REIPlugin END] Reloading Section: "reloadable-plugin/EntrySettingsAdapterRegistryImpl/DefaultPlugin of DefaultPlugin [roughlyenoughitems]/"
[03:47:41] [main/TRACE] [REI] [REIPlugin END] Reloading Section: "reloadable-plugin/EntrySettingsAdapterRegistryImpl/DefaultPlugin of DefaultPlugin [roughlyenoughitems]/" done in 20.95 μs
[03:47:41] [main/TRACE] [REI] [REIPlugin END] Reloading Section: "reloadable-plugin/EntrySettingsAdapterRegistryImpl/FabricFluidAPISupportPlugin/"
[03:47:41] [main/TRACE] [REI] [REIPlugin END] Reloading Section: "reloadable-plugin/EntrySettingsAdapterRegistryImpl/FabricFluidAPISupportPlugin/" done in 13.91 μs
[03:47:41] [main/TRACE] [REI] [REIPlugin END] Reloading Section: "reloadable-plugin/EntrySettingsAdapterRegistryImpl/DefaultRuntimePlugin of DefaultRuntimePlugin [roughlyenoughitems]/"
[03:47:41] [main/TRACE] [REI] [REIPlugin END] Reloading Section: "reloadable-plugin/EntrySettingsAdapterRegistryImpl/DefaultRuntimePlugin of DefaultRuntimePlugin [roughlyenoughitems]/" done in 18.12 μs
[03:47:41] [main/TRACE] [REI] [REIPlugin END] Reloading Section: "reloadable-plugin/EntrySettingsAdapterRegistryImpl/AlloyForgeryCommonPlugin of AlloyForgeryCommonPlugin [alloy_forgery]/"
[03:47:41] [main/TRACE] [REI] [REIPlugin END] Reloading Section: "reloadable-plugin/EntrySettingsAdapterRegistryImpl/AlloyForgeryCommonPlugin of AlloyForgeryCommonPlugin [alloy_forgery]/" done in 12.90 μs
[03:47:41] [main/TRACE] [REI] [REIPlugin END] Reloading Section: "reloadable-plugin/EntrySettingsAdapterRegistryImpl/" done in 535.3 μs
[03:47:41] [main/TRACE] [REI] [REIPlugin END] Reloading Section: "reloadable-plugin/RecipeManagerContextImpl/"
[03:47:41] [main/TRACE] [REI] [REIPlugin END] Reloading Section: "reloadable-plugin/RecipeManagerContextImpl/DefaultPlugin of DefaultPlugin [roughlyenoughitems]/"
[03:47:41] [main/TRACE] [REI] [REIPlugin END] Reloading Section: "reloadable-plugin/RecipeManagerContextImpl/DefaultPlugin of DefaultPlugin [roughlyenoughitems]/" done in 12.53 μs
[03:47:41] [main/TRACE] [REI] [REIPlugin END] Reloading Section: "reloadable-plugin/RecipeManagerContextImpl/FabricFluidAPISupportPlugin/"
[03:47:41] [main/TRACE] [REI] [REIPlugin END] Reloading Section: "reloadable-plugin/RecipeManagerContextImpl/FabricFluidAPISupportPlugin/" done in 11.54 μs
[03:47:41] [main/TRACE] [REI] [REIPlugin END] Reloading Section: "reloadable-plugin/RecipeManagerContextImpl/DefaultRuntimePlugin of DefaultRuntimePlugin [roughlyenoughitems]/"
[03:47:41] [main/TRACE] [REI] [REIPlugin END] Reloading Section: "reloadable-plugin/RecipeManagerContextImpl/DefaultRuntimePlugin of DefaultRuntimePlugin [roughlyenoughitems]/" done in 12.16 μs
[03:47:41] [main/TRACE] [REI] [REIPlugin END] Reloading Section: "reloadable-plugin/RecipeManagerContextImpl/AlloyForgeryCommonPlugin of AlloyForgeryCommonPlugin [alloy_forgery]/"
[03:47:41] [main/TRACE] [REI] [REIPlugin END] Reloading Section: "reloadable-plugin/RecipeManagerContextImpl/AlloyForgeryCommonPlugin of AlloyForgeryCommonPlugin [alloy_forgery]/" done in 11.56 μs
[03:47:41] [main/TRACE] [REI] [REIPlugin END] Reloading Section: "reloadable-plugin/RecipeManagerContextImpl/" done in 476.1 μs
[03:47:41] [main/TRACE] [REI] [REIPlugin END] Reloading Section: "reloadable-plugin/ItemComparatorRegistryImpl/"
[03:47:41] [main/TRACE] [REI] [REIPlugin END] Reloading Section: "reloadable-plugin/ItemComparatorRegistryImpl/DefaultPlugin of DefaultPlugin [roughlyenoughitems]/"
[03:47:41] [main/TRACE] [REI] [REIPlugin END] Reloading Section: "reloadable-plugin/ItemComparatorRegistryImpl/DefaultPlugin of DefaultPlugin [roughlyenoughitems]/" done in 11.37 μs
[03:47:41] [main/TRACE] [REI] [REIPlugin END] Reloading Section: "reloadable-plugin/ItemComparatorRegistryImpl/FabricFluidAPISupportPlugin/"
[03:47:41] [main/TRACE] [REI] [REIPlugin END] Reloading Section: "reloadable-plugin/ItemComparatorRegistryImpl/FabricFluidAPISupportPlugin/" done in 12.54 μs
[03:47:41] [main/TRACE] [REI] [REIPlugin END] Reloading Section: "reloadable-plugin/ItemComparatorRegistryImpl/DefaultRuntimePlugin of DefaultRuntimePlugin [roughlyenoughitems]/"
[03:47:41] [main/TRACE] [REI] [REIPlugin END] Reloading Section: "reloadable-plugin/ItemComparatorRegistryImpl/DefaultRuntimePlugin of DefaultRuntimePlugin [roughlyenoughitems]/" done in 11.59 μs
[03:47:41] [main/TRACE] [REI] [REIPlugin END] Reloading Section: "reloadable-plugin/ItemComparatorRegistryImpl/AlloyForgeryCommonPlugin of AlloyForgeryCommonPlugin [alloy_forgery]/"
[03:47:41] [main/TRACE] [REI] [REIPlugin END] Reloading Section: "reloadable-plugin/ItemComparatorRegistryImpl/AlloyForgeryCommonPlugin of AlloyForgeryCommonPlugin [alloy_forgery]/" done in 10.11 μs
[03:47:41] [main/TRACE] [REI] [REIPlugin END] Reloading Section: "reloadable-plugin/ItemComparatorRegistryImpl/" done in 423.2 μs
[03:47:41] [main/TRACE] [REI] [REIPlugin END] Reloading Section: "reloadable-plugin/FluidComparatorRegistryImpl/"
[03:47:41] [main/TRACE] [REI] [REIPlugin END] Reloading Section: "reloadable-plugin/FluidComparatorRegistryImpl/DefaultPlugin of DefaultPlugin [roughlyenoughitems]/"
[03:47:41] [main/TRACE] [REI] [REIPlugin END] Reloading Section: "reloadable-plugin/FluidComparatorRegistryImpl/DefaultPlugin of DefaultPlugin [roughlyenoughitems]/" done in 10.08 μs
[03:47:41] [main/TRACE] [REI] [REIPlugin END] Reloading Section: "reloadable-plugin/FluidComparatorRegistryImpl/FabricFluidAPISupportPlugin/"
[03:47:41] [main/TRACE] [REI] [REIPlugin END] Reloading Section: "reloadable-plugin/FluidComparatorRegistryImpl/FabricFluidAPISupportPlugin/" done in 11.11 μs
[03:47:41] [main/TRACE] [REI] [REIPlugin END] Reloading Section: "reloadable-plugin/FluidComparatorRegistryImpl/DefaultRuntimePlugin of DefaultRuntimePlugin [roughlyenoughitems]/"
[03:47:41] [main/TRACE] [REI] [REIPlugin END] Reloading Section: "reloadable-plugin/FluidComparatorRegistryImpl/DefaultRuntimePlugin of DefaultRuntimePlugin [roughlyenoughitems]/" done in 10.72 μs
[03:47:41] [main/TRACE] [REI] [REIPlugin END] Reloading Section: "reloadable-plugin/FluidComparatorRegistryImpl/AlloyForgeryCommonPlugin of AlloyForgeryCommonPlugin [alloy_forgery]/"
[03:47:41] [main/TRACE] [REI] [REIPlugin END] Reloading Section: "reloadable-plugin/FluidComparatorRegistryImpl/AlloyForgeryCommonPlugin of AlloyForgeryCommonPlugin [alloy_forgery]/" done in 9.778 μs
[03:47:41] [main/TRACE] [REI] [REIPlugin END] Reloading Section: "reloadable-plugin/FluidComparatorRegistryImpl/" done in 423.5 μs
[03:47:41] [main/TRACE] [REI] [REIPlugin END] Reloading Section: "reloadable-plugin/DisplaySerializerRegistryImpl/"
[03:47:41] [main/TRACE] [REI] [REIPlugin END] Reloading Section: "reloadable-plugin/DisplaySerializerRegistryImpl/DefaultPlugin of DefaultPlugin [roughlyenoughitems]/"
[03:47:41] [main/TRACE] [REI] [REIPlugin END] Reloading Section: "reloadable-plugin/DisplaySerializerRegistryImpl/DefaultPlugin of DefaultPlugin [roughlyenoughitems]/" done in 24.73 ms
[03:47:41] [main/TRACE] [REI] [REIPlugin END] Reloading Section: "reloadable-plugin/DisplaySerializerRegistryImpl/FabricFluidAPISupportPlugin/"
[03:47:41] [main/TRACE] [REI] [REIPlugin END] Reloading Section: "reloadable-plugin/DisplaySerializerRegistryImpl/FabricFluidAPISupportPlugin/" done in 16.10 μs
[03:47:41] [main/TRACE] [REI] [REIPlugin END] Reloading Section: "reloadable-plugin/DisplaySerializerRegistryImpl/DefaultRuntimePlugin of DefaultRuntimePlugin [roughlyenoughitems]/"
[03:47:41] [main/TRACE] [REI] [REIPlugin END] Reloading Section: "reloadable-plugin/DisplaySerializerRegistryImpl/DefaultRuntimePlugin of DefaultRuntimePlugin [roughlyenoughitems]/" done in 11.20 μs
[03:47:41] [main/TRACE] [REI] [REIPlugin END] Reloading Section: "reloadable-plugin/DisplaySerializerRegistryImpl/AlloyForgeryCommonPlugin of AlloyForgeryCommonPlugin [alloy_forgery]/"
[03:47:41] [main/TRACE] [REI] [REIPlugin END] Reloading Section: "reloadable-plugin/DisplaySerializerRegistryImpl/AlloyForgeryCommonPlugin of AlloyForgeryCommonPlugin [alloy_forgery]/" done in 814.7 μs
[03:47:41] [main/TRACE] [REI] [REIPlugin END] Reloading Section: "reloadable-plugin/DisplaySerializerRegistryImpl/" done in 26.02 ms
[03:47:41] [main/TRACE] [REI] [REIPlugin END] Reloading Section: "reloadable-plugin/FluidSupportProviderImpl/"
[03:47:41] [main/TRACE] [REI] [REIPlugin END] Reloading Section: "reloadable-plugin/FluidSupportProviderImpl/DefaultPlugin of DefaultPlugin [roughlyenoughitems]/"
[03:47:41] [main/TRACE] [REI] [REIPlugin END] Reloading Section: "reloadable-plugin/FluidSupportProviderImpl/DefaultPlugin of DefaultPlugin [roughlyenoughitems]/" done in 25.19 μs
[03:47:41] [main/TRACE] [REI] [REIPlugin END] Reloading Section: "reloadable-plugin/FluidSupportProviderImpl/FabricFluidAPISupportPlugin/"
[03:47:41] [main/TRACE] [REI] [REIPlugin END] Reloading Section: "reloadable-plugin/FluidSupportProviderImpl/FabricFluidAPISupportPlugin/" done in 12.28 μs
[03:47:41] [main/TRACE] [REI] [REIPlugin END] Reloading Section: "reloadable-plugin/FluidSupportProviderImpl/DefaultRuntimePlugin of DefaultRuntimePlugin [roughlyenoughitems]/"
[03:47:41] [main/TRACE] [REI] [REIPlugin END] Reloading Section: "reloadable-plugin/FluidSupportProviderImpl/DefaultRuntimePlugin of DefaultRuntimePlugin [roughlyenoughitems]/" done in 11.64 μs
[03:47:41] [main/TRACE] [REI] [REIPlugin END] Reloading Section: "reloadable-plugin/FluidSupportProviderImpl/AlloyForgeryCommonPlugin of AlloyForgeryCommonPlugin [alloy_forgery]/"
[03:47:41] [main/TRACE] [REI] [REIPlugin END] Reloading Section: "reloadable-plugin/FluidSupportProviderImpl/AlloyForgeryCommonPlugin of AlloyForgeryCommonPlugin [alloy_forgery]/" done in 11.33 μs
[03:47:41] [main/TRACE] [REI] [REIPlugin END] Reloading Section: "reloadable-plugin/FluidSupportProviderImpl/" done in 495.8 μs
[03:47:41] [main/DEBUG] [REI] ========================================
[03:47:41] [main/DEBUG] [REI] REIPlugin ending main-reload for END.
[03:47:41] [main/DEBUG] [REI] ========================================
[03:47:41] [main/TRACE] [REI] [REIPlugin END] Reloading Section: "end-reload/"
[03:47:41] [main/TRACE] [REI] [REIPlugin END] Reloading Section: "end-reload/EntryTypeRegistryImpl/"
[03:47:41] [main/TRACE] [REI] [REIPlugin END] Reloading Section: "end-reload/EntryTypeRegistryImpl/" done in 7.094 μs
[03:47:41] [main/TRACE] [REI] [REIPlugin END] Reloading Section: "end-reload/EntrySettingsAdapterRegistryImpl/"
[03:47:41] [main/TRACE] [REI] [REIPlugin END] Reloading Section: "end-reload/EntrySettingsAdapterRegistryImpl/" done in 5.940 μs
[03:47:41] [main/TRACE] [REI] [REIPlugin END] Reloading Section: "end-reload/RecipeManagerContextImpl/"
[03:47:41] [main/TRACE] [REI] [REIPlugin END] Reloading Section: "end-reload/RecipeManagerContextImpl/" done in 6.231 μs
[03:47:41] [main/TRACE] [REI] [REIPlugin END] Reloading Section: "end-reload/ItemComparatorRegistryImpl/"
[03:47:41] [main/TRACE] [REI] [REIPlugin END] Reloading Section: "end-reload/ItemComparatorRegistryImpl/" done in 6.251 μs
[03:47:41] [main/TRACE] [REI] [REIPlugin END] Reloading Section: "end-reload/FluidComparatorRegistryImpl/"
[03:47:41] [main/TRACE] [REI] [REIPlugin END] Reloading Section: "end-reload/FluidComparatorRegistryImpl/" done in 5.951 μs
[03:47:41] [main/TRACE] [REI] [REIPlugin END] Reloading Section: "end-reload/DisplaySerializerRegistryImpl/"
[03:47:41] [main/TRACE] [REI] [REIPlugin END] Reloading Section: "end-reload/DisplaySerializerRegistryImpl/" done in 6.492 μs
[03:47:41] [main/TRACE] [REI] [REIPlugin END] Reloading Section: "end-reload/FluidSupportProviderImpl/"
[03:47:41] [main/TRACE] [REI] [REIPlugin END] Reloading Section: "end-reload/FluidSupportProviderImpl/" done in 6.443 μs
[03:47:41] [main/TRACE] [REI] [REIPlugin END] Reloading Section: "end-reload/" done in 667.1 μs
[03:47:41] [main/DEBUG] [REI] ========================================
[03:47:41] [main/DEBUG] [REI] REIPlugin ended main-reload for END in 32.25 ms.
[03:47:41] [main/DEBUG] [REI] ========================================
[03:47:41] [main/INFO] [REI] %%%%%%%%%%%%%%%%%%%%%%%%%%%%%%%%%%%%%%%%
[03:47:41] [main/INFO] [REI] REIServerPlugin starting main-reload for END.
[03:47:41] [main/DEBUG] [REI] Reloadables (2):
[03:47:41] [main/DEBUG] [REI]  - MenuInfoRegistryImpl
[03:47:41] [main/DEBUG] [REI]  - SlotAccessorRegistryImpl
[03:47:41] [main/INFO] [REI] Plugins (4):
[03:47:41] [main/INFO] [REI]  - (-100.00) DefaultPlugin of DefaultPlugin [roughlyenoughitems]
[03:47:41] [main/INFO] [REI]  - (0.00) FabricFluidAPISupportPlugin
[03:47:41] [main/INFO] [REI]  - (0.00) DefaultRuntimePlugin of DefaultRuntimePlugin [roughlyenoughitems]
[03:47:41] [main/INFO] [REI]  - (0.00) AlloyForgeryCommonPlugin of AlloyForgeryCommonPlugin [alloy_forgery]
[03:47:41] [main/INFO] [REI] %%%%%%%%%%%%%%%%%%%%%%%%%%%%%%%%%%%%%%%%
[03:47:41] [main/TRACE] [REI] [REIServerPlugin END] Reloading Section: "start-reload/"
[03:47:41] [main/TRACE] [REI] [REIServerPlugin END] Reloading Section: "start-reload/MenuInfoRegistryImpl/"
[03:47:41] [main/TRACE] [REI] [REIServerPlugin END] Reloading Section: "start-reload/MenuInfoRegistryImpl/" done in 18.64 μs
[03:47:41] [main/TRACE] [REI] [REIServerPlugin END] Reloading Section: "start-reload/SlotAccessorRegistryImpl/"
[03:47:41] [main/TRACE] [REI] [REIServerPlugin END] Reloading Section: "start-reload/SlotAccessorRegistryImpl/" done in 10.76 μs
[03:47:41] [main/TRACE] [REI] [REIServerPlugin END] Reloading Section: "start-reload/" done in 176.7 μs
[03:47:41] [main/DEBUG] [REI] ========================================
[03:47:41] [main/DEBUG] [REI] REIServerPlugin started main-reload for END.
[03:47:41] [main/DEBUG] [REI] ========================================
[03:47:41] [main/TRACE] [REI] [REIServerPlugin END] Reloading Section: "reloadable-plugin/MenuInfoRegistryImpl/"
[03:47:41] [main/TRACE] [REI] [REIServerPlugin END] Reloading Section: "reloadable-plugin/MenuInfoRegistryImpl/DefaultPlugin of DefaultPlugin [roughlyenoughitems]/"
[03:47:41] [main/TRACE] [REI] [REIServerPlugin END] Reloading Section: "reloadable-plugin/MenuInfoRegistryImpl/DefaultPlugin of DefaultPlugin [roughlyenoughitems]/" done in 18.28 μs
[03:47:41] [main/TRACE] [REI] [REIServerPlugin END] Reloading Section: "reloadable-plugin/MenuInfoRegistryImpl/FabricFluidAPISupportPlugin/"
[03:47:41] [main/TRACE] [REI] [REIServerPlugin END] Reloading Section: "reloadable-plugin/MenuInfoRegistryImpl/FabricFluidAPISupportPlugin/" done in 9.418 μs
[03:47:41] [main/TRACE] [REI] [REIServerPlugin END] Reloading Section: "reloadable-plugin/MenuInfoRegistryImpl/DefaultRuntimePlugin of DefaultRuntimePlugin [roughlyenoughitems]/"
[03:47:41] [main/TRACE] [REI] [REIServerPlugin END] Reloading Section: "reloadable-plugin/MenuInfoRegistryImpl/DefaultRuntimePlugin of DefaultRuntimePlugin [roughlyenoughitems]/" done in 8.636 μs
[03:47:41] [main/TRACE] [REI] [REIServerPlugin END] Reloading Section: "reloadable-plugin/MenuInfoRegistryImpl/AlloyForgeryCommonPlugin of AlloyForgeryCommonPlugin [alloy_forgery]/"
[03:47:41] [main/DEBUG] [REI] Added menu info for class wraith.alloyforgery.AlloyForgeScreenHandler [alloy_forgery:forging]: me.shedaniel.rei.api.common.transfer.info.simple.SimpleMenuInfoProvider$$Lambda$21906/0x0000732f52d24df0@1cc9a042
[03:47:41] [main/TRACE] [REI] [REIServerPlugin END] Reloading Section: "reloadable-plugin/MenuInfoRegistryImpl/AlloyForgeryCommonPlugin of AlloyForgeryCommonPlugin [alloy_forgery]/" done in 4.325 ms
[03:47:41] [main/TRACE] [REI] [REIServerPlugin END] Reloading Section: "reloadable-plugin/MenuInfoRegistryImpl/" done in 4.713 ms
[03:47:41] [main/TRACE] [REI] [REIServerPlugin END] Reloading Section: "reloadable-plugin/SlotAccessorRegistryImpl/"
[03:47:41] [main/TRACE] [REI] [REIServerPlugin END] Reloading Section: "reloadable-plugin/SlotAccessorRegistryImpl/DefaultPlugin of DefaultPlugin [roughlyenoughitems]/"
[03:47:41] [main/TRACE] [REI] [REIServerPlugin END] Reloading Section: "reloadable-plugin/SlotAccessorRegistryImpl/DefaultPlugin of DefaultPlugin [roughlyenoughitems]/" done in 18.66 μs
[03:47:41] [main/TRACE] [REI] [REIServerPlugin END] Reloading Section: "reloadable-plugin/SlotAccessorRegistryImpl/FabricFluidAPISupportPlugin/"
[03:47:41] [main/TRACE] [REI] [REIServerPlugin END] Reloading Section: "reloadable-plugin/SlotAccessorRegistryImpl/FabricFluidAPISupportPlugin/" done in 9.308 μs
[03:47:41] [main/TRACE] [REI] [REIServerPlugin END] Reloading Section: "reloadable-plugin/SlotAccessorRegistryImpl/DefaultRuntimePlugin of DefaultRuntimePlugin [roughlyenoughitems]/"
[03:47:41] [main/DEBUG] [REI] Added slot accessor serializer: me.shedaniel.rei.plugin.common.runtime.DefaultRuntimePlugin$1@3ebfc835 [roughlyenoughitems:vanilla]
[03:47:41] [main/DEBUG] [REI] Added slot accessor serializer: me.shedaniel.rei.plugin.common.runtime.DefaultRuntimePlugin$2@720187ad [roughlyenoughitems:player]
[03:47:41] [main/TRACE] [REI] [REIServerPlugin END] Reloading Section: "reloadable-plugin/SlotAccessorRegistryImpl/DefaultRuntimePlugin of DefaultRuntimePlugin [roughlyenoughitems]/" done in 2.302 ms
[03:47:41] [main/TRACE] [REI] [REIServerPlugin END] Reloading Section: "reloadable-plugin/SlotAccessorRegistryImpl/AlloyForgeryCommonPlugin of AlloyForgeryCommonPlugin [alloy_forgery]/"
[03:47:41] [main/TRACE] [REI] [REIServerPlugin END] Reloading Section: "reloadable-plugin/SlotAccessorRegistryImpl/AlloyForgeryCommonPlugin of AlloyForgeryCommonPlugin [alloy_forgery]/" done in 11.78 μs
[03:47:41] [main/TRACE] [REI] [REIServerPlugin END] Reloading Section: "reloadable-plugin/SlotAccessorRegistryImpl/" done in 2.724 ms
[03:47:41] [main/DEBUG] [REI] ========================================
[03:47:41] [main/DEBUG] [REI] REIServerPlugin ending main-reload for END.
[03:47:41] [main/DEBUG] [REI] ========================================
[03:47:41] [main/TRACE] [REI] [REIServerPlugin END] Reloading Section: "end-reload/"
[03:47:41] [main/TRACE] [REI] [REIServerPlugin END] Reloading Section: "end-reload/MenuInfoRegistryImpl/"
[03:47:41] [main/DEBUG] [REI] Registered 1 menu infos
[03:47:41] [main/TRACE] [REI] [REIServerPlugin END] Reloading Section: "end-reload/MenuInfoRegistryImpl/" done in 67.87 μs
[03:47:41] [main/TRACE] [REI] [REIServerPlugin END] Reloading Section: "end-reload/SlotAccessorRegistryImpl/"
[03:47:41] [main/DEBUG] [REI] Registered 2 slot accessor serializers
[03:47:41] [main/TRACE] [REI] [REIServerPlugin END] Reloading Section: "end-reload/SlotAccessorRegistryImpl/" done in 47.86 μs
[03:47:41] [main/TRACE] [REI] [REIServerPlugin END] Reloading Section: "end-reload/" done in 327.2 μs
[03:47:41] [main/DEBUG] [REI] ========================================
[03:47:41] [main/DEBUG] [REI] REIServerPlugin ended main-reload for END in 9.246 ms.
[03:47:41] [main/DEBUG] [REI] ========================================
[03:47:41] [main/DEBUG] [REI] ========================================
[03:47:41] [main/DEBUG] [REI] REIPlugin starting post-reload for END.
[03:47:41] [main/DEBUG] [REI] Reloadables (7):
[03:47:41] [main/DEBUG] [REI]  - EntryTypeRegistryImpl
[03:47:41] [main/DEBUG] [REI]  - EntrySettingsAdapterRegistryImpl
[03:47:41] [main/DEBUG] [REI]  - RecipeManagerContextImpl
[03:47:41] [main/DEBUG] [REI]  - ItemComparatorRegistryImpl
[03:47:41] [main/DEBUG] [REI]  - FluidComparatorRegistryImpl
[03:47:41] [main/DEBUG] [REI]  - DisplaySerializerRegistryImpl
[03:47:41] [main/DEBUG] [REI]  - FluidSupportProviderImpl
[03:47:41] [main/DEBUG] [REI] Plugins (4):
[03:47:41] [main/DEBUG] [REI]  - (-100.00) DefaultPlugin of DefaultPlugin [roughlyenoughitems]
[03:47:41] [main/DEBUG] [REI]  - (0.00) FabricFluidAPISupportPlugin
[03:47:41] [main/DEBUG] [REI]  - (0.00) DefaultRuntimePlugin of DefaultRuntimePlugin [roughlyenoughitems]
[03:47:41] [main/DEBUG] [REI]  - (0.00) AlloyForgeryCommonPlugin of AlloyForgeryCommonPlugin [alloy_forgery]
[03:47:41] [main/DEBUG] [REI] ========================================
[03:47:41] [main/TRACE] [REI] [REIPlugin END] Reloading Section: "post-register/"
[03:47:41] [main/TRACE] [REI] [REIPlugin END] Reloading Section: "post-register/DefaultPlugin of DefaultPlugin [roughlyenoughitems]/"
[03:47:41] [main/TRACE] [REI] [REIPlugin END] Reloading Section: "post-register/DefaultPlugin of DefaultPlugin [roughlyenoughitems]/" done in 9.368 μs
[03:47:41] [main/TRACE] [REI] [REIPlugin END] Reloading Section: "post-register/FabricFluidAPISupportPlugin/"
[03:47:41] [main/TRACE] [REI] [REIPlugin END] Reloading Section: "post-register/FabricFluidAPISupportPlugin/" done in 7.594 μs
[03:47:41] [main/TRACE] [REI] [REIPlugin END] Reloading Section: "post-register/DefaultRuntimePlugin of DefaultRuntimePlugin [roughlyenoughitems]/"
[03:47:41] [main/TRACE] [REI] [REIPlugin END] Reloading Section: "post-register/DefaultRuntimePlugin of DefaultRuntimePlugin [roughlyenoughitems]/" done in 7.524 μs
[03:47:41] [main/TRACE] [REI] [REIPlugin END] Reloading Section: "post-register/AlloyForgeryCommonPlugin of AlloyForgeryCommonPlugin [alloy_forgery]/"
[03:47:41] [main/TRACE] [REI] [REIPlugin END] Reloading Section: "post-register/AlloyForgeryCommonPlugin of AlloyForgeryCommonPlugin [alloy_forgery]/" done in 7.684 μs
[03:47:41] [main/TRACE] [REI] [REIPlugin END] Reloading Section: "post-register/" done in 367.6 μs
[03:47:41] [main/TRACE] [REI] [REIPlugin END] Reloading Section: "post-stage/"
[03:47:41] [main/TRACE] [REI] [REIPlugin END] Reloading Section: "post-stage/EntryTypeRegistryImpl/"
[03:47:41] [main/TRACE] [REI] [REIPlugin END] Reloading Section: "post-stage/EntryTypeRegistryImpl/" done in 7.214 μs
[03:47:41] [main/TRACE] [REI] [REIPlugin END] Reloading Section: "post-stage/EntrySettingsAdapterRegistryImpl/"
[03:47:41] [main/TRACE] [REI] [REIPlugin END] Reloading Section: "post-stage/EntrySettingsAdapterRegistryImpl/" done in 8.516 μs
[03:47:41] [main/TRACE] [REI] [REIPlugin END] Reloading Section: "post-stage/RecipeManagerContextImpl/"
[03:47:41] [main/TRACE] [REI] [REIPlugin END] Reloading Section: "post-stage/RecipeManagerContextImpl/" done in 6.112 μs
[03:47:41] [main/TRACE] [REI] [REIPlugin END] Reloading Section: "post-stage/ItemComparatorRegistryImpl/"
[03:47:41] [main/TRACE] [REI] [REIPlugin END] Reloading Section: "post-stage/ItemComparatorRegistryImpl/" done in 6.272 μs
[03:47:41] [main/TRACE] [REI] [REIPlugin END] Reloading Section: "post-stage/FluidComparatorRegistryImpl/"
[03:47:41] [main/TRACE] [REI] [REIPlugin END] Reloading Section: "post-stage/FluidComparatorRegistryImpl/" done in 5.741 μs
[03:47:41] [main/TRACE] [REI] [REIPlugin END] Reloading Section: "post-stage/DisplaySerializerRegistryImpl/"
[03:47:41] [main/TRACE] [REI] [REIPlugin END] Reloading Section: "post-stage/DisplaySerializerRegistryImpl/" done in 5.971 μs
[03:47:41] [main/TRACE] [REI] [REIPlugin END] Reloading Section: "post-stage/FluidSupportProviderImpl/"
[03:47:41] [main/TRACE] [REI] [REIPlugin END] Reloading Section: "post-stage/FluidSupportProviderImpl/" done in 6.282 μs
[03:47:41] [main/TRACE] [REI] [REIPlugin END] Reloading Section: "post-stage/" done in 713.7 μs
[03:47:41] [main/DEBUG] [REI] ========================================
[03:47:41] [main/INFO] [REI] REIPlugin finished post-reload for END in 1.238 ms, totaling 34.87 ms.
[03:47:41] [main/DEBUG] [REI] ========================================
[03:47:41] [main/DEBUG] [REI] ========================================
[03:47:41] [main/DEBUG] [REI] REIServerPlugin starting post-reload for END.
[03:47:41] [main/DEBUG] [REI] Reloadables (2):
[03:47:41] [main/DEBUG] [REI]  - MenuInfoRegistryImpl
[03:47:41] [main/DEBUG] [REI]  - SlotAccessorRegistryImpl
[03:47:41] [main/DEBUG] [REI] Plugins (4):
[03:47:41] [main/DEBUG] [REI]  - (-100.00) DefaultPlugin of DefaultPlugin [roughlyenoughitems]
[03:47:41] [main/DEBUG] [REI]  - (0.00) FabricFluidAPISupportPlugin
[03:47:41] [main/DEBUG] [REI]  - (0.00) DefaultRuntimePlugin of DefaultRuntimePlugin [roughlyenoughitems]
[03:47:41] [main/DEBUG] [REI]  - (0.00) AlloyForgeryCommonPlugin of AlloyForgeryCommonPlugin [alloy_forgery]
[03:47:41] [main/DEBUG] [REI] ========================================
[03:47:41] [main/TRACE] [REI] [REIServerPlugin END] Reloading Section: "post-register/"
[03:47:41] [main/TRACE] [REI] [REIServerPlugin END] Reloading Section: "post-register/DefaultPlugin of DefaultPlugin [roughlyenoughitems]/"
[03:47:41] [main/TRACE] [REI] [REIServerPlugin END] Reloading Section: "post-register/DefaultPlugin of DefaultPlugin [roughlyenoughitems]/" done in 9.839 μs
[03:47:41] [main/TRACE] [REI] [REIServerPlugin END] Reloading Section: "post-register/FabricFluidAPISupportPlugin/"
[03:47:41] [main/TRACE] [REI] [REIServerPlugin END] Reloading Section: "post-register/FabricFluidAPISupportPlugin/" done in 8.816 μs
[03:47:41] [main/TRACE] [REI] [REIServerPlugin END] Reloading Section: "post-register/DefaultRuntimePlugin of DefaultRuntimePlugin [roughlyenoughitems]/"
[03:47:41] [main/TRACE] [REI] [REIServerPlugin END] Reloading Section: "post-register/DefaultRuntimePlugin of DefaultRuntimePlugin [roughlyenoughitems]/" done in 8.416 μs
[03:47:41] [main/TRACE] [REI] [REIServerPlugin END] Reloading Section: "post-register/AlloyForgeryCommonPlugin of AlloyForgeryCommonPlugin [alloy_forgery]/"
[03:47:41] [main/TRACE] [REI] [REIServerPlugin END] Reloading Section: "post-register/AlloyForgeryCommonPlugin of AlloyForgeryCommonPlugin [alloy_forgery]/" done in 8.125 μs
[03:47:41] [main/TRACE] [REI] [REIServerPlugin END] Reloading Section: "post-register/" done in 398.9 μs
[03:47:41] [main/TRACE] [REI] [REIServerPlugin END] Reloading Section: "post-stage/"
[03:47:41] [main/TRACE] [REI] [REIServerPlugin END] Reloading Section: "post-stage/MenuInfoRegistryImpl/"
[03:47:41] [main/TRACE] [REI] [REIServerPlugin END] Reloading Section: "post-stage/MenuInfoRegistryImpl/" done in 8.165 μs
[03:47:41] [main/TRACE] [REI] [REIServerPlugin END] Reloading Section: "post-stage/SlotAccessorRegistryImpl/"
[03:47:41] [main/TRACE] [REI] [REIServerPlugin END] Reloading Section: "post-stage/SlotAccessorRegistryImpl/" done in 5.870 μs
[03:47:41] [main/TRACE] [REI] [REIServerPlugin END] Reloading Section: "post-stage/" done in 178.6 μs
[03:47:41] [main/DEBUG] [REI] ========================================
[03:47:41] [main/INFO] [REI] REIServerPlugin finished post-reload for END in 729.6 μs, totaling 10.84 ms.
[03:47:41] [main/DEBUG] [REI] ========================================
[03:58:13] [Worker-ResourceReload-0/DEBUG] [REI] Processed 0 tags in 26.73 μs for minecraft:dimension
[03:58:13] [Worker-ResourceReload-0/DEBUG] [REI] Processed 2 tags in 10.73 μs for minecraft:mob_effect
[03:58:13] [Worker-ResourceReload-0/DEBUG] [REI] Processed 0 tags in 3.927 μs for minecraft:damage_type
[03:58:14] [Worker-ResourceReload-0/DEBUG] [REI] Processed 0 tags in 2.014 μs for minecraft:worldgen/density_function
[03:58:14] [Worker-ResourceReload-0/DEBUG] [REI] Processed 6 tags in 39.96 μs for minecraft:point_of_interest_type
[03:58:14] [Worker-ResourceReload-1/DEBUG] [REI] Processed 0 tags in 11.37 μs for minecraft:worldgen/structure
[03:58:14] [Worker-ResourceReload-0/DEBUG] [REI] Processed 4 tags in 7.153 μs for minecraft:instrument
[03:58:14] [Worker-ResourceReload-2/DEBUG] [REI] Processed 0 tags in 233.7 μs for minecraft:worldgen/biome
[03:58:14] [Worker-ResourceReload-1/DEBUG] [REI] Processed 0 tags in 1.042 μs for minecraft:trim_pattern
[03:58:14] [Worker-ResourceReload-0/DEBUG] [REI] Processed 0 tags in 2.184 μs for minecraft:worldgen/world_preset
[03:58:14] [Worker-ResourceReload-2/DEBUG] [REI] Processed 2 tags in 39.65 μs for minecraft:painting_variant
[03:58:14] [Worker-ResourceReload-0/DEBUG] [REI] Processed 118 tags in 507.0 μs for minecraft:entity_type
[03:58:14] [Worker-ResourceReload-2/DEBUG] [REI] Processed 0 tags in 1.943 μs for minecraft:dimension_type
[03:58:14] [Worker-ResourceReload-2/DEBUG] [REI] Processed 1 tags in 5.600 μs for minecraft:recipe_type
[03:58:14] [Worker-ResourceReload-0/DEBUG] [REI] Processed 7 tags in 64.07 μs for minecraft:game_event
[03:58:14] [Worker-ResourceReload-2/DEBUG] [REI] Processed 0 tags in 2.204 μs for minecraft:worldgen/structure_set
[03:58:14] [Worker-ResourceReload-2/DEBUG] [REI] Processed 2 tags in 7.754 μs for minecraft:cat_variant
[03:58:14] [Worker-ResourceReload-0/DEBUG] [REI] Processed 26 tags in 43.46 μs for minecraft:banner_pattern
[03:58:14] [Worker-ResourceReload-0/DEBUG] [REI] Processed 10 tags in 48.66 μs for minecraft:fluid
[03:58:14] [Worker-ResourceReload-1/DEBUG] [REI] Processed 1323 tags in 13.76 ms for minecraft:item
[03:58:14] [Worker-ResourceReload-0/DEBUG] [REI] Processed 13 tags in 21.08 μs for minecraft:enchantment
[03:58:14] [Worker-ResourceReload-0/DEBUG] [REI] Processed 0 tags in 2.655 μs for minecraft:worldgen/flat_level_generator_preset
[03:58:14] [Worker-ResourceReload-2/DEBUG] [REI] Processed 888 tags in 12.86 ms for minecraft:block
[04:00:00] [Server thread/DEBUG] [REI] ========================================
[04:00:00] [Server thread/DEBUG] [REI] REIPlugin starting pre-reload for START.
[04:00:00] [Server thread/DEBUG] [REI] Reloadables (7):
[04:00:00] [Server thread/DEBUG] [REI]  - EntryTypeRegistryImpl
[04:00:00] [Server thread/DEBUG] [REI]  - EntrySettingsAdapterRegistryImpl
[04:00:00] [Server thread/DEBUG] [REI]  - RecipeManagerContextImpl
[04:00:00] [Server thread/DEBUG] [REI]  - ItemComparatorRegistryImpl
[04:00:00] [Server thread/DEBUG] [REI]  - FluidComparatorRegistryImpl
[04:00:00] [Server thread/DEBUG] [REI]  - DisplaySerializerRegistryImpl
[04:00:00] [Server thread/DEBUG] [REI]  - FluidSupportProviderImpl
[04:00:00] [Server thread/DEBUG] [REI] Plugins (4):
[04:00:00] [Server thread/DEBUG] [REI]  - (-100.00) DefaultPlugin of DefaultPlugin [roughlyenoughitems]
[04:00:00] [Server thread/DEBUG] [REI]  - (0.00) FabricFluidAPISupportPlugin
[04:00:00] [Server thread/DEBUG] [REI]  - (0.00) DefaultRuntimePlugin of DefaultRuntimePlugin [roughlyenoughitems]
[04:00:00] [Server thread/DEBUG] [REI]  - (0.00) AlloyForgeryCommonPlugin of AlloyForgeryCommonPlugin [alloy_forgery]
[04:00:00] [Server thread/DEBUG] [REI] ========================================
[04:00:00] [Server thread/TRACE] [REI] [REIPlugin START] Reloading Section: "pre-register/"
[04:00:00] [Server thread/TRACE] [REI] [REIPlugin START] Reloading Section: "pre-register/DefaultPlugin of DefaultPlugin [roughlyenoughitems]/"
[04:00:00] [Server thread/TRACE] [REI] [REIPlugin START] Reloading Section: "pre-register/DefaultPlugin of DefaultPlugin [roughlyenoughitems]/" done in 23.09 μs
[04:00:00] [Server thread/TRACE] [REI] [REIPlugin START] Reloading Section: "pre-register/FabricFluidAPISupportPlugin/"
[04:00:00] [Server thread/TRACE] [REI] [REIPlugin START] Reloading Section: "pre-register/FabricFluidAPISupportPlugin/" done in 11.48 μs
[04:00:00] [Server thread/TRACE] [REI] [REIPlugin START] Reloading Section: "pre-register/DefaultRuntimePlugin of DefaultRuntimePlugin [roughlyenoughitems]/"
[04:00:00] [Server thread/TRACE] [REI] [REIPlugin START] Reloading Section: "pre-register/DefaultRuntimePlugin of DefaultRuntimePlugin [roughlyenoughitems]/" done in 8.255 μs
[04:00:00] [Server thread/TRACE] [REI] [REIPlugin START] Reloading Section: "pre-register/AlloyForgeryCommonPlugin of AlloyForgeryCommonPlugin [alloy_forgery]/"
[04:00:00] [Server thread/TRACE] [REI] [REIPlugin START] Reloading Section: "pre-register/AlloyForgeryCommonPlugin of AlloyForgeryCommonPlugin [alloy_forgery]/" done in 7.714 μs
[04:00:00] [Server thread/TRACE] [REI] [REIPlugin START] Reloading Section: "pre-register/" done in 470.3 μs
[04:00:00] [Server thread/TRACE] [REI] [REIPlugin START] Reloading Section: "pre-stage/"
[04:00:00] [Server thread/TRACE] [REI] [REIPlugin START] Reloading Section: "pre-stage/EntryTypeRegistryImpl/"
[04:00:00] [Server thread/TRACE] [REI] [REIPlugin START] Reloading Section: "pre-stage/EntryTypeRegistryImpl/" done in 7.755 μs
[04:00:00] [Server thread/TRACE] [REI] [REIPlugin START] Reloading Section: "pre-stage/EntrySettingsAdapterRegistryImpl/"
[04:00:00] [Server thread/TRACE] [REI] [REIPlugin START] Reloading Section: "pre-stage/EntrySettingsAdapterRegistryImpl/" done in 5.570 μs
[04:00:00] [Server thread/TRACE] [REI] [REIPlugin START] Reloading Section: "pre-stage/RecipeManagerContextImpl/"
[04:00:00] [Server thread/TRACE] [REI] [REIPlugin START] Reloading Section: "pre-stage/RecipeManagerContextImpl/" done in 5.060 μs
[04:00:00] [Server thread/TRACE] [REI] [REIPlugin START] Reloading Section: "pre-stage/ItemComparatorRegistryImpl/"
[04:00:00] [Server thread/TRACE] [REI] [REIPlugin START] Reloading Section: "pre-stage/ItemComparatorRegistryImpl/" done in 5.851 μs
[04:00:00] [Server thread/TRACE] [REI] [REIPlugin START] Reloading Section: "pre-stage/FluidComparatorRegistryImpl/"
[04:00:00] [Server thread/TRACE] [REI] [REIPlugin START] Reloading Section: "pre-stage/FluidComparatorRegistryImpl/" done in 5.220 μs
[04:00:00] [Server thread/TRACE] [REI] [REIPlugin START] Reloading Section: "pre-stage/DisplaySerializerRegistryImpl/"
[04:00:00] [Server thread/TRACE] [REI] [REIPlugin START] Reloading Section: "pre-stage/DisplaySerializerRegistryImpl/" done in 5.050 μs
[04:00:00] [Server thread/TRACE] [REI] [REIPlugin START] Reloading Section: "pre-stage/FluidSupportProviderImpl/"
[04:00:00] [Server thread/TRACE] [REI] [REIPlugin START] Reloading Section: "pre-stage/FluidSupportProviderImpl/" done in 4.919 μs
[04:00:00] [Server thread/TRACE] [REI] [REIPlugin START] Reloading Section: "pre-stage/" done in 575.7 μs
[04:00:00] [Server thread/DEBUG] [REI] ========================================
[04:00:00] [Server thread/DEBUG] [REI] REIPlugin finished pre-reload for START in 1.221 ms.
[04:00:00] [Server thread/DEBUG] [REI] ========================================
[04:00:00] [Server thread/DEBUG] [REI] ========================================
[04:00:00] [Server thread/DEBUG] [REI] REIServerPlugin starting pre-reload for START.
[04:00:00] [Server thread/DEBUG] [REI] Reloadables (2):
[04:00:00] [Server thread/DEBUG] [REI]  - MenuInfoRegistryImpl
[04:00:00] [Server thread/DEBUG] [REI]  - SlotAccessorRegistryImpl
[04:00:00] [Server thread/DEBUG] [REI] Plugins (4):
[04:00:00] [Server thread/DEBUG] [REI]  - (-100.00) DefaultPlugin of DefaultPlugin [roughlyenoughitems]
[04:00:00] [Server thread/DEBUG] [REI]  - (0.00) FabricFluidAPISupportPlugin
[04:00:00] [Server thread/DEBUG] [REI]  - (0.00) DefaultRuntimePlugin of DefaultRuntimePlugin [roughlyenoughitems]
[04:00:00] [Server thread/DEBUG] [REI]  - (0.00) AlloyForgeryCommonPlugin of AlloyForgeryCommonPlugin [alloy_forgery]
[04:00:00] [Server thread/DEBUG] [REI] ========================================
[04:00:00] [Server thread/TRACE] [REI] [REIServerPlugin START] Reloading Section: "pre-register/"
[04:00:00] [Server thread/TRACE] [REI] [REIServerPlugin START] Reloading Section: "pre-register/DefaultPlugin of DefaultPlugin [roughlyenoughitems]/"
[04:00:00] [Server thread/TRACE] [REI] [REIServerPlugin START] Reloading Section: "pre-register/DefaultPlugin of DefaultPlugin [roughlyenoughitems]/" done in 8.456 μs
[04:00:00] [Server thread/TRACE] [REI] [REIServerPlugin START] Reloading Section: "pre-register/FabricFluidAPISupportPlugin/"
[04:00:00] [Server thread/TRACE] [REI] [REIServerPlugin START] Reloading Section: "pre-register/FabricFluidAPISupportPlugin/" done in 6.422 μs
[04:00:00] [Server thread/TRACE] [REI] [REIServerPlugin START] Reloading Section: "pre-register/DefaultRuntimePlugin of DefaultRuntimePlugin [roughlyenoughitems]/"
[04:00:00] [Server thread/TRACE] [REI] [REIServerPlugin START] Reloading Section: "pre-register/DefaultRuntimePlugin of DefaultRuntimePlugin [roughlyenoughitems]/" done in 6.041 μs
[04:00:00] [Server thread/TRACE] [REI] [REIServerPlugin START] Reloading Section: "pre-register/AlloyForgeryCommonPlugin of AlloyForgeryCommonPlugin [alloy_forgery]/"
[04:00:00] [Server thread/TRACE] [REI] [REIServerPlugin START] Reloading Section: "pre-register/AlloyForgeryCommonPlugin of AlloyForgeryCommonPlugin [alloy_forgery]/" done in 6.191 μs
[04:00:00] [Server thread/TRACE] [REI] [REIServerPlugin START] Reloading Section: "pre-register/" done in 205.2 μs
[04:00:00] [Server thread/TRACE] [REI] [REIServerPlugin START] Reloading Section: "pre-stage/"
[04:00:00] [Server thread/TRACE] [REI] [REIServerPlugin START] Reloading Section: "pre-stage/MenuInfoRegistryImpl/"
[04:00:00] [Server thread/TRACE] [REI] [REIServerPlugin START] Reloading Section: "pre-stage/MenuInfoRegistryImpl/" done in 5.501 μs
[04:00:00] [Server thread/TRACE] [REI] [REIServerPlugin START] Reloading Section: "pre-stage/SlotAccessorRegistryImpl/"
[04:00:00] [Server thread/TRACE] [REI] [REIServerPlugin START] Reloading Section: "pre-stage/SlotAccessorRegistryImpl/" done in 5.260 μs
[04:00:00] [Server thread/TRACE] [REI] [REIServerPlugin START] Reloading Section: "pre-stage/" done in 145.3 μs
[04:00:00] [Server thread/DEBUG] [REI] ========================================
[04:00:00] [Server thread/DEBUG] [REI] REIServerPlugin finished pre-reload for START in 425.4 μs.
[04:00:00] [Server thread/DEBUG] [REI] ========================================
[04:00:00] [Server thread/INFO] [REI] @@@@@@@@@@@@@@@@@@@@@@@@@@@@@@@@@@@@@@@@
[04:00:00] [Server thread/INFO] [REI] REIPlugin starting main-reload for START.
[04:00:00] [Server thread/DEBUG] [REI] Reloadables (7):
[04:00:00] [Server thread/DEBUG] [REI]  - EntryTypeRegistryImpl
[04:00:00] [Server thread/DEBUG] [REI]  - EntrySettingsAdapterRegistryImpl
[04:00:00] [Server thread/DEBUG] [REI]  - RecipeManagerContextImpl
[04:00:00] [Server thread/DEBUG] [REI]  - ItemComparatorRegistryImpl
[04:00:00] [Server thread/DEBUG] [REI]  - FluidComparatorRegistryImpl
[04:00:00] [Server thread/DEBUG] [REI]  - DisplaySerializerRegistryImpl
[04:00:00] [Server thread/DEBUG] [REI]  - FluidSupportProviderImpl
[04:00:00] [Server thread/INFO] [REI] Plugins (4):
[04:00:00] [Server thread/INFO] [REI]  - (-100.00) DefaultPlugin of DefaultPlugin [roughlyenoughitems]
[04:00:00] [Server thread/INFO] [REI]  - (0.00) FabricFluidAPISupportPlugin
[04:00:00] [Server thread/INFO] [REI]  - (0.00) DefaultRuntimePlugin of DefaultRuntimePlugin [roughlyenoughitems]
[04:00:00] [Server thread/INFO] [REI]  - (0.00) AlloyForgeryCommonPlugin of AlloyForgeryCommonPlugin [alloy_forgery]
[04:00:00] [Server thread/INFO] [REI] @@@@@@@@@@@@@@@@@@@@@@@@@@@@@@@@@@@@@@@@
[04:00:00] [Server thread/TRACE] [REI] [REIPlugin START] Reloading Section: "start-reload/"
[04:00:00] [Server thread/TRACE] [REI] [REIPlugin START] Reloading Section: "start-reload/EntryTypeRegistryImpl/"
[04:00:00] [Server thread/TRACE] [REI] [REIPlugin START] Reloading Section: "start-reload/EntryTypeRegistryImpl/" done in 13.34 μs
[04:00:00] [Server thread/TRACE] [REI] [REIPlugin START] Reloading Section: "start-reload/EntrySettingsAdapterRegistryImpl/"
[04:00:00] [Server thread/TRACE] [REI] [REIPlugin START] Reloading Section: "start-reload/EntrySettingsAdapterRegistryImpl/" done in 6.973 μs
[04:00:00] [Server thread/TRACE] [REI] [REIPlugin START] Reloading Section: "start-reload/RecipeManagerContextImpl/"
[04:00:00] [Server thread/TRACE] [REI] [REIPlugin START] Reloading Section: "start-reload/RecipeManagerContextImpl/" done in 5.600 μs
[04:00:00] [Server thread/TRACE] [REI] [REIPlugin START] Reloading Section: "start-reload/ItemComparatorRegistryImpl/"
[04:00:00] [Server thread/TRACE] [REI] [REIPlugin START] Reloading Section: "start-reload/ItemComparatorRegistryImpl/" done in 13.56 μs
[04:00:00] [Server thread/TRACE] [REI] [REIPlugin START] Reloading Section: "start-reload/FluidComparatorRegistryImpl/"
[04:00:00] [Server thread/TRACE] [REI] [REIPlugin START] Reloading Section: "start-reload/FluidComparatorRegistryImpl/" done in 8.276 μs
[04:00:00] [Server thread/TRACE] [REI] [REIPlugin START] Reloading Section: "start-reload/DisplaySerializerRegistryImpl/"
[04:00:00] [Server thread/TRACE] [REI] [REIPlugin START] Reloading Section: "start-reload/DisplaySerializerRegistryImpl/" done in 5.730 μs
[04:00:00] [Server thread/TRACE] [REI] [REIPlugin START] Reloading Section: "start-reload/FluidSupportProviderImpl/"
[04:00:00] [Server thread/TRACE] [REI] [REIPlugin START] Reloading Section: "start-reload/FluidSupportProviderImpl/" done in 9.027 μs
[04:00:00] [Server thread/TRACE] [REI] [REIPlugin START] Reloading Section: "start-reload/" done in 604.6 μs
[04:00:00] [Server thread/DEBUG] [REI] ========================================
[04:00:00] [Server thread/DEBUG] [REI] REIPlugin started main-reload for START.
[04:00:00] [Server thread/DEBUG] [REI] ========================================
[04:00:00] [Server thread/TRACE] [REI] [REIPlugin START] Reloading Section: "reloadable-plugin/EntryTypeRegistryImpl/"
[04:00:00] [Server thread/TRACE] [REI] [REIPlugin START] Reloading Section: "reloadable-plugin/EntryTypeRegistryImpl/DefaultPlugin of DefaultPlugin [roughlyenoughitems]/"
[04:00:00] [Server thread/TRACE] [REI] [REIPlugin START] Reloading Section: "reloadable-plugin/EntryTypeRegistryImpl/DefaultPlugin of DefaultPlugin [roughlyenoughitems]/" done in 13.21 μs
[04:00:00] [Server thread/TRACE] [REI] [REIPlugin START] Reloading Section: "reloadable-plugin/EntryTypeRegistryImpl/FabricFluidAPISupportPlugin/"
[04:00:00] [Server thread/TRACE] [REI] [REIPlugin START] Reloading Section: "reloadable-plugin/EntryTypeRegistryImpl/FabricFluidAPISupportPlugin/" done in 11.28 μs
[04:00:00] [Server thread/TRACE] [REI] [REIPlugin START] Reloading Section: "reloadable-plugin/EntryTypeRegistryImpl/DefaultRuntimePlugin of DefaultRuntimePlugin [roughlyenoughitems]/"
[04:00:00] [Server thread/TRACE] [REI] [REIPlugin START] Reloading Section: "reloadable-plugin/EntryTypeRegistryImpl/DefaultRuntimePlugin of DefaultRuntimePlugin [roughlyenoughitems]/" done in 51.48 μs
[04:00:00] [Server thread/TRACE] [REI] [REIPlugin START] Reloading Section: "reloadable-plugin/EntryTypeRegistryImpl/AlloyForgeryCommonPlugin of AlloyForgeryCommonPlugin [alloy_forgery]/"
[04:00:00] [Server thread/TRACE] [REI] [REIPlugin START] Reloading Section: "reloadable-plugin/EntryTypeRegistryImpl/AlloyForgeryCommonPlugin of AlloyForgeryCommonPlugin [alloy_forgery]/" done in 11.55 μs
[04:00:00] [Server thread/TRACE] [REI] [REIPlugin START] Reloading Section: "reloadable-plugin/EntryTypeRegistryImpl/" done in 470.8 μs
[04:00:00] [Server thread/TRACE] [REI] [REIPlugin START] Reloading Section: "reloadable-plugin/EntrySettingsAdapterRegistryImpl/"
[04:00:00] [Server thread/TRACE] [REI] [REIPlugin START] Reloading Section: "reloadable-plugin/EntrySettingsAdapterRegistryImpl/DefaultPlugin of DefaultPlugin [roughlyenoughitems]/"
[04:00:00] [Server thread/TRACE] [REI] [REIPlugin START] Reloading Section: "reloadable-plugin/EntrySettingsAdapterRegistryImpl/DefaultPlugin of DefaultPlugin [roughlyenoughitems]/" done in 9.759 μs
[04:00:00] [Server thread/TRACE] [REI] [REIPlugin START] Reloading Section: "reloadable-plugin/EntrySettingsAdapterRegistryImpl/FabricFluidAPISupportPlugin/"
[04:00:00] [Server thread/TRACE] [REI] [REIPlugin START] Reloading Section: "reloadable-plugin/EntrySettingsAdapterRegistryImpl/FabricFluidAPISupportPlugin/" done in 9.457 μs
[04:00:00] [Server thread/TRACE] [REI] [REIPlugin START] Reloading Section: "reloadable-plugin/EntrySettingsAdapterRegistryImpl/DefaultRuntimePlugin of DefaultRuntimePlugin [roughlyenoughitems]/"
[04:00:00] [Server thread/TRACE] [REI] [REIPlugin START] Reloading Section: "reloadable-plugin/EntrySettingsAdapterRegistryImpl/DefaultRuntimePlugin of DefaultRuntimePlugin [roughlyenoughitems]/" done in 9.798 μs
[04:00:00] [Server thread/TRACE] [REI] [REIPlugin START] Reloading Section: "reloadable-plugin/EntrySettingsAdapterRegistryImpl/AlloyForgeryCommonPlugin of AlloyForgeryCommonPlugin [alloy_forgery]/"
[04:00:00] [Server thread/TRACE] [REI] [REIPlugin START] Reloading Section: "reloadable-plugin/EntrySettingsAdapterRegistryImpl/AlloyForgeryCommonPlugin of AlloyForgeryCommonPlugin [alloy_forgery]/" done in 10.27 μs
[04:00:00] [Server thread/TRACE] [REI] [REIPlugin START] Reloading Section: "reloadable-plugin/EntrySettingsAdapterRegistryImpl/" done in 367.3 μs
[04:00:00] [Server thread/TRACE] [REI] [REIPlugin START] Reloading Section: "reloadable-plugin/RecipeManagerContextImpl/"
[04:00:00] [Server thread/TRACE] [REI] [REIPlugin START] Reloading Section: "reloadable-plugin/RecipeManagerContextImpl/DefaultPlugin of DefaultPlugin [roughlyenoughitems]/"
[04:00:00] [Server thread/TRACE] [REI] [REIPlugin START] Reloading Section: "reloadable-plugin/RecipeManagerContextImpl/DefaultPlugin of DefaultPlugin [roughlyenoughitems]/" done in 9.869 μs
[04:00:00] [Server thread/TRACE] [REI] [REIPlugin START] Reloading Section: "reloadable-plugin/RecipeManagerContextImpl/FabricFluidAPISupportPlugin/"
[04:00:00] [Server thread/TRACE] [REI] [REIPlugin START] Reloading Section: "reloadable-plugin/RecipeManagerContextImpl/FabricFluidAPISupportPlugin/" done in 10.75 μs
[04:00:00] [Server thread/TRACE] [REI] [REIPlugin START] Reloading Section: "reloadable-plugin/RecipeManagerContextImpl/DefaultRuntimePlugin of DefaultRuntimePlugin [roughlyenoughitems]/"
[04:00:00] [Server thread/TRACE] [REI] [REIPlugin START] Reloading Section: "reloadable-plugin/RecipeManagerContextImpl/DefaultRuntimePlugin of DefaultRuntimePlugin [roughlyenoughitems]/" done in 10.97 μs
[04:00:00] [Server thread/TRACE] [REI] [REIPlugin START] Reloading Section: "reloadable-plugin/RecipeManagerContextImpl/AlloyForgeryCommonPlugin of AlloyForgeryCommonPlugin [alloy_forgery]/"
[04:00:00] [Server thread/TRACE] [REI] [REIPlugin START] Reloading Section: "reloadable-plugin/RecipeManagerContextImpl/AlloyForgeryCommonPlugin of AlloyForgeryCommonPlugin [alloy_forgery]/" done in 9.808 μs
[04:00:00] [Server thread/TRACE] [REI] [REIPlugin START] Reloading Section: "reloadable-plugin/RecipeManagerContextImpl/" done in 393.2 μs
[04:00:00] [Server thread/TRACE] [REI] [REIPlugin START] Reloading Section: "reloadable-plugin/ItemComparatorRegistryImpl/"
[04:00:00] [Server thread/TRACE] [REI] [REIPlugin START] Reloading Section: "reloadable-plugin/ItemComparatorRegistryImpl/DefaultPlugin of DefaultPlugin [roughlyenoughitems]/"
[04:00:00] [Server thread/TRACE] [REI] [REIPlugin START] Reloading Section: "reloadable-plugin/ItemComparatorRegistryImpl/DefaultPlugin of DefaultPlugin [roughlyenoughitems]/" done in 38.55 μs
[04:00:00] [Server thread/TRACE] [REI] [REIPlugin START] Reloading Section: "reloadable-plugin/ItemComparatorRegistryImpl/FabricFluidAPISupportPlugin/"
[04:00:00] [Server thread/TRACE] [REI] [REIPlugin START] Reloading Section: "reloadable-plugin/ItemComparatorRegistryImpl/FabricFluidAPISupportPlugin/" done in 12.01 μs
[04:00:00] [Server thread/TRACE] [REI] [REIPlugin START] Reloading Section: "reloadable-plugin/ItemComparatorRegistryImpl/DefaultRuntimePlugin of DefaultRuntimePlugin [roughlyenoughitems]/"
[04:00:00] [Server thread/TRACE] [REI] [REIPlugin START] Reloading Section: "reloadable-plugin/ItemComparatorRegistryImpl/DefaultRuntimePlugin of DefaultRuntimePlugin [roughlyenoughitems]/" done in 13.70 μs
[04:00:00] [Server thread/TRACE] [REI] [REIPlugin START] Reloading Section: "reloadable-plugin/ItemComparatorRegistryImpl/AlloyForgeryCommonPlugin of AlloyForgeryCommonPlugin [alloy_forgery]/"
[04:00:00] [Server thread/TRACE] [REI] [REIPlugin START] Reloading Section: "reloadable-plugin/ItemComparatorRegistryImpl/AlloyForgeryCommonPlugin of AlloyForgeryCommonPlugin [alloy_forgery]/" done in 17.27 μs
[04:00:00] [Server thread/TRACE] [REI] [REIPlugin START] Reloading Section: "reloadable-plugin/ItemComparatorRegistryImpl/" done in 830.1 μs
[04:00:00] [Server thread/TRACE] [REI] [REIPlugin START] Reloading Section: "reloadable-plugin/FluidComparatorRegistryImpl/"
[04:00:00] [Server thread/TRACE] [REI] [REIPlugin START] Reloading Section: "reloadable-plugin/FluidComparatorRegistryImpl/DefaultPlugin of DefaultPlugin [roughlyenoughitems]/"
[04:00:00] [Server thread/TRACE] [REI] [REIPlugin START] Reloading Section: "reloadable-plugin/FluidComparatorRegistryImpl/DefaultPlugin of DefaultPlugin [roughlyenoughitems]/" done in 10.78 μs
[04:00:00] [Server thread/TRACE] [REI] [REIPlugin START] Reloading Section: "reloadable-plugin/FluidComparatorRegistryImpl/FabricFluidAPISupportPlugin/"
[04:00:00] [Server thread/TRACE] [REI] [REIPlugin START] Reloading Section: "reloadable-plugin/FluidComparatorRegistryImpl/FabricFluidAPISupportPlugin/" done in 10.60 μs
[04:00:00] [Server thread/TRACE] [REI] [REIPlugin START] Reloading Section: "reloadable-plugin/FluidComparatorRegistryImpl/DefaultRuntimePlugin of DefaultRuntimePlugin [roughlyenoughitems]/"
[04:00:00] [Server thread/TRACE] [REI] [REIPlugin START] Reloading Section: "reloadable-plugin/FluidComparatorRegistryImpl/DefaultRuntimePlugin of DefaultRuntimePlugin [roughlyenoughitems]/" done in 9.899 μs
[04:00:00] [Server thread/TRACE] [REI] [REIPlugin START] Reloading Section: "reloadable-plugin/FluidComparatorRegistryImpl/AlloyForgeryCommonPlugin of AlloyForgeryCommonPlugin [alloy_forgery]/"
[04:00:00] [Server thread/TRACE] [REI] [REIPlugin START] Reloading Section: "reloadable-plugin/FluidComparatorRegistryImpl/AlloyForgeryCommonPlugin of AlloyForgeryCommonPlugin [alloy_forgery]/" done in 10.14 μs
[04:00:00] [Server thread/TRACE] [REI] [REIPlugin START] Reloading Section: "reloadable-plugin/FluidComparatorRegistryImpl/" done in 376.2 μs
[04:00:00] [Server thread/TRACE] [REI] [REIPlugin START] Reloading Section: "reloadable-plugin/DisplaySerializerRegistryImpl/"
[04:00:00] [Server thread/TRACE] [REI] [REIPlugin START] Reloading Section: "reloadable-plugin/DisplaySerializerRegistryImpl/DefaultPlugin of DefaultPlugin [roughlyenoughitems]/"
[04:00:00] [Server thread/TRACE] [REI] [REIPlugin START] Reloading Section: "reloadable-plugin/DisplaySerializerRegistryImpl/DefaultPlugin of DefaultPlugin [roughlyenoughitems]/" done in 11.02 μs
[04:00:00] [Server thread/TRACE] [REI] [REIPlugin START] Reloading Section: "reloadable-plugin/DisplaySerializerRegistryImpl/FabricFluidAPISupportPlugin/"
[04:00:00] [Server thread/TRACE] [REI] [REIPlugin START] Reloading Section: "reloadable-plugin/DisplaySerializerRegistryImpl/FabricFluidAPISupportPlugin/" done in 9.518 μs
[04:00:00] [Server thread/TRACE] [REI] [REIPlugin START] Reloading Section: "reloadable-plugin/DisplaySerializerRegistryImpl/DefaultRuntimePlugin of DefaultRuntimePlugin [roughlyenoughitems]/"
[04:00:00] [Server thread/TRACE] [REI] [REIPlugin START] Reloading Section: "reloadable-plugin/DisplaySerializerRegistryImpl/DefaultRuntimePlugin of DefaultRuntimePlugin [roughlyenoughitems]/" done in 9.228 μs
[04:00:00] [Server thread/TRACE] [REI] [REIPlugin START] Reloading Section: "reloadable-plugin/DisplaySerializerRegistryImpl/AlloyForgeryCommonPlugin of AlloyForgeryCommonPlugin [alloy_forgery]/"
[04:00:00] [Server thread/TRACE] [REI] [REIPlugin START] Reloading Section: "reloadable-plugin/DisplaySerializerRegistryImpl/AlloyForgeryCommonPlugin of AlloyForgeryCommonPlugin [alloy_forgery]/" done in 9.307 μs
[04:00:00] [Server thread/TRACE] [REI] [REIPlugin START] Reloading Section: "reloadable-plugin/DisplaySerializerRegistryImpl/" done in 360.8 μs
[04:00:00] [Server thread/TRACE] [REI] [REIPlugin START] Reloading Section: "reloadable-plugin/FluidSupportProviderImpl/"
[04:00:00] [Server thread/TRACE] [REI] [REIPlugin START] Reloading Section: "reloadable-plugin/FluidSupportProviderImpl/DefaultPlugin of DefaultPlugin [roughlyenoughitems]/"
[04:00:00] [Server thread/TRACE] [REI] [REIPlugin START] Reloading Section: "reloadable-plugin/FluidSupportProviderImpl/DefaultPlugin of DefaultPlugin [roughlyenoughitems]/" done in 14.95 μs
[04:00:00] [Server thread/TRACE] [REI] [REIPlugin START] Reloading Section: "reloadable-plugin/FluidSupportProviderImpl/FabricFluidAPISupportPlugin/"
[04:00:00] [Server thread/TRACE] [REI] [REIPlugin START] Reloading Section: "reloadable-plugin/FluidSupportProviderImpl/FabricFluidAPISupportPlugin/" done in 14.31 μs
[04:00:00] [Server thread/TRACE] [REI] [REIPlugin START] Reloading Section: "reloadable-plugin/FluidSupportProviderImpl/DefaultRuntimePlugin of DefaultRuntimePlugin [roughlyenoughitems]/"
[04:00:00] [Server thread/TRACE] [REI] [REIPlugin START] Reloading Section: "reloadable-plugin/FluidSupportProviderImpl/DefaultRuntimePlugin of DefaultRuntimePlugin [roughlyenoughitems]/" done in 11.68 μs
[04:00:00] [Server thread/TRACE] [REI] [REIPlugin START] Reloading Section: "reloadable-plugin/FluidSupportProviderImpl/AlloyForgeryCommonPlugin of AlloyForgeryCommonPlugin [alloy_forgery]/"
[04:00:00] [Server thread/TRACE] [REI] [REIPlugin START] Reloading Section: "reloadable-plugin/FluidSupportProviderImpl/AlloyForgeryCommonPlugin of AlloyForgeryCommonPlugin [alloy_forgery]/" done in 10.74 μs
[04:00:00] [Server thread/TRACE] [REI] [REIPlugin START] Reloading Section: "reloadable-plugin/FluidSupportProviderImpl/" done in 420.7 μs
[04:00:00] [Server thread/DEBUG] [REI] ========================================
[04:00:00] [Server thread/DEBUG] [REI] REIPlugin ending main-reload for START.
[04:00:00] [Server thread/DEBUG] [REI] ========================================
[04:00:00] [Server thread/TRACE] [REI] [REIPlugin START] Reloading Section: "end-reload/"
[04:00:00] [Server thread/TRACE] [REI] [REIPlugin START] Reloading Section: "end-reload/EntryTypeRegistryImpl/"
[04:00:00] [Server thread/TRACE] [REI] [REIPlugin START] Reloading Section: "end-reload/EntryTypeRegistryImpl/" done in 8.406 μs
[04:00:00] [Server thread/TRACE] [REI] [REIPlugin START] Reloading Section: "end-reload/EntrySettingsAdapterRegistryImpl/"
[04:00:00] [Server thread/TRACE] [REI] [REIPlugin START] Reloading Section: "end-reload/EntrySettingsAdapterRegistryImpl/" done in 6.552 μs
[04:00:00] [Server thread/TRACE] [REI] [REIPlugin START] Reloading Section: "end-reload/RecipeManagerContextImpl/"
[04:00:00] [Server thread/TRACE] [REI] [REIPlugin START] Reloading Section: "end-reload/RecipeManagerContextImpl/" done in 5.680 μs
[04:00:00] [Server thread/TRACE] [REI] [REIPlugin START] Reloading Section: "end-reload/ItemComparatorRegistryImpl/"
[04:00:00] [Server thread/TRACE] [REI] [REIPlugin START] Reloading Section: "end-reload/ItemComparatorRegistryImpl/" done in 6.191 μs
[04:00:00] [Server thread/TRACE] [REI] [REIPlugin START] Reloading Section: "end-reload/FluidComparatorRegistryImpl/"
[04:00:00] [Server thread/TRACE] [REI] [REIPlugin START] Reloading Section: "end-reload/FluidComparatorRegistryImpl/" done in 5.941 μs
[04:00:00] [Server thread/TRACE] [REI] [REIPlugin START] Reloading Section: "end-reload/DisplaySerializerRegistryImpl/"
[04:00:00] [Server thread/TRACE] [REI] [REIPlugin START] Reloading Section: "end-reload/DisplaySerializerRegistryImpl/" done in 6.232 μs
[04:00:00] [Server thread/TRACE] [REI] [REIPlugin START] Reloading Section: "end-reload/FluidSupportProviderImpl/"
[04:00:00] [Server thread/TRACE] [REI] [REIPlugin START] Reloading Section: "end-reload/FluidSupportProviderImpl/" done in 6.662 μs
[04:00:00] [Server thread/TRACE] [REI] [REIPlugin START] Reloading Section: "end-reload/" done in 654.1 μs
[04:00:00] [Server thread/DEBUG] [REI] ========================================
[04:00:00] [Server thread/DEBUG] [REI] REIPlugin ended main-reload for START in 6.009 ms.
[04:00:00] [Server thread/DEBUG] [REI] ========================================
[04:00:00] [Server thread/INFO] [REI] ****************************************
[04:00:00] [Server thread/INFO] [REI] REIServerPlugin starting main-reload for START.
[04:00:00] [Server thread/DEBUG] [REI] Reloadables (2):
[04:00:00] [Server thread/DEBUG] [REI]  - MenuInfoRegistryImpl
[04:00:00] [Server thread/DEBUG] [REI]  - SlotAccessorRegistryImpl
[04:00:00] [Server thread/INFO] [REI] Plugins (4):
[04:00:00] [Server thread/INFO] [REI]  - (-100.00) DefaultPlugin of DefaultPlugin [roughlyenoughitems]
[04:00:00] [Server thread/INFO] [REI]  - (0.00) FabricFluidAPISupportPlugin
[04:00:00] [Server thread/INFO] [REI]  - (0.00) DefaultRuntimePlugin of DefaultRuntimePlugin [roughlyenoughitems]
[04:00:00] [Server thread/INFO] [REI]  - (0.00) AlloyForgeryCommonPlugin of AlloyForgeryCommonPlugin [alloy_forgery]
[04:00:00] [Server thread/INFO] [REI] ****************************************
[04:00:00] [Server thread/TRACE] [REI] [REIServerPlugin START] Reloading Section: "start-reload/"
[04:00:00] [Server thread/TRACE] [REI] [REIServerPlugin START] Reloading Section: "start-reload/MenuInfoRegistryImpl/"
[04:00:00] [Server thread/TRACE] [REI] [REIServerPlugin START] Reloading Section: "start-reload/MenuInfoRegistryImpl/" done in 7.594 μs
[04:00:00] [Server thread/TRACE] [REI] [REIServerPlugin START] Reloading Section: "start-reload/SlotAccessorRegistryImpl/"
[04:00:00] [Server thread/TRACE] [REI] [REIServerPlugin START] Reloading Section: "start-reload/SlotAccessorRegistryImpl/" done in 6.112 μs
[04:00:00] [Server thread/TRACE] [REI] [REIServerPlugin START] Reloading Section: "start-reload/" done in 161.5 μs
[04:00:00] [Server thread/DEBUG] [REI] ========================================
[04:00:00] [Server thread/DEBUG] [REI] REIServerPlugin started main-reload for START.
[04:00:00] [Server thread/DEBUG] [REI] ========================================
[04:00:00] [Server thread/TRACE] [REI] [REIServerPlugin START] Reloading Section: "reloadable-plugin/MenuInfoRegistryImpl/"
[04:00:00] [Server thread/TRACE] [REI] [REIServerPlugin START] Reloading Section: "reloadable-plugin/MenuInfoRegistryImpl/DefaultPlugin of DefaultPlugin [roughlyenoughitems]/"
[04:00:00] [Server thread/TRACE] [REI] [REIServerPlugin START] Reloading Section: "reloadable-plugin/MenuInfoRegistryImpl/DefaultPlugin of DefaultPlugin [roughlyenoughitems]/" done in 8.796 μs
[04:00:00] [Server thread/TRACE] [REI] [REIServerPlugin START] Reloading Section: "reloadable-plugin/MenuInfoRegistryImpl/FabricFluidAPISupportPlugin/"
[04:00:00] [Server thread/TRACE] [REI] [REIServerPlugin START] Reloading Section: "reloadable-plugin/MenuInfoRegistryImpl/FabricFluidAPISupportPlugin/" done in 8.516 μs
[04:00:00] [Server thread/TRACE] [REI] [REIServerPlugin START] Reloading Section: "reloadable-plugin/MenuInfoRegistryImpl/DefaultRuntimePlugin of DefaultRuntimePlugin [roughlyenoughitems]/"
[04:00:00] [Server thread/TRACE] [REI] [REIServerPlugin START] Reloading Section: "reloadable-plugin/MenuInfoRegistryImpl/DefaultRuntimePlugin of DefaultRuntimePlugin [roughlyenoughitems]/" done in 7.685 μs
[04:00:00] [Server thread/TRACE] [REI] [REIServerPlugin START] Reloading Section: "reloadable-plugin/MenuInfoRegistryImpl/AlloyForgeryCommonPlugin of AlloyForgeryCommonPlugin [alloy_forgery]/"
[04:00:00] [Server thread/TRACE] [REI] [REIServerPlugin START] Reloading Section: "reloadable-plugin/MenuInfoRegistryImpl/AlloyForgeryCommonPlugin of AlloyForgeryCommonPlugin [alloy_forgery]/" done in 8.125 μs
[04:00:00] [Server thread/TRACE] [REI] [REIServerPlugin START] Reloading Section: "reloadable-plugin/MenuInfoRegistryImpl/" done in 335.6 μs
[04:00:00] [Server thread/TRACE] [REI] [REIServerPlugin START] Reloading Section: "reloadable-plugin/SlotAccessorRegistryImpl/"
[04:00:00] [Server thread/TRACE] [REI] [REIServerPlugin START] Reloading Section: "reloadable-plugin/SlotAccessorRegistryImpl/DefaultPlugin of DefaultPlugin [roughlyenoughitems]/"
[04:00:00] [Server thread/TRACE] [REI] [REIServerPlugin START] Reloading Section: "reloadable-plugin/SlotAccessorRegistryImpl/DefaultPlugin of DefaultPlugin [roughlyenoughitems]/" done in 8.385 μs
[04:00:00] [Server thread/TRACE] [REI] [REIServerPlugin START] Reloading Section: "reloadable-plugin/SlotAccessorRegistryImpl/FabricFluidAPISupportPlugin/"
[04:00:00] [Server thread/TRACE] [REI] [REIServerPlugin START] Reloading Section: "reloadable-plugin/SlotAccessorRegistryImpl/FabricFluidAPISupportPlugin/" done in 8.185 μs
[04:00:00] [Server thread/TRACE] [REI] [REIServerPlugin START] Reloading Section: "reloadable-plugin/SlotAccessorRegistryImpl/DefaultRuntimePlugin of DefaultRuntimePlugin [roughlyenoughitems]/"
[04:00:00] [Server thread/TRACE] [REI] [REIServerPlugin START] Reloading Section: "reloadable-plugin/SlotAccessorRegistryImpl/DefaultRuntimePlugin of DefaultRuntimePlugin [roughlyenoughitems]/" done in 8.125 μs
[04:00:00] [Server thread/TRACE] [REI] [REIServerPlugin START] Reloading Section: "reloadable-plugin/SlotAccessorRegistryImpl/AlloyForgeryCommonPlugin of AlloyForgeryCommonPlugin [alloy_forgery]/"
[04:00:00] [Server thread/TRACE] [REI] [REIServerPlugin START] Reloading Section: "reloadable-plugin/SlotAccessorRegistryImpl/AlloyForgeryCommonPlugin of AlloyForgeryCommonPlugin [alloy_forgery]/" done in 8.216 μs
[04:00:00] [Server thread/TRACE] [REI] [REIServerPlugin START] Reloading Section: "reloadable-plugin/SlotAccessorRegistryImpl/" done in 375.4 μs
[04:00:00] [Server thread/DEBUG] [REI] ========================================
[04:00:00] [Server thread/DEBUG] [REI] REIServerPlugin ending main-reload for START.
[04:00:00] [Server thread/DEBUG] [REI] ========================================
[04:00:00] [Server thread/TRACE] [REI] [REIServerPlugin START] Reloading Section: "end-reload/"
[04:00:00] [Server thread/TRACE] [REI] [REIServerPlugin START] Reloading Section: "end-reload/MenuInfoRegistryImpl/"
[04:00:00] [Server thread/TRACE] [REI] [REIServerPlugin START] Reloading Section: "end-reload/MenuInfoRegistryImpl/" done in 6.022 μs
[04:00:00] [Server thread/TRACE] [REI] [REIServerPlugin START] Reloading Section: "end-reload/SlotAccessorRegistryImpl/"
[04:00:00] [Server thread/TRACE] [REI] [REIServerPlugin START] Reloading Section: "end-reload/SlotAccessorRegistryImpl/" done in 6.362 μs
[04:00:00] [Server thread/TRACE] [REI] [REIServerPlugin START] Reloading Section: "end-reload/" done in 160.5 μs
[04:00:00] [Server thread/DEBUG] [REI] ========================================
[04:00:00] [Server thread/DEBUG] [REI] REIServerPlugin ended main-reload for START in 2.567 ms.
[04:00:00] [Server thread/DEBUG] [REI] ========================================
[04:00:00] [Server thread/DEBUG] [REI] ========================================
[04:00:00] [Server thread/DEBUG] [REI] REIPlugin starting post-reload for START.
[04:00:00] [Server thread/DEBUG] [REI] Reloadables (7):
[04:00:00] [Server thread/DEBUG] [REI]  - EntryTypeRegistryImpl
[04:00:00] [Server thread/DEBUG] [REI]  - EntrySettingsAdapterRegistryImpl
[04:00:00] [Server thread/DEBUG] [REI]  - RecipeManagerContextImpl
[04:00:00] [Server thread/DEBUG] [REI]  - ItemComparatorRegistryImpl
[04:00:00] [Server thread/DEBUG] [REI]  - FluidComparatorRegistryImpl
[04:00:00] [Server thread/DEBUG] [REI]  - DisplaySerializerRegistryImpl
[04:00:00] [Server thread/DEBUG] [REI]  - FluidSupportProviderImpl
[04:00:00] [Server thread/DEBUG] [REI] Plugins (4):
[04:00:00] [Server thread/DEBUG] [REI]  - (-100.00) DefaultPlugin of DefaultPlugin [roughlyenoughitems]
[04:00:00] [Server thread/DEBUG] [REI]  - (0.00) FabricFluidAPISupportPlugin
[04:00:00] [Server thread/DEBUG] [REI]  - (0.00) DefaultRuntimePlugin of DefaultRuntimePlugin [roughlyenoughitems]
[04:00:00] [Server thread/DEBUG] [REI]  - (0.00) AlloyForgeryCommonPlugin of AlloyForgeryCommonPlugin [alloy_forgery]
[04:00:00] [Server thread/DEBUG] [REI] ========================================
[04:00:00] [Server thread/TRACE] [REI] [REIPlugin START] Reloading Section: "post-register/"
[04:00:00] [Server thread/TRACE] [REI] [REIPlugin START] Reloading Section: "post-register/DefaultPlugin of DefaultPlugin [roughlyenoughitems]/"
[04:00:00] [Server thread/TRACE] [REI] [REIPlugin START] Reloading Section: "post-register/DefaultPlugin of DefaultPlugin [roughlyenoughitems]/" done in 11.22 μs
[04:00:00] [Server thread/TRACE] [REI] [REIPlugin START] Reloading Section: "post-register/FabricFluidAPISupportPlugin/"
[04:00:00] [Server thread/TRACE] [REI] [REIPlugin START] Reloading Section: "post-register/FabricFluidAPISupportPlugin/" done in 9.056 μs
[04:00:00] [Server thread/TRACE] [REI] [REIPlugin START] Reloading Section: "post-register/DefaultRuntimePlugin of DefaultRuntimePlugin [roughlyenoughitems]/"
[04:00:00] [Server thread/TRACE] [REI] [REIPlugin START] Reloading Section: "post-register/DefaultRuntimePlugin of DefaultRuntimePlugin [roughlyenoughitems]/" done in 8.526 μs
[04:00:00] [Server thread/TRACE] [REI] [REIPlugin START] Reloading Section: "post-register/AlloyForgeryCommonPlugin of AlloyForgeryCommonPlugin [alloy_forgery]/"
[04:00:00] [Server thread/TRACE] [REI] [REIPlugin START] Reloading Section: "post-register/AlloyForgeryCommonPlugin of AlloyForgeryCommonPlugin [alloy_forgery]/" done in 9.528 μs
[04:00:00] [Server thread/TRACE] [REI] [REIPlugin START] Reloading Section: "post-register/" done in 451.0 μs
[04:00:00] [Server thread/TRACE] [REI] [REIPlugin START] Reloading Section: "post-stage/"
[04:00:00] [Server thread/TRACE] [REI] [REIPlugin START] Reloading Section: "post-stage/EntryTypeRegistryImpl/"
[04:00:00] [Server thread/TRACE] [REI] [REIPlugin START] Reloading Section: "post-stage/EntryTypeRegistryImpl/" done in 5.921 μs
[04:00:00] [Server thread/TRACE] [REI] [REIPlugin START] Reloading Section: "post-stage/EntrySettingsAdapterRegistryImpl/"
[04:00:00] [Server thread/TRACE] [REI] [REIPlugin START] Reloading Section: "post-stage/EntrySettingsAdapterRegistryImpl/" done in 4.860 μs
[04:00:00] [Server thread/TRACE] [REI] [REIPlugin START] Reloading Section: "post-stage/RecipeManagerContextImpl/"
[04:00:00] [Server thread/TRACE] [REI] [REIPlugin START] Reloading Section: "post-stage/RecipeManagerContextImpl/" done in 4.167 μs
[04:00:00] [Server thread/TRACE] [REI] [REIPlugin START] Reloading Section: "post-stage/ItemComparatorRegistryImpl/"
[04:00:00] [Server thread/TRACE] [REI] [REIPlugin START] Reloading Section: "post-stage/ItemComparatorRegistryImpl/" done in 4.268 μs
[04:00:00] [Server thread/TRACE] [REI] [REIPlugin START] Reloading Section: "post-stage/FluidComparatorRegistryImpl/"
[04:00:00] [Server thread/TRACE] [REI] [REIPlugin START] Reloading Section: "post-stage/FluidComparatorRegistryImpl/" done in 4.248 μs
[04:00:00] [Server thread/TRACE] [REI] [REIPlugin START] Reloading Section: "post-stage/DisplaySerializerRegistryImpl/"
[04:00:00] [Server thread/TRACE] [REI] [REIPlugin START] Reloading Section: "post-stage/DisplaySerializerRegistryImpl/" done in 4.368 μs
[04:00:00] [Server thread/TRACE] [REI] [REIPlugin START] Reloading Section: "post-stage/FluidSupportProviderImpl/"
[04:00:00] [Server thread/TRACE] [REI] [REIPlugin START] Reloading Section: "post-stage/FluidSupportProviderImpl/" done in 4.719 μs
[04:00:00] [Server thread/TRACE] [REI] [REIPlugin START] Reloading Section: "post-stage/" done in 574.7 μs
[04:00:00] [Server thread/DEBUG] [REI] ========================================
[04:00:00] [Server thread/INFO] [REI] REIPlugin finished post-reload for START in 1.191 ms, totaling 8.401 ms.
[04:00:00] [Server thread/DEBUG] [REI] ========================================
[04:00:00] [Server thread/DEBUG] [REI] ========================================
[04:00:00] [Server thread/DEBUG] [REI] REIServerPlugin starting post-reload for START.
[04:00:00] [Server thread/DEBUG] [REI] Reloadables (2):
[04:00:00] [Server thread/DEBUG] [REI]  - MenuInfoRegistryImpl
[04:00:00] [Server thread/DEBUG] [REI]  - SlotAccessorRegistryImpl
[04:00:00] [Server thread/DEBUG] [REI] Plugins (4):
[04:00:00] [Server thread/DEBUG] [REI]  - (-100.00) DefaultPlugin of DefaultPlugin [roughlyenoughitems]
[04:00:00] [Server thread/DEBUG] [REI]  - (0.00) FabricFluidAPISupportPlugin
[04:00:00] [Server thread/DEBUG] [REI]  - (0.00) DefaultRuntimePlugin of DefaultRuntimePlugin [roughlyenoughitems]
[04:00:00] [Server thread/DEBUG] [REI]  - (0.00) AlloyForgeryCommonPlugin of AlloyForgeryCommonPlugin [alloy_forgery]
[04:00:00] [Server thread/DEBUG] [REI] ========================================
[04:00:00] [Server thread/TRACE] [REI] [REIServerPlugin START] Reloading Section: "post-register/"
[04:00:00] [Server thread/TRACE] [REI] [REIServerPlugin START] Reloading Section: "post-register/DefaultPlugin of DefaultPlugin [roughlyenoughitems]/"
[04:00:00] [Server thread/TRACE] [REI] [REIServerPlugin START] Reloading Section: "post-register/DefaultPlugin of DefaultPlugin [roughlyenoughitems]/" done in 9.598 μs
[04:00:00] [Server thread/TRACE] [REI] [REIServerPlugin START] Reloading Section: "post-register/FabricFluidAPISupportPlugin/"
[04:00:00] [Server thread/TRACE] [REI] [REIServerPlugin START] Reloading Section: "post-register/FabricFluidAPISupportPlugin/" done in 8.486 μs
[04:00:00] [Server thread/TRACE] [REI] [REIServerPlugin START] Reloading Section: "post-register/DefaultRuntimePlugin of DefaultRuntimePlugin [roughlyenoughitems]/"
[04:00:00] [Server thread/TRACE] [REI] [REIServerPlugin START] Reloading Section: "post-register/DefaultRuntimePlugin of DefaultRuntimePlugin [roughlyenoughitems]/" done in 9.107 μs
[04:00:00] [Server thread/TRACE] [REI] [REIServerPlugin START] Reloading Section: "post-register/AlloyForgeryCommonPlugin of AlloyForgeryCommonPlugin [alloy_forgery]/"
[04:00:00] [Server thread/TRACE] [REI] [REIServerPlugin START] Reloading Section: "post-register/AlloyForgeryCommonPlugin of AlloyForgeryCommonPlugin [alloy_forgery]/" done in 8.275 μs
[04:00:00] [Server thread/TRACE] [REI] [REIServerPlugin START] Reloading Section: "post-register/" done in 393.5 μs
[04:00:00] [Server thread/TRACE] [REI] [REIServerPlugin START] Reloading Section: "post-stage/"
[04:00:00] [Server thread/TRACE] [REI] [REIServerPlugin START] Reloading Section: "post-stage/MenuInfoRegistryImpl/"
[04:00:00] [Server thread/TRACE] [REI] [REIServerPlugin START] Reloading Section: "post-stage/MenuInfoRegistryImpl/" done in 6.292 μs
[04:00:00] [Server thread/TRACE] [REI] [REIServerPlugin START] Reloading Section: "post-stage/SlotAccessorRegistryImpl/"
[04:00:00] [Server thread/TRACE] [REI] [REIServerPlugin START] Reloading Section: "post-stage/SlotAccessorRegistryImpl/" done in 7.193 μs
[04:00:00] [Server thread/TRACE] [REI] [REIServerPlugin START] Reloading Section: "post-stage/" done in 837.2 μs
[04:00:00] [Server thread/DEBUG] [REI] ========================================
[04:00:00] [Server thread/INFO] [REI] REIServerPlugin finished post-reload for START in 1.559 ms, totaling 4.526 ms.
[04:00:00] [Server thread/DEBUG] [REI] ========================================
[04:00:00] [Server thread/DEBUG] [REI] ========================================
[04:00:00] [Server thread/DEBUG] [REI] REIPlugin starting pre-reload for END.
[04:00:00] [Server thread/DEBUG] [REI] Reloadables (7):
[04:00:00] [Server thread/DEBUG] [REI]  - EntryTypeRegistryImpl
[04:00:00] [Server thread/DEBUG] [REI]  - EntrySettingsAdapterRegistryImpl
[04:00:00] [Server thread/DEBUG] [REI]  - RecipeManagerContextImpl
[04:00:00] [Server thread/DEBUG] [REI]  - ItemComparatorRegistryImpl
[04:00:00] [Server thread/DEBUG] [REI]  - FluidComparatorRegistryImpl
[04:00:00] [Server thread/DEBUG] [REI]  - DisplaySerializerRegistryImpl
[04:00:00] [Server thread/DEBUG] [REI]  - FluidSupportProviderImpl
[04:00:00] [Server thread/DEBUG] [REI] Plugins (4):
[04:00:00] [Server thread/DEBUG] [REI]  - (-100.00) DefaultPlugin of DefaultPlugin [roughlyenoughitems]
[04:00:00] [Server thread/DEBUG] [REI]  - (0.00) FabricFluidAPISupportPlugin
[04:00:00] [Server thread/DEBUG] [REI]  - (0.00) DefaultRuntimePlugin of DefaultRuntimePlugin [roughlyenoughitems]
[04:00:00] [Server thread/DEBUG] [REI]  - (0.00) AlloyForgeryCommonPlugin of AlloyForgeryCommonPlugin [alloy_forgery]
[04:00:00] [Server thread/DEBUG] [REI] ========================================
[04:00:00] [Server thread/TRACE] [REI] [REIPlugin END] Reloading Section: "pre-register/"
[04:00:00] [Server thread/TRACE] [REI] [REIPlugin END] Reloading Section: "pre-register/DefaultPlugin of DefaultPlugin [roughlyenoughitems]/"
[04:00:00] [Server thread/TRACE] [REI] [REIPlugin END] Reloading Section: "pre-register/DefaultPlugin of DefaultPlugin [roughlyenoughitems]/" done in 9.838 μs
[04:00:00] [Server thread/TRACE] [REI] [REIPlugin END] Reloading Section: "pre-register/FabricFluidAPISupportPlugin/"
[04:00:00] [Server thread/TRACE] [REI] [REIPlugin END] Reloading Section: "pre-register/FabricFluidAPISupportPlugin/" done in 9.288 μs
[04:00:00] [Server thread/TRACE] [REI] [REIPlugin END] Reloading Section: "pre-register/DefaultRuntimePlugin of DefaultRuntimePlugin [roughlyenoughitems]/"
[04:00:00] [Server thread/TRACE] [REI] [REIPlugin END] Reloading Section: "pre-register/DefaultRuntimePlugin of DefaultRuntimePlugin [roughlyenoughitems]/" done in 8.365 μs
[04:00:00] [Server thread/TRACE] [REI] [REIPlugin END] Reloading Section: "pre-register/AlloyForgeryCommonPlugin of AlloyForgeryCommonPlugin [alloy_forgery]/"
[04:00:00] [Server thread/TRACE] [REI] [REIPlugin END] Reloading Section: "pre-register/AlloyForgeryCommonPlugin of AlloyForgeryCommonPlugin [alloy_forgery]/" done in 9.027 μs
[04:00:00] [Server thread/TRACE] [REI] [REIPlugin END] Reloading Section: "pre-register/" done in 947.5 μs
[04:00:00] [Server thread/TRACE] [REI] [REIPlugin END] Reloading Section: "pre-stage/"
[04:00:00] [Server thread/TRACE] [REI] [REIPlugin END] Reloading Section: "pre-stage/EntryTypeRegistryImpl/"
[04:00:00] [Server thread/TRACE] [REI] [REIPlugin END] Reloading Section: "pre-stage/EntryTypeRegistryImpl/" done in 6.933 μs
[04:00:00] [Server thread/TRACE] [REI] [REIPlugin END] Reloading Section: "pre-stage/EntrySettingsAdapterRegistryImpl/"
[04:00:00] [Server thread/TRACE] [REI] [REIPlugin END] Reloading Section: "pre-stage/EntrySettingsAdapterRegistryImpl/" done in 7.404 μs
[04:00:00] [Server thread/TRACE] [REI] [REIPlugin END] Reloading Section: "pre-stage/RecipeManagerContextImpl/"
[04:00:00] [Server thread/TRACE] [REI] [REIPlugin END] Reloading Section: "pre-stage/RecipeManagerContextImpl/" done in 6.692 μs
[04:00:00] [Server thread/TRACE] [REI] [REIPlugin END] Reloading Section: "pre-stage/ItemComparatorRegistryImpl/"
[04:00:00] [Server thread/TRACE] [REI] [REIPlugin END] Reloading Section: "pre-stage/ItemComparatorRegistryImpl/" done in 5.140 μs
[04:00:00] [Server thread/TRACE] [REI] [REIPlugin END] Reloading Section: "pre-stage/FluidComparatorRegistryImpl/"
[04:00:00] [Server thread/TRACE] [REI] [REIPlugin END] Reloading Section: "pre-stage/FluidComparatorRegistryImpl/" done in 8.366 μs
[04:00:00] [Server thread/TRACE] [REI] [REIPlugin END] Reloading Section: "pre-stage/DisplaySerializerRegistryImpl/"
[04:00:00] [Server thread/TRACE] [REI] [REIPlugin END] Reloading Section: "pre-stage/DisplaySerializerRegistryImpl/" done in 6.362 μs
[04:00:00] [Server thread/TRACE] [REI] [REIPlugin END] Reloading Section: "pre-stage/FluidSupportProviderImpl/"
[04:00:00] [Server thread/TRACE] [REI] [REIPlugin END] Reloading Section: "pre-stage/FluidSupportProviderImpl/" done in 6.662 μs
[04:00:00] [Server thread/TRACE] [REI] [REIPlugin END] Reloading Section: "pre-stage/" done in 3.148 ms
[04:00:00] [Server thread/DEBUG] [REI] ========================================
[04:00:00] [Server thread/DEBUG] [REI] REIPlugin finished pre-reload for END in 4.477 ms.
[04:00:00] [Server thread/DEBUG] [REI] ========================================
[04:00:00] [Server thread/DEBUG] [REI] ========================================
[04:00:00] [Server thread/DEBUG] [REI] REIServerPlugin starting pre-reload for END.
[04:00:00] [Server thread/DEBUG] [REI] Reloadables (2):
[04:00:00] [Server thread/DEBUG] [REI]  - MenuInfoRegistryImpl
[04:00:00] [Server thread/DEBUG] [REI]  - SlotAccessorRegistryImpl
[04:00:00] [Server thread/DEBUG] [REI] Plugins (4):
[04:00:00] [Server thread/DEBUG] [REI]  - (-100.00) DefaultPlugin of DefaultPlugin [roughlyenoughitems]
[04:00:00] [Server thread/DEBUG] [REI]  - (0.00) FabricFluidAPISupportPlugin
[04:00:00] [Server thread/DEBUG] [REI]  - (0.00) DefaultRuntimePlugin of DefaultRuntimePlugin [roughlyenoughitems]
[04:00:00] [Server thread/DEBUG] [REI]  - (0.00) AlloyForgeryCommonPlugin of AlloyForgeryCommonPlugin [alloy_forgery]
[04:00:00] [Server thread/DEBUG] [REI] ========================================
[04:00:00] [Server thread/TRACE] [REI] [REIServerPlugin END] Reloading Section: "pre-register/"
[04:00:00] [Server thread/TRACE] [REI] [REIServerPlugin END] Reloading Section: "pre-register/DefaultPlugin of DefaultPlugin [roughlyenoughitems]/"
[04:00:00] [Server thread/TRACE] [REI] [REIServerPlugin END] Reloading Section: "pre-register/DefaultPlugin of DefaultPlugin [roughlyenoughitems]/" done in 8.777 μs
[04:00:00] [Server thread/TRACE] [REI] [REIServerPlugin END] Reloading Section: "pre-register/FabricFluidAPISupportPlugin/"
[04:00:00] [Server thread/TRACE] [REI] [REIServerPlugin END] Reloading Section: "pre-register/FabricFluidAPISupportPlugin/" done in 6.833 μs
[04:00:00] [Server thread/TRACE] [REI] [REIServerPlugin END] Reloading Section: "pre-register/DefaultRuntimePlugin of DefaultRuntimePlugin [roughlyenoughitems]/"
[04:00:00] [Server thread/TRACE] [REI] [REIServerPlugin END] Reloading Section: "pre-register/DefaultRuntimePlugin of DefaultRuntimePlugin [roughlyenoughitems]/" done in 7.564 μs
[04:00:00] [Server thread/TRACE] [REI] [REIServerPlugin END] Reloading Section: "pre-register/AlloyForgeryCommonPlugin of AlloyForgeryCommonPlugin [alloy_forgery]/"
[04:00:00] [Server thread/TRACE] [REI] [REIServerPlugin END] Reloading Section: "pre-register/AlloyForgeryCommonPlugin of AlloyForgeryCommonPlugin [alloy_forgery]/" done in 6.483 μs
[04:00:00] [Server thread/TRACE] [REI] [REIServerPlugin END] Reloading Section: "pre-register/" done in 342.1 μs
[04:00:00] [Server thread/TRACE] [REI] [REIServerPlugin END] Reloading Section: "pre-stage/"
[04:00:00] [Server thread/TRACE] [REI] [REIServerPlugin END] Reloading Section: "pre-stage/MenuInfoRegistryImpl/"
[04:00:00] [Server thread/TRACE] [REI] [REIServerPlugin END] Reloading Section: "pre-stage/MenuInfoRegistryImpl/" done in 5.671 μs
[04:00:00] [Server thread/TRACE] [REI] [REIServerPlugin END] Reloading Section: "pre-stage/SlotAccessorRegistryImpl/"
[04:00:00] [Server thread/TRACE] [REI] [REIServerPlugin END] Reloading Section: "pre-stage/SlotAccessorRegistryImpl/" done in 4.207 μs
[04:00:00] [Server thread/TRACE] [REI] [REIServerPlugin END] Reloading Section: "pre-stage/" done in 83.27 μs
[04:00:00] [Server thread/DEBUG] [REI] ========================================
[04:00:00] [Server thread/DEBUG] [REI] REIServerPlugin finished pre-reload for END in 528.1 μs.
[04:00:00] [Server thread/DEBUG] [REI] ========================================
[04:00:00] [Server thread/INFO] [REI] ----------------------------------------
[04:00:00] [Server thread/INFO] [REI] REIPlugin starting main-reload for END.
[04:00:00] [Server thread/DEBUG] [REI] Reloadables (7):
[04:00:00] [Server thread/DEBUG] [REI]  - EntryTypeRegistryImpl
[04:00:00] [Server thread/DEBUG] [REI]  - EntrySettingsAdapterRegistryImpl
[04:00:00] [Server thread/DEBUG] [REI]  - RecipeManagerContextImpl
[04:00:00] [Server thread/DEBUG] [REI]  - ItemComparatorRegistryImpl
[04:00:00] [Server thread/DEBUG] [REI]  - FluidComparatorRegistryImpl
[04:00:00] [Server thread/DEBUG] [REI]  - DisplaySerializerRegistryImpl
[04:00:00] [Server thread/DEBUG] [REI]  - FluidSupportProviderImpl
[04:00:00] [Server thread/INFO] [REI] Plugins (4):
[04:00:00] [Server thread/INFO] [REI]  - (-100.00) DefaultPlugin of DefaultPlugin [roughlyenoughitems]
[04:00:00] [Server thread/INFO] [REI]  - (0.00) FabricFluidAPISupportPlugin
[04:00:00] [Server thread/INFO] [REI]  - (0.00) DefaultRuntimePlugin of DefaultRuntimePlugin [roughlyenoughitems]
[04:00:00] [Server thread/INFO] [REI]  - (0.00) AlloyForgeryCommonPlugin of AlloyForgeryCommonPlugin [alloy_forgery]
[04:00:00] [Server thread/INFO] [REI] ----------------------------------------
[04:00:00] [Server thread/TRACE] [REI] [REIPlugin END] Reloading Section: "start-reload/"
[04:00:00] [Server thread/TRACE] [REI] [REIPlugin END] Reloading Section: "start-reload/EntryTypeRegistryImpl/"
[04:00:00] [Server thread/TRACE] [REI] [REIPlugin END] Reloading Section: "start-reload/EntryTypeRegistryImpl/" done in 11.57 μs
[04:00:00] [Server thread/TRACE] [REI] [REIPlugin END] Reloading Section: "start-reload/EntrySettingsAdapterRegistryImpl/"
[04:00:00] [Server thread/TRACE] [REI] [REIPlugin END] Reloading Section: "start-reload/EntrySettingsAdapterRegistryImpl/" done in 7.183 μs
[04:00:00] [Server thread/TRACE] [REI] [REIPlugin END] Reloading Section: "start-reload/RecipeManagerContextImpl/"
[04:00:00] [Server thread/TRACE] [REI] [REIPlugin END] Reloading Section: "start-reload/RecipeManagerContextImpl/" done in 6.021 μs
[04:00:00] [Server thread/TRACE] [REI] [REIPlugin END] Reloading Section: "start-reload/ItemComparatorRegistryImpl/"
[04:00:00] [Server thread/TRACE] [REI] [REIPlugin END] Reloading Section: "start-reload/ItemComparatorRegistryImpl/" done in 5.400 μs
[04:00:00] [Server thread/TRACE] [REI] [REIPlugin END] Reloading Section: "start-reload/FluidComparatorRegistryImpl/"
[04:00:00] [Server thread/TRACE] [REI] [REIPlugin END] Reloading Section: "start-reload/FluidComparatorRegistryImpl/" done in 5.490 μs
[04:00:00] [Server thread/TRACE] [REI] [REIPlugin END] Reloading Section: "start-reload/DisplaySerializerRegistryImpl/"
[04:00:00] [Server thread/TRACE] [REI] [REIPlugin END] Reloading Section: "start-reload/DisplaySerializerRegistryImpl/" done in 6.021 μs
[04:00:00] [Server thread/TRACE] [REI] [REIPlugin END] Reloading Section: "start-reload/FluidSupportProviderImpl/"
[04:00:00] [Server thread/TRACE] [REI] [REIPlugin END] Reloading Section: "start-reload/FluidSupportProviderImpl/" done in 6.292 μs
[04:00:00] [Server thread/TRACE] [REI] [REIPlugin END] Reloading Section: "start-reload/" done in 770.9 μs
[04:00:00] [Server thread/DEBUG] [REI] ========================================
[04:00:00] [Server thread/DEBUG] [REI] REIPlugin started main-reload for END.
[04:00:00] [Server thread/DEBUG] [REI] ========================================
[04:00:00] [Server thread/TRACE] [REI] [REIPlugin END] Reloading Section: "reloadable-plugin/EntryTypeRegistryImpl/"
[04:00:00] [Server thread/TRACE] [REI] [REIPlugin END] Reloading Section: "reloadable-plugin/EntryTypeRegistryImpl/DefaultPlugin of DefaultPlugin [roughlyenoughitems]/"
[04:00:00] [Server thread/TRACE] [REI] [REIPlugin END] Reloading Section: "reloadable-plugin/EntryTypeRegistryImpl/DefaultPlugin of DefaultPlugin [roughlyenoughitems]/" done in 11.27 μs
[04:00:00] [Server thread/TRACE] [REI] [REIPlugin END] Reloading Section: "reloadable-plugin/EntryTypeRegistryImpl/FabricFluidAPISupportPlugin/"
[04:00:00] [Server thread/TRACE] [REI] [REIPlugin END] Reloading Section: "reloadable-plugin/EntryTypeRegistryImpl/FabricFluidAPISupportPlugin/" done in 10.27 μs
[04:00:00] [Server thread/TRACE] [REI] [REIPlugin END] Reloading Section: "reloadable-plugin/EntryTypeRegistryImpl/DefaultRuntimePlugin of DefaultRuntimePlugin [roughlyenoughitems]/"
[04:00:00] [Server thread/TRACE] [REI] [REIPlugin END] Reloading Section: "reloadable-plugin/EntryTypeRegistryImpl/DefaultRuntimePlugin of DefaultRuntimePlugin [roughlyenoughitems]/" done in 9.929 μs
[04:00:00] [Server thread/TRACE] [REI] [REIPlugin END] Reloading Section: "reloadable-plugin/EntryTypeRegistryImpl/AlloyForgeryCommonPlugin of AlloyForgeryCommonPlugin [alloy_forgery]/"
[04:00:00] [Server thread/TRACE] [REI] [REIPlugin END] Reloading Section: "reloadable-plugin/EntryTypeRegistryImpl/AlloyForgeryCommonPlugin of AlloyForgeryCommonPlugin [alloy_forgery]/" done in 10.31 μs
[04:00:00] [Server thread/TRACE] [REI] [REIPlugin END] Reloading Section: "reloadable-plugin/EntryTypeRegistryImpl/" done in 446.0 μs
[04:00:00] [Server thread/TRACE] [REI] [REIPlugin END] Reloading Section: "reloadable-plugin/EntrySettingsAdapterRegistryImpl/"
[04:00:00] [Server thread/TRACE] [REI] [REIPlugin END] Reloading Section: "reloadable-plugin/EntrySettingsAdapterRegistryImpl/DefaultPlugin of DefaultPlugin [roughlyenoughitems]/"
[04:00:00] [Server thread/TRACE] [REI] [REIPlugin END] Reloading Section: "reloadable-plugin/EntrySettingsAdapterRegistryImpl/DefaultPlugin of DefaultPlugin [roughlyenoughitems]/" done in 11.44 μs
[04:00:00] [Server thread/TRACE] [REI] [REIPlugin END] Reloading Section: "reloadable-plugin/EntrySettingsAdapterRegistryImpl/FabricFluidAPISupportPlugin/"
[04:00:00] [Server thread/TRACE] [REI] [REIPlugin END] Reloading Section: "reloadable-plugin/EntrySettingsAdapterRegistryImpl/FabricFluidAPISupportPlugin/" done in 11.12 μs
[04:00:00] [Server thread/TRACE] [REI] [REIPlugin END] Reloading Section: "reloadable-plugin/EntrySettingsAdapterRegistryImpl/DefaultRuntimePlugin of DefaultRuntimePlugin [roughlyenoughitems]/"
[04:00:00] [Server thread/TRACE] [REI] [REIPlugin END] Reloading Section: "reloadable-plugin/EntrySettingsAdapterRegistryImpl/DefaultRuntimePlugin of DefaultRuntimePlugin [roughlyenoughitems]/" done in 10.34 μs
[04:00:00] [Server thread/TRACE] [REI] [REIPlugin END] Reloading Section: "reloadable-plugin/EntrySettingsAdapterRegistryImpl/AlloyForgeryCommonPlugin of AlloyForgeryCommonPlugin [alloy_forgery]/"
[04:00:00] [Server thread/TRACE] [REI] [REIPlugin END] Reloading Section: "reloadable-plugin/EntrySettingsAdapterRegistryImpl/AlloyForgeryCommonPlugin of AlloyForgeryCommonPlugin [alloy_forgery]/" done in 10.22 μs
[04:00:00] [Server thread/TRACE] [REI] [REIPlugin END] Reloading Section: "reloadable-plugin/EntrySettingsAdapterRegistryImpl/" done in 410.3 μs
[04:00:00] [Server thread/TRACE] [REI] [REIPlugin END] Reloading Section: "reloadable-plugin/RecipeManagerContextImpl/"
[04:00:00] [Server thread/TRACE] [REI] [REIPlugin END] Reloading Section: "reloadable-plugin/RecipeManagerContextImpl/DefaultPlugin of DefaultPlugin [roughlyenoughitems]/"
[04:00:00] [Server thread/TRACE] [REI] [REIPlugin END] Reloading Section: "reloadable-plugin/RecipeManagerContextImpl/DefaultPlugin of DefaultPlugin [roughlyenoughitems]/" done in 9.427 μs
[04:00:00] [Server thread/TRACE] [REI] [REIPlugin END] Reloading Section: "reloadable-plugin/RecipeManagerContextImpl/FabricFluidAPISupportPlugin/"
[04:00:00] [Server thread/TRACE] [REI] [REIPlugin END] Reloading Section: "reloadable-plugin/RecipeManagerContextImpl/FabricFluidAPISupportPlugin/" done in 10.06 μs
[04:00:00] [Server thread/TRACE] [REI] [REIPlugin END] Reloading Section: "reloadable-plugin/RecipeManagerContextImpl/DefaultRuntimePlugin of DefaultRuntimePlugin [roughlyenoughitems]/"
[04:00:00] [Server thread/TRACE] [REI] [REIPlugin END] Reloading Section: "reloadable-plugin/RecipeManagerContextImpl/DefaultRuntimePlugin of DefaultRuntimePlugin [roughlyenoughitems]/" done in 9.818 μs
[04:00:00] [Server thread/TRACE] [REI] [REIPlugin END] Reloading Section: "reloadable-plugin/RecipeManagerContextImpl/AlloyForgeryCommonPlugin of AlloyForgeryCommonPlugin [alloy_forgery]/"
[04:00:00] [Server thread/TRACE] [REI] [REIPlugin END] Reloading Section: "reloadable-plugin/RecipeManagerContextImpl/AlloyForgeryCommonPlugin of AlloyForgeryCommonPlugin [alloy_forgery]/" done in 10.22 μs
[04:00:00] [Server thread/TRACE] [REI] [REIPlugin END] Reloading Section: "reloadable-plugin/RecipeManagerContextImpl/" done in 415.1 μs
[04:00:00] [Server thread/TRACE] [REI] [REIPlugin END] Reloading Section: "reloadable-plugin/ItemComparatorRegistryImpl/"
[04:00:00] [Server thread/TRACE] [REI] [REIPlugin END] Reloading Section: "reloadable-plugin/ItemComparatorRegistryImpl/DefaultPlugin of DefaultPlugin [roughlyenoughitems]/"
[04:00:00] [Server thread/TRACE] [REI] [REIPlugin END] Reloading Section: "reloadable-plugin/ItemComparatorRegistryImpl/DefaultPlugin of DefaultPlugin [roughlyenoughitems]/" done in 8.957 μs
[04:00:00] [Server thread/TRACE] [REI] [REIPlugin END] Reloading Section: "reloadable-plugin/ItemComparatorRegistryImpl/FabricFluidAPISupportPlugin/"
[04:00:00] [Server thread/TRACE] [REI] [REIPlugin END] Reloading Section: "reloadable-plugin/ItemComparatorRegistryImpl/FabricFluidAPISupportPlugin/" done in 9.588 μs
[04:00:00] [Server thread/TRACE] [REI] [REIPlugin END] Reloading Section: "reloadable-plugin/ItemComparatorRegistryImpl/DefaultRuntimePlugin of DefaultRuntimePlugin [roughlyenoughitems]/"
[04:00:00] [Server thread/TRACE] [REI] [REIPlugin END] Reloading Section: "reloadable-plugin/ItemComparatorRegistryImpl/DefaultRuntimePlugin of DefaultRuntimePlugin [roughlyenoughitems]/" done in 9.538 μs
[04:00:00] [Server thread/TRACE] [REI] [REIPlugin END] Reloading Section: "reloadable-plugin/ItemComparatorRegistryImpl/AlloyForgeryCommonPlugin of AlloyForgeryCommonPlugin [alloy_forgery]/"
[04:00:00] [Server thread/TRACE] [REI] [REIPlugin END] Reloading Section: "reloadable-plugin/ItemComparatorRegistryImpl/AlloyForgeryCommonPlugin of AlloyForgeryCommonPlugin [alloy_forgery]/" done in 9.117 μs
[04:00:00] [Server thread/TRACE] [REI] [REIPlugin END] Reloading Section: "reloadable-plugin/ItemComparatorRegistryImpl/" done in 344.7 μs
[04:00:00] [Server thread/TRACE] [REI] [REIPlugin END] Reloading Section: "reloadable-plugin/FluidComparatorRegistryImpl/"
[04:00:00] [Server thread/TRACE] [REI] [REIPlugin END] Reloading Section: "reloadable-plugin/FluidComparatorRegistryImpl/DefaultPlugin of DefaultPlugin [roughlyenoughitems]/"
[04:00:00] [Server thread/TRACE] [REI] [REIPlugin END] Reloading Section: "reloadable-plugin/FluidComparatorRegistryImpl/DefaultPlugin of DefaultPlugin [roughlyenoughitems]/" done in 8.496 μs
[04:00:00] [Server thread/TRACE] [REI] [REIPlugin END] Reloading Section: "reloadable-plugin/FluidComparatorRegistryImpl/FabricFluidAPISupportPlugin/"
[04:00:00] [Server thread/TRACE] [REI] [REIPlugin END] Reloading Section: "reloadable-plugin/FluidComparatorRegistryImpl/FabricFluidAPISupportPlugin/" done in 8.235 μs
[04:00:00] [Server thread/TRACE] [REI] [REIPlugin END] Reloading Section: "reloadable-plugin/FluidComparatorRegistryImpl/DefaultRuntimePlugin of DefaultRuntimePlugin [roughlyenoughitems]/"
[04:00:00] [Server thread/TRACE] [REI] [REIPlugin END] Reloading Section: "reloadable-plugin/FluidComparatorRegistryImpl/DefaultRuntimePlugin of DefaultRuntimePlugin [roughlyenoughitems]/" done in 8.035 μs
[04:00:00] [Server thread/TRACE] [REI] [REIPlugin END] Reloading Section: "reloadable-plugin/FluidComparatorRegistryImpl/AlloyForgeryCommonPlugin of AlloyForgeryCommonPlugin [alloy_forgery]/"
[04:00:00] [Server thread/TRACE] [REI] [REIPlugin END] Reloading Section: "reloadable-plugin/FluidComparatorRegistryImpl/AlloyForgeryCommonPlugin of AlloyForgeryCommonPlugin [alloy_forgery]/" done in 16.97 μs
[04:00:00] [Server thread/TRACE] [REI] [REIPlugin END] Reloading Section: "reloadable-plugin/FluidComparatorRegistryImpl/" done in 592.2 μs
[04:00:00] [Server thread/TRACE] [REI] [REIPlugin END] Reloading Section: "reloadable-plugin/DisplaySerializerRegistryImpl/"
[04:00:00] [Server thread/TRACE] [REI] [REIPlugin END] Reloading Section: "reloadable-plugin/DisplaySerializerRegistryImpl/DefaultPlugin of DefaultPlugin [roughlyenoughitems]/"
[04:00:00] [Server thread/TRACE] [REI] [REIPlugin END] Reloading Section: "reloadable-plugin/DisplaySerializerRegistryImpl/DefaultPlugin of DefaultPlugin [roughlyenoughitems]/" done in 48.64 μs
[04:00:00] [Server thread/TRACE] [REI] [REIPlugin END] Reloading Section: "reloadable-plugin/DisplaySerializerRegistryImpl/FabricFluidAPISupportPlugin/"
[04:00:00] [Server thread/TRACE] [REI] [REIPlugin END] Reloading Section: "reloadable-plugin/DisplaySerializerRegistryImpl/FabricFluidAPISupportPlugin/" done in 10.41 μs
[04:00:00] [Server thread/TRACE] [REI] [REIPlugin END] Reloading Section: "reloadable-plugin/DisplaySerializerRegistryImpl/DefaultRuntimePlugin of DefaultRuntimePlugin [roughlyenoughitems]/"
[04:00:00] [Server thread/TRACE] [REI] [REIPlugin END] Reloading Section: "reloadable-plugin/DisplaySerializerRegistryImpl/DefaultRuntimePlugin of DefaultRuntimePlugin [roughlyenoughitems]/" done in 9.868 μs
[04:00:00] [Server thread/TRACE] [REI] [REIPlugin END] Reloading Section: "reloadable-plugin/DisplaySerializerRegistryImpl/AlloyForgeryCommonPlugin of AlloyForgeryCommonPlugin [alloy_forgery]/"
[04:00:00] [Server thread/TRACE] [REI] [REIPlugin END] Reloading Section: "reloadable-plugin/DisplaySerializerRegistryImpl/AlloyForgeryCommonPlugin of AlloyForgeryCommonPlugin [alloy_forgery]/" done in 10.13 μs
[04:00:00] [Server thread/TRACE] [REI] [REIPlugin END] Reloading Section: "reloadable-plugin/DisplaySerializerRegistryImpl/" done in 376.2 μs
[04:00:00] [Server thread/TRACE] [REI] [REIPlugin END] Reloading Section: "reloadable-plugin/FluidSupportProviderImpl/"
[04:00:00] [Server thread/TRACE] [REI] [REIPlugin END] Reloading Section: "reloadable-plugin/FluidSupportProviderImpl/DefaultPlugin of DefaultPlugin [roughlyenoughitems]/"
[04:00:00] [Server thread/TRACE] [REI] [REIPlugin END] Reloading Section: "reloadable-plugin/FluidSupportProviderImpl/DefaultPlugin of DefaultPlugin [roughlyenoughitems]/" done in 9.217 μs
[04:00:00] [Server thread/TRACE] [REI] [REIPlugin END] Reloading Section: "reloadable-plugin/FluidSupportProviderImpl/FabricFluidAPISupportPlugin/"
[04:00:00] [Server thread/TRACE] [REI] [REIPlugin END] Reloading Section: "reloadable-plugin/FluidSupportProviderImpl/FabricFluidAPISupportPlugin/" done in 10.39 μs
[04:00:00] [Server thread/TRACE] [REI] [REIPlugin END] Reloading Section: "reloadable-plugin/FluidSupportProviderImpl/DefaultRuntimePlugin of DefaultRuntimePlugin [roughlyenoughitems]/"
[04:00:00] [Server thread/TRACE] [REI] [REIPlugin END] Reloading Section: "reloadable-plugin/FluidSupportProviderImpl/DefaultRuntimePlugin of DefaultRuntimePlugin [roughlyenoughitems]/" done in 9.148 μs
[04:00:00] [Server thread/TRACE] [REI] [REIPlugin END] Reloading Section: "reloadable-plugin/FluidSupportProviderImpl/AlloyForgeryCommonPlugin of AlloyForgeryCommonPlugin [alloy_forgery]/"
[04:00:00] [Server thread/TRACE] [REI] [REIPlugin END] Reloading Section: "reloadable-plugin/FluidSupportProviderImpl/AlloyForgeryCommonPlugin of AlloyForgeryCommonPlugin [alloy_forgery]/" done in 9.387 μs
[04:00:00] [Server thread/TRACE] [REI] [REIPlugin END] Reloading Section: "reloadable-plugin/FluidSupportProviderImpl/" done in 355.4 μs
[04:00:00] [Server thread/DEBUG] [REI] ========================================
[04:00:00] [Server thread/DEBUG] [REI] REIPlugin ending main-reload for END.
[04:00:00] [Server thread/DEBUG] [REI] ========================================
[04:00:00] [Server thread/TRACE] [REI] [REIPlugin END] Reloading Section: "end-reload/"
[04:00:00] [Server thread/TRACE] [REI] [REIPlugin END] Reloading Section: "end-reload/EntryTypeRegistryImpl/"
[04:00:00] [Server thread/TRACE] [REI] [REIPlugin END] Reloading Section: "end-reload/EntryTypeRegistryImpl/" done in 6.533 μs
[04:00:00] [Server thread/TRACE] [REI] [REIPlugin END] Reloading Section: "end-reload/EntrySettingsAdapterRegistryImpl/"
[04:00:00] [Server thread/TRACE] [REI] [REIPlugin END] Reloading Section: "end-reload/EntrySettingsAdapterRegistryImpl/" done in 4.699 μs
[04:00:00] [Server thread/TRACE] [REI] [REIPlugin END] Reloading Section: "end-reload/RecipeManagerContextImpl/"
[04:00:00] [Server thread/TRACE] [REI] [REIPlugin END] Reloading Section: "end-reload/RecipeManagerContextImpl/" done in 5.470 μs
[04:00:00] [Server thread/TRACE] [REI] [REIPlugin END] Reloading Section: "end-reload/ItemComparatorRegistryImpl/"
[04:00:00] [Server thread/TRACE] [REI] [REIPlugin END] Reloading Section: "end-reload/ItemComparatorRegistryImpl/" done in 7.324 μs
[04:00:00] [Server thread/TRACE] [REI] [REIPlugin END] Reloading Section: "end-reload/FluidComparatorRegistryImpl/"
[04:00:00] [Server thread/TRACE] [REI] [REIPlugin END] Reloading Section: "end-reload/FluidComparatorRegistryImpl/" done in 5.451 μs
[04:00:00] [Server thread/TRACE] [REI] [REIPlugin END] Reloading Section: "end-reload/DisplaySerializerRegistryImpl/"
[04:00:00] [Server thread/TRACE] [REI] [REIPlugin END] Reloading Section: "end-reload/DisplaySerializerRegistryImpl/" done in 5.260 μs
[04:00:00] [Server thread/TRACE] [REI] [REIPlugin END] Reloading Section: "end-reload/FluidSupportProviderImpl/"
[04:00:00] [Server thread/TRACE] [REI] [REIPlugin END] Reloading Section: "end-reload/FluidSupportProviderImpl/" done in 6.051 μs
[04:00:00] [Server thread/TRACE] [REI] [REIPlugin END] Reloading Section: "end-reload/" done in 586.2 μs
[04:00:00] [Server thread/DEBUG] [REI] ========================================
[04:00:00] [Server thread/DEBUG] [REI] REIPlugin ended main-reload for END in 6.002 ms.
[04:00:00] [Server thread/DEBUG] [REI] ========================================
[04:00:00] [Server thread/INFO] [REI] ----------------------------------------
[04:00:00] [Server thread/INFO] [REI] REIServerPlugin starting main-reload for END.
[04:00:00] [Server thread/DEBUG] [REI] Reloadables (2):
[04:00:00] [Server thread/DEBUG] [REI]  - MenuInfoRegistryImpl
[04:00:00] [Server thread/DEBUG] [REI]  - SlotAccessorRegistryImpl
[04:00:00] [Server thread/INFO] [REI] Plugins (4):
[04:00:00] [Server thread/INFO] [REI]  - (-100.00) DefaultPlugin of DefaultPlugin [roughlyenoughitems]
[04:00:00] [Server thread/INFO] [REI]  - (0.00) FabricFluidAPISupportPlugin
[04:00:00] [Server thread/INFO] [REI]  - (0.00) DefaultRuntimePlugin of DefaultRuntimePlugin [roughlyenoughitems]
[04:00:00] [Server thread/INFO] [REI]  - (0.00) AlloyForgeryCommonPlugin of AlloyForgeryCommonPlugin [alloy_forgery]
[04:00:00] [Server thread/INFO] [REI] ----------------------------------------
[04:00:00] [Server thread/TRACE] [REI] [REIServerPlugin END] Reloading Section: "start-reload/"
[04:00:00] [Server thread/TRACE] [REI] [REIServerPlugin END] Reloading Section: "start-reload/MenuInfoRegistryImpl/"
[04:00:00] [Server thread/TRACE] [REI] [REIServerPlugin END] Reloading Section: "start-reload/MenuInfoRegistryImpl/" done in 14.76 μs
[04:00:00] [Server thread/TRACE] [REI] [REIServerPlugin END] Reloading Section: "start-reload/SlotAccessorRegistryImpl/"
[04:00:00] [Server thread/TRACE] [REI] [REIServerPlugin END] Reloading Section: "start-reload/SlotAccessorRegistryImpl/" done in 6.713 μs
[04:00:00] [Server thread/TRACE] [REI] [REIServerPlugin END] Reloading Section: "start-reload/" done in 172.1 μs
[04:00:00] [Server thread/DEBUG] [REI] ========================================
[04:00:00] [Server thread/DEBUG] [REI] REIServerPlugin started main-reload for END.
[04:00:00] [Server thread/DEBUG] [REI] ========================================
[04:00:00] [Server thread/TRACE] [REI] [REIServerPlugin END] Reloading Section: "reloadable-plugin/MenuInfoRegistryImpl/"
[04:00:00] [Server thread/TRACE] [REI] [REIServerPlugin END] Reloading Section: "reloadable-plugin/MenuInfoRegistryImpl/DefaultPlugin of DefaultPlugin [roughlyenoughitems]/"
[04:00:00] [Server thread/TRACE] [REI] [REIServerPlugin END] Reloading Section: "reloadable-plugin/MenuInfoRegistryImpl/DefaultPlugin of DefaultPlugin [roughlyenoughitems]/" done in 10.60 μs
[04:00:00] [Server thread/TRACE] [REI] [REIServerPlugin END] Reloading Section: "reloadable-plugin/MenuInfoRegistryImpl/FabricFluidAPISupportPlugin/"
[04:00:00] [Server thread/TRACE] [REI] [REIServerPlugin END] Reloading Section: "reloadable-plugin/MenuInfoRegistryImpl/FabricFluidAPISupportPlugin/" done in 8.906 μs
[04:00:00] [Server thread/TRACE] [REI] [REIServerPlugin END] Reloading Section: "reloadable-plugin/MenuInfoRegistryImpl/DefaultRuntimePlugin of DefaultRuntimePlugin [roughlyenoughitems]/"
[04:00:00] [Server thread/TRACE] [REI] [REIServerPlugin END] Reloading Section: "reloadable-plugin/MenuInfoRegistryImpl/DefaultRuntimePlugin of DefaultRuntimePlugin [roughlyenoughitems]/" done in 9.107 μs
[04:00:00] [Server thread/TRACE] [REI] [REIServerPlugin END] Reloading Section: "reloadable-plugin/MenuInfoRegistryImpl/AlloyForgeryCommonPlugin of AlloyForgeryCommonPlugin [alloy_forgery]/"
[04:00:00] [Server thread/DEBUG] [REI] Added menu info for class wraith.alloyforgery.AlloyForgeScreenHandler [alloy_forgery:forging]: me.shedaniel.rei.api.common.transfer.info.simple.SimpleMenuInfoProvider$$Lambda$21906/0x0000732f52d24df0@130f0a2e
[04:00:00] [Server thread/TRACE] [REI] [REIServerPlugin END] Reloading Section: "reloadable-plugin/MenuInfoRegistryImpl/AlloyForgeryCommonPlugin of AlloyForgeryCommonPlugin [alloy_forgery]/" done in 76.72 μs
[04:00:00] [Server thread/TRACE] [REI] [REIServerPlugin END] Reloading Section: "reloadable-plugin/MenuInfoRegistryImpl/" done in 521.8 μs
[04:00:00] [Server thread/TRACE] [REI] [REIServerPlugin END] Reloading Section: "reloadable-plugin/SlotAccessorRegistryImpl/"
[04:00:00] [Server thread/TRACE] [REI] [REIServerPlugin END] Reloading Section: "reloadable-plugin/SlotAccessorRegistryImpl/DefaultPlugin of DefaultPlugin [roughlyenoughitems]/"
[04:00:00] [Server thread/TRACE] [REI] [REIServerPlugin END] Reloading Section: "reloadable-plugin/SlotAccessorRegistryImpl/DefaultPlugin of DefaultPlugin [roughlyenoughitems]/" done in 8.766 μs
[04:00:00] [Server thread/TRACE] [REI] [REIServerPlugin END] Reloading Section: "reloadable-plugin/SlotAccessorRegistryImpl/FabricFluidAPISupportPlugin/"
[04:00:00] [Server thread/TRACE] [REI] [REIServerPlugin END] Reloading Section: "reloadable-plugin/SlotAccessorRegistryImpl/FabricFluidAPISupportPlugin/" done in 8.125 μs
[04:00:00] [Server thread/TRACE] [REI] [REIServerPlugin END] Reloading Section: "reloadable-plugin/SlotAccessorRegistryImpl/DefaultRuntimePlugin of DefaultRuntimePlugin [roughlyenoughitems]/"
[04:00:00] [Server thread/DEBUG] [REI] Added slot accessor serializer: me.shedaniel.rei.plugin.common.runtime.DefaultRuntimePlugin$1@3631d968 [roughlyenoughitems:vanilla]
[04:00:00] [Server thread/DEBUG] [REI] Added slot accessor serializer: me.shedaniel.rei.plugin.common.runtime.DefaultRuntimePlugin$2@1febf9a2 [roughlyenoughitems:player]
[04:00:00] [Server thread/TRACE] [REI] [REIServerPlugin END] Reloading Section: "reloadable-plugin/SlotAccessorRegistryImpl/DefaultRuntimePlugin of DefaultRuntimePlugin [roughlyenoughitems]/" done in 70.42 μs
[04:00:00] [Server thread/TRACE] [REI] [REIServerPlugin END] Reloading Section: "reloadable-plugin/SlotAccessorRegistryImpl/AlloyForgeryCommonPlugin of AlloyForgeryCommonPlugin [alloy_forgery]/"
[04:00:00] [Server thread/TRACE] [REI] [REIServerPlugin END] Reloading Section: "reloadable-plugin/SlotAccessorRegistryImpl/AlloyForgeryCommonPlugin of AlloyForgeryCommonPlugin [alloy_forgery]/" done in 7.774 μs
[04:00:00] [Server thread/TRACE] [REI] [REIServerPlugin END] Reloading Section: "reloadable-plugin/SlotAccessorRegistryImpl/" done in 398.8 μs
[04:00:00] [Server thread/DEBUG] [REI] ========================================
[04:00:00] [Server thread/DEBUG] [REI] REIServerPlugin ending main-reload for END.
[04:00:00] [Server thread/DEBUG] [REI] ========================================
[04:00:00] [Server thread/TRACE] [REI] [REIServerPlugin END] Reloading Section: "end-reload/"
[04:00:00] [Server thread/TRACE] [REI] [REIServerPlugin END] Reloading Section: "end-reload/MenuInfoRegistryImpl/"
[04:00:00] [Server thread/DEBUG] [REI] Registered 1 menu infos
[04:00:00] [Server thread/TRACE] [REI] [REIServerPlugin END] Reloading Section: "end-reload/MenuInfoRegistryImpl/" done in 29.70 μs
[04:00:00] [Server thread/TRACE] [REI] [REIServerPlugin END] Reloading Section: "end-reload/SlotAccessorRegistryImpl/"
[04:00:00] [Server thread/DEBUG] [REI] Registered 2 slot accessor serializers
[04:00:00] [Server thread/TRACE] [REI] [REIServerPlugin END] Reloading Section: "end-reload/SlotAccessorRegistryImpl/" done in 30.70 μs
[04:00:00] [Server thread/TRACE] [REI] [REIServerPlugin END] Reloading Section: "end-reload/" done in 214.3 μs
[04:00:00] [Server thread/DEBUG] [REI] ========================================
[04:00:00] [Server thread/DEBUG] [REI] REIServerPlugin ended main-reload for END in 3.127 ms.
[04:00:00] [Server thread/DEBUG] [REI] ========================================
[04:00:00] [Server thread/DEBUG] [REI] ========================================
[04:00:00] [Server thread/DEBUG] [REI] REIPlugin starting post-reload for END.
[04:00:00] [Server thread/DEBUG] [REI] Reloadables (7):
[04:00:00] [Server thread/DEBUG] [REI]  - EntryTypeRegistryImpl
[04:00:00] [Server thread/DEBUG] [REI]  - EntrySettingsAdapterRegistryImpl
[04:00:00] [Server thread/DEBUG] [REI]  - RecipeManagerContextImpl
[04:00:00] [Server thread/DEBUG] [REI]  - ItemComparatorRegistryImpl
[04:00:00] [Server thread/DEBUG] [REI]  - FluidComparatorRegistryImpl
[04:00:00] [Server thread/DEBUG] [REI]  - DisplaySerializerRegistryImpl
[04:00:00] [Server thread/DEBUG] [REI]  - FluidSupportProviderImpl
[04:00:00] [Server thread/DEBUG] [REI] Plugins (4):
[04:00:00] [Server thread/DEBUG] [REI]  - (-100.00) DefaultPlugin of DefaultPlugin [roughlyenoughitems]
[04:00:00] [Server thread/DEBUG] [REI]  - (0.00) FabricFluidAPISupportPlugin
[04:00:00] [Server thread/DEBUG] [REI]  - (0.00) DefaultRuntimePlugin of DefaultRuntimePlugin [roughlyenoughitems]
[04:00:00] [Server thread/DEBUG] [REI]  - (0.00) AlloyForgeryCommonPlugin of AlloyForgeryCommonPlugin [alloy_forgery]
[04:00:00] [Server thread/DEBUG] [REI] ========================================
[04:00:00] [Server thread/TRACE] [REI] [REIPlugin END] Reloading Section: "post-register/"
[04:00:00] [Server thread/TRACE] [REI] [REIPlugin END] Reloading Section: "post-register/DefaultPlugin of DefaultPlugin [roughlyenoughitems]/"
[04:00:00] [Server thread/TRACE] [REI] [REIPlugin END] Reloading Section: "post-register/DefaultPlugin of DefaultPlugin [roughlyenoughitems]/" done in 9.899 μs
[04:00:00] [Server thread/TRACE] [REI] [REIPlugin END] Reloading Section: "post-register/FabricFluidAPISupportPlugin/"
[04:00:00] [Server thread/TRACE] [REI] [REIPlugin END] Reloading Section: "post-register/FabricFluidAPISupportPlugin/" done in 6.973 μs
[04:00:00] [Server thread/TRACE] [REI] [REIPlugin END] Reloading Section: "post-register/DefaultRuntimePlugin of DefaultRuntimePlugin [roughlyenoughitems]/"
[04:00:00] [Server thread/TRACE] [REI] [REIPlugin END] Reloading Section: "post-register/DefaultRuntimePlugin of DefaultRuntimePlugin [roughlyenoughitems]/" done in 6.042 μs
[04:00:00] [Server thread/TRACE] [REI] [REIPlugin END] Reloading Section: "post-register/AlloyForgeryCommonPlugin of AlloyForgeryCommonPlugin [alloy_forgery]/"
[04:00:00] [Server thread/TRACE] [REI] [REIPlugin END] Reloading Section: "post-register/AlloyForgeryCommonPlugin of AlloyForgeryCommonPlugin [alloy_forgery]/" done in 6.542 μs
[04:00:00] [Server thread/TRACE] [REI] [REIPlugin END] Reloading Section: "post-register/" done in 345.1 μs
[04:00:00] [Server thread/TRACE] [REI] [REIPlugin END] Reloading Section: "post-stage/"
[04:00:00] [Server thread/TRACE] [REI] [REIPlugin END] Reloading Section: "post-stage/EntryTypeRegistryImpl/"
[04:00:00] [Server thread/TRACE] [REI] [REIPlugin END] Reloading Section: "post-stage/EntryTypeRegistryImpl/" done in 4.408 μs
[04:00:00] [Server thread/TRACE] [REI] [REIPlugin END] Reloading Section: "post-stage/EntrySettingsAdapterRegistryImpl/"
[04:00:00] [Server thread/TRACE] [REI] [REIPlugin END] Reloading Section: "post-stage/EntrySettingsAdapterRegistryImpl/" done in 4.278 μs
[04:00:00] [Server thread/TRACE] [REI] [REIPlugin END] Reloading Section: "post-stage/RecipeManagerContextImpl/"
[04:00:00] [Server thread/TRACE] [REI] [REIPlugin END] Reloading Section: "post-stage/RecipeManagerContextImpl/" done in 6.161 μs
[04:00:00] [Server thread/TRACE] [REI] [REIPlugin END] Reloading Section: "post-stage/ItemComparatorRegistryImpl/"
[04:00:00] [Server thread/TRACE] [REI] [REIPlugin END] Reloading Section: "post-stage/ItemComparatorRegistryImpl/" done in 4.859 μs
[04:00:00] [Server thread/TRACE] [REI] [REIPlugin END] Reloading Section: "post-stage/FluidComparatorRegistryImpl/"
[04:00:00] [Server thread/TRACE] [REI] [REIPlugin END] Reloading Section: "post-stage/FluidComparatorRegistryImpl/" done in 4.158 μs
[04:00:00] [Server thread/TRACE] [REI] [REIPlugin END] Reloading Section: "post-stage/DisplaySerializerRegistryImpl/"
[04:00:00] [Server thread/TRACE] [REI] [REIPlugin END] Reloading Section: "post-stage/DisplaySerializerRegistryImpl/" done in 5.209 μs
[04:00:00] [Server thread/TRACE] [REI] [REIPlugin END] Reloading Section: "post-stage/FluidSupportProviderImpl/"
[04:00:00] [Server thread/TRACE] [REI] [REIPlugin END] Reloading Section: "post-stage/FluidSupportProviderImpl/" done in 7.715 μs
[04:00:00] [Server thread/TRACE] [REI] [REIPlugin END] Reloading Section: "post-stage/" done in 649.5 μs
[04:00:00] [Server thread/DEBUG] [REI] ========================================
[04:00:00] [Server thread/INFO] [REI] REIPlugin finished post-reload for END in 1.106 ms, totaling 11.56 ms.
[04:00:00] [Server thread/DEBUG] [REI] ========================================
[04:00:00] [Server thread/DEBUG] [REI] ========================================
[04:00:00] [Server thread/DEBUG] [REI] REIServerPlugin starting post-reload for END.
[04:00:00] [Server thread/DEBUG] [REI] Reloadables (2):
[04:00:00] [Server thread/DEBUG] [REI]  - MenuInfoRegistryImpl
[04:00:00] [Server thread/DEBUG] [REI]  - SlotAccessorRegistryImpl
[04:00:00] [Server thread/DEBUG] [REI] Plugins (4):
[04:00:00] [Server thread/DEBUG] [REI]  - (-100.00) DefaultPlugin of DefaultPlugin [roughlyenoughitems]
[04:00:00] [Server thread/DEBUG] [REI]  - (0.00) FabricFluidAPISupportPlugin
[04:00:00] [Server thread/DEBUG] [REI]  - (0.00) DefaultRuntimePlugin of DefaultRuntimePlugin [roughlyenoughitems]
[04:00:00] [Server thread/DEBUG] [REI]  - (0.00) AlloyForgeryCommonPlugin of AlloyForgeryCommonPlugin [alloy_forgery]
[04:00:00] [Server thread/DEBUG] [REI] ========================================
[04:00:00] [Server thread/TRACE] [REI] [REIServerPlugin END] Reloading Section: "post-register/"
[04:00:00] [Server thread/TRACE] [REI] [REIServerPlugin END] Reloading Section: "post-register/DefaultPlugin of DefaultPlugin [roughlyenoughitems]/"
[04:00:00] [Server thread/TRACE] [REI] [REIServerPlugin END] Reloading Section: "post-register/DefaultPlugin of DefaultPlugin [roughlyenoughitems]/" done in 8.666 μs
[04:00:00] [Server thread/TRACE] [REI] [REIServerPlugin END] Reloading Section: "post-register/FabricFluidAPISupportPlugin/"
[04:00:00] [Server thread/TRACE] [REI] [REIServerPlugin END] Reloading Section: "post-register/FabricFluidAPISupportPlugin/" done in 6.261 μs
[04:00:00] [Server thread/TRACE] [REI] [REIServerPlugin END] Reloading Section: "post-register/DefaultRuntimePlugin of DefaultRuntimePlugin [roughlyenoughitems]/"
[04:00:00] [Server thread/TRACE] [REI] [REIServerPlugin END] Reloading Section: "post-register/DefaultRuntimePlugin of DefaultRuntimePlugin [roughlyenoughitems]/" done in 5.881 μs
[04:00:00] [Server thread/TRACE] [REI] [REIServerPlugin END] Reloading Section: "post-register/AlloyForgeryCommonPlugin of AlloyForgeryCommonPlugin [alloy_forgery]/"
[04:00:00] [Server thread/TRACE] [REI] [REIServerPlugin END] Reloading Section: "post-register/AlloyForgeryCommonPlugin of AlloyForgeryCommonPlugin [alloy_forgery]/" done in 4.960 μs
[04:00:00] [Server thread/TRACE] [REI] [REIServerPlugin END] Reloading Section: "post-register/" done in 194.0 μs
[04:00:00] [Server thread/TRACE] [REI] [REIServerPlugin END] Reloading Section: "post-stage/"
[04:00:00] [Server thread/TRACE] [REI] [REIServerPlugin END] Reloading Section: "post-stage/MenuInfoRegistryImpl/"
[04:00:00] [Server thread/TRACE] [REI] [REIServerPlugin END] Reloading Section: "post-stage/MenuInfoRegistryImpl/" done in 4.108 μs
[04:00:00] [Server thread/TRACE] [REI] [REIServerPlugin END] Reloading Section: "post-stage/SlotAccessorRegistryImpl/"
[04:00:00] [Server thread/TRACE] [REI] [REIServerPlugin END] Reloading Section: "post-stage/SlotAccessorRegistryImpl/" done in 4.097 μs
[04:00:00] [Server thread/TRACE] [REI] [REIServerPlugin END] Reloading Section: "post-stage/" done in 82.34 μs
[04:00:00] [Server thread/DEBUG] [REI] ========================================
[04:00:00] [Server thread/INFO] [REI] REIServerPlugin finished post-reload for END in 354.3 μs, totaling 3.990 ms.
[04:00:00] [Server thread/DEBUG] [REI] ========================================
